id,failure
26570,0.4355716004813478
26571,0.1979783393501805
26572,0.3584115523465704
26573,0.3496510228640193
26574,0.9722262334536702
26575,0.12223826714801445
26576,0.14348977135980745
26577,0.7350661853188929
26578,0.02948255114320096
26579,0.18799037304452468
26580,0.07465703971119134
26581,0.4609626955475331
26582,0.48009626955475326
26583,0.3953309265944645
26584,0.6677737665463297
26585,0.270661853188929
26586,0.2247653429602888
26587,0.16074608904933813
26588,0.6642839951865223
26589,0.2932851985559567
26590,0.29995186522262335
26591,0.7316486161251504
26592,0.6863778580024067
26593,0.32596871239470515
26594,0.2267870036101083
26595,0.6709987966305655
26596,0.7387966305655836
26597,0.36471720818291214
26598,0.8372322503008423
26599,0.26019253910950657
26600,0.38416365824308063
26601,0.7100601684717208
26602,0.9374488567990373
26603,0.5042358604091456
26604,0.2056317689530686
26605,0.1401684717208183
26606,0.053790613718411553
26607,0.3245006016847172
26608,0.08074608904933815
26609,0.7235138387484958
26610,0.29388688327316487
26611,0.23961492178098676
26612,0.009747292418772563
26613,0.4975210589651023
26614,0.2092418772563177
26615,0.3182190132370638
26616,0.2591095066185319
26617,0.05299638989169675
26618,0.9814440433212996
26619,0.2283513838748496
26620,0.38267148014440433
26621,0.22541516245487364
26622,0.40346570397111914
26623,0.5515042117930204
26624,0.4052226233453671
26625,0.45971119133574007
26626,0.0913598074608905
26627,0.9774488567990374
26628,0.03937424789410349
26629,0.9472202166064982
26630,0.2670517448856799
26631,0.7432490974729242
26632,0.7419735258724429
26633,0.29208182912154035
26634,0.6203128760529483
26635,0.7530204572803851
26636,0.99352587244284
26637,0.5330204572803852
26638,0.8714560770156439
26639,0.1690734055354994
26640,0.5439229843561973
26641,0.5394945848375452
26642,0.8564620938628158
26643,0.7183152827918171
26644,0.21318892900120337
26645,0.2875571600481348
26646,0.7310950661853188
26647,0.7315764139590855
26648,0.3293862815884476
26649,0.6247172081829122
26650,0.5469314079422383
26651,0.4026233453670277
26652,0.7351865222623346
26653,0.4002406738868833
26654,0.8659687123947052
26655,0.7339109506618532
26656,0.22921780986762935
26657,0.548977135980746
26658,0.7313838748495788
26659,0.3419013237063778
26660,0.541395908543923
26661,0.2857039711191336
26662,0.20315282791817088
26663,0.8290734055354994
26664,0.26746089049338145
26665,0.20929001203369435
26666,0.02009626955475331
26667,0.5521058965102286
26668,0.6369434416365825
26669,0.06091456077015644
26670,0.24358604091456076
26671,0.09475330926594465
26672,0.3590854392298436
26673,0.3697954271961492
26674,0.0750661853188929
26675,0.35569193742478944
26676,0.09287605294825511
26677,0.9687845968712394
26678,0.26127557160048137
26679,0.5823104693140795
26680,0.29290012033694346
26681,0.9552346570397112
26682,0.23432009626955475
26683,0.9219735258724429
26684,0.7266425992779784
26685,0.29995186522262335
26686,0.47157641395908545
26687,0.7653188929001203
26688,0.8166064981949459
26689,0.7286161251504212
26690,0.2330445246690734
26691,0.4332851985559567
26692,0.769121540312876
26693,0.42851985559566785
26694,0.2753309265944645
26695,0.9405294825511432
26696,0.7359326113116726
26697,0.2579783393501805
26698,0.6048856799037305
26699,0.02216606498194946
26700,0.2718411552346571
26701,0.4073164861612515
26702,0.801540312876053
26703,0.40873646209386283
26704,0.33126353790613716
26705,0.7052707581227438
26706,0.7222864019253912
26707,0.6637785800240674
26708,0.5503249097472924
26709,0.04596871239470518
26710,0.7660890493381468
26711,0.5
26712,0.38466907340553547
26713,0.9315764139590854
26714,0.8248616125150421
26715,0.6744404332129964
26716,0.4968231046931408
26717,0.3451985559566787
26718,0.641251504211793
26719,0.43896510228640195
26720,0.23034897713598074
26721,0.08666666666666667
26722,0.9371119133574006
26723,0.41253910950661854
26724,0.5987003610108304
26725,0.4721780986762936
26726,0.374921780986763
26727,0.3394705174488568
26728,0.3006257521058965
26729,0.48204572803850787
26730,0.5737665463297232
26731,0.8900842358604091
26732,0.19845968712394707
26733,0.5232490974729243
26734,0.48305655836341754
26735,0.8130445246690734
26736,0.27910950661853184
26737,0.22004813477737667
26738,0.5169675090252708
26739,0.9796630565583634
26740,0.4284717208182912
26741,0.9227196149217809
26742,0.8685439229843561
26743,0.6954512635379062
26744,0.6390854392298435
26745,0.7194464500601685
26746,0.1524909747292419
26747,0.715884476534296
26748,0.07963898916967509
26749,0.7384115523465704
26750,0.2368953068592058
26751,0.6349217809867629
26752,0.7070517448856799
26753,0.2461612515042118
26754,0.5731167268351384
26755,0.06741275571600482
26756,0.10077015643802648
26757,0.7664981949458484
26758,0.858531889290012
26759,0.6770878459687124
26760,0.8548255114320096
26761,0.14883273164861613
26762,0.03766546329723225
26763,0.32117930204572803
26764,0.193309265944645
26765,0.3072924187725632
26766,0.09504211793020458
26767,0.19359807460890494
26768,0.679109506618532
26769,0.1664981949458484
26770,0.8650782190132371
26771,0.6314560770156438
26772,0.06592057761732853
26773,0.43540312876052945
26774,0.9530926594464502
26775,0.29689530685920573
26776,0.01542719614921781
26777,0.2509025270758123
26778,0.6274127557160047
26779,0.7750902527075811
26780,0.3035138387484958
26781,0.5271239470517449
26782,0.8081347773766546
26783,0.9721540312876054
26784,0.10524669073405535
26785,0.6233453670276775
26786,0.026594464500601687
26787,0.054368231046931406
26788,0.6136462093862816
26789,0.8378580024067388
26790,0.057328519855595665
26791,0.8013477737665464
26792,0.72676293622142
26793,0.8441395908543923
26794,0.4393742478941035
26795,0.6840673886883273
26796,0.8342960288808665
26797,0.4553068592057762
26798,0.41968712394705177
26799,0.7485679903730446
26800,0.6627677496991576
26801,0.8125391095066186
26802,0.6162214199759326
26803,0.4048856799037304
26804,0.6544645006016847
26805,0.6203610108303249
26806,0.8595908543922985
26807,0.7747292418772562
26808,0.6476774969915764
26809,0.8745607701564381
26810,0.46681107099879665
26811,0.19212996389891696
26812,0.5619494584837545
26813,0.582719614921781
26814,0.8845487364620939
26815,0.5587966305655836
26816,0.8262334536702768
26817,0.6646690734055355
26818,0.05290012033694344
26819,0.41995186522262334
26820,0.051768953068592055
26821,0.1636101083032491
26822,0.8001925391095066
26823,0.24267148014440434
26824,0.7070276774969916
26825,0.7196871239470517
26826,0.041083032490974725
26827,0.36019253910950666
26828,0.8955475330926594
26829,0.10657039711191336
26830,0.630806257521059
26831,0.07689530685920577
26832,0.6021901323706378
26833,0.7714320096269555
26834,0.9673646209386282
26835,0.3884717208182912
26836,0.6592057761732852
26837,0.7444283995186523
26838,0.09251504211793021
26839,0.6151383874849579
26840,0.4665703971119134
26841,0.2606979542719615
26842,0.9263778580024067
26843,0.8625511432009627
26844,0.9118652226233454
26845,0.24435619735258723
26846,0.9881347773766547
26847,0.6170156438026475
26848,0.08127557160048135
26849,0.5107099879663057
26850,0.5976895306859206
26851,0.4376173285198556
26852,0.6121299638989169
26853,0.21610108303249098
26854,0.9931889290012034
26855,0.6099157641395909
26856,0.9325150421179302
26857,0.1661853188929001
26858,0.4461612515042118
26859,0.10064981949458485
26860,0.6673164861612515
26861,0.39477737665463297
26862,0.3222623345367027
26863,0.09747292418772563
26864,0.6104933814681107
26865,0.05605294825511432
26866,0.8084957882069795
26867,0.4368712394705174
26868,0.6515282791817087
26869,0.9381949458483755
26870,0.22464500601684717
26871,0.529193742478941
26872,0.5635138387484957
26873,0.45299638989169677
26874,0.1476774969915764
26875,0.01121540312876053
26876,0.32517448856799036
26877,0.6955475330926595
26878,0.9417328519855596
26879,0.2858243080625752
26880,0.3410830324909747
26881,0.5676774969915764
26882,0.2744645006016847
26883,0.39523465703971117
26884,0.7190373044524669
26885,0.7219494584837545
26886,0.41730445246690734
26887,0.4281347773766546
26888,0.03299638989169675
26889,0.40411552346570395
26890,0.3849578820697954
26891,0.00098676293622142
26892,0.20413959085439232
26893,0.4185800240673887
26894,0.90028880866426
26895,0.9078219013237063
26896,0.8890012033694343
26897,0.1703971119133574
26898,0.17482551143200964
26899,0.4852707581227437
26900,0.014897713598074607
26901,0.5976173285198556
26902,0.3224548736462094
26903,0.2726353790613718
26904,0.29665463297232253
26905,0.840361010830325
26906,0.7327797833935018
26907,0.3618291215403129
26908,0.7245968712394706
26909,0.9059205776173285
26910,0.6160529482551143
26911,0.3710469314079422
26912,0.023610108303249097
26913,0.7701564380264742
26914,0.05850782190132371
26915,0.5481107099879663
26916,0.048134777376654635
26917,0.8662093862815885
26918,0.6765583634175691
26919,0.8170637785800241
26920,0.7183634175691938
26921,0.0846690734055355
26922,0.7640192539109507
26923,0.9052466907340554
26924,0.06457280385078219
26925,0.005054151624548736
26926,0.8327797833935018
26927,0.9151383874849579
26928,0.49484957882069797
26929,0.7881347773766547
26930,0.637424789410349
26931,0.5746089049338147
26932,0.11203369434416366
26933,0.18009626955475333
26934,0.12938628158844767
26935,0.01675090252707581
26936,0.4276052948255114
26937,0.27095066185318895
26938,0.30288808664259925
26939,0.7482551143200963
26940,0.0068592057761732855
26941,0.09501805054151624
26942,0.6041395908543923
26943,0.28478941034897715
26944,0.23749699157641396
26945,0.9375451263537906
26946,0.9374007220216607
26947,0.34938628158844764
26948,0.08892900120336944
26949,0.6222864019253911
26950,0.3018291215403129
26951,0.3800962695547533
26952,0.7474849578820698
26953,0.7564861612515041
26954,0.792057761732852
26955,0.14231046931407942
26956,0.2549939831528279
26957,0.6261371841155234
26958,0.10645006016847172
26959,0.7162454873646209
26960,0.30837545126353794
26961,0.6051022864019254
26962,0.4397111913357401
26963,0.783682310469314
26964,0.12178098676293622
26965,0.2388688327316486
26966,0.8687123947051745
26967,0.6486401925391095
26968,0.14231046931407942
26969,0.9387966305655836
26970,0.9350661853188929
26971,0.8307821901323706
26972,0.5450060168471721
26973,0.3576895306859206
26974,0.7554512635379061
26975,0.3570878459687124
26976,0.23193742478941037
26977,0.7287364620938628
26978,0.9188206979542719
26979,0.02368231046931408
26980,0.6824067388688327
26981,0.03780986762936221
26982,0.6554031287605295
26983,0.7849097472924188
26984,0.27326113116726836
26985,0.17381468110709986
26986,0.9228158844765343
26987,0.5179783393501805
26988,0.4777135980746089
26989,0.15518652226233454
26990,0.8163898916967509
26991,0.7741756919374247
26992,0.4183874849578821
26993,0.9809626955475331
26994,0.7792057761732851
26995,0.3795186522262335
26996,0.19908543922984356
26997,0.7272924187725631
26998,0.5910950661853189
26999,0.39078219013237064
27000,0.6790613718411553
27001,0.15162454873646208
27002,0.7153549939831528
27003,0.4462334536702768
27004,0.45882069795427194
27005,0.9135740072202166
27006,0.3180746089049338
27007,0.4168471720818291
27008,0.954344163658243
27009,0.7769434416365824
27010,0.17855595667870033
27011,0.38007220216606497
27012,0.8208904933814681
27013,0.7411311672683514
27014,0.6829843561973525
27015,0.036847172081829124
27016,0.017184115523465705
27017,0.8292418772563177
27018,0.8625992779783394
27019,0.6563176895306859
27020,0.3711672683513839
27021,0.6039229843561973
27022,0.19049338146811073
27023,0.8696269554753309
27024,0.19395908543922985
27025,0.9806257521058965
27026,0.3379542719614922
27027,0.3725391095066185
27028,0.36442839951865225
27029,0.6778098676293622
27030,0.9921780986762936
27031,0.12240673886883274
27032,0.2901083032490975
27033,0.12714801444043322
27034,0.029290012033694343
27035,0.8774488567990373
27036,0.43516245487364624
27037,0.12
27038,0.8822141997593261
27039,0.4670276774969916
27040,0.05407942238267148
27041,0.7378580024067389
27042,0.6967027677496991
27043,0.03516245487364621
27044,0.7545367027677496
27045,0.29501805054151625
27046,9.626955475330927e-05
27047,0.5061131167268351
27048,0.5188447653429603
27049,0.2364620938628159
27050,0.6945126353790614
27051,0.8059205776173286
27052,0.7816606498194946
27053,0.2657280385078219
27054,0.318459687123947
27055,0.5569915764139591
27056,0.15884476534296027
27057,0.6179542719614921
27058,0.6592298435619734
27059,0.48365824308062577
27060,0.4860168471720818
27061,0.46551143200962697
27062,0.6815643802647413
27063,0.15927797833935017
27064,0.22358604091456077
27065,0.10117930204572803
27066,0.15768953068592056
27067,0.9351624548736462
27068,0.47338146811071
27069,0.0032972322503008423
27070,0.6673405535499398
27071,0.3660168471720818
27072,0.9565102286401925
27073,0.9789891696750903
27074,0.9539109506618532
27075,0.039975932611311674
27076,0.7334055354993982
27077,0.5123706377858003
27078,0.13256317689530686
27079,0.6754753309265944
27080,0.09227436823104693
27081,0.3359326113116727
27082,0.16411552346570396
27083,0.04320096269554753
27084,0.9182671480144404
27085,0.4912394705174489
27086,0.7818531889290012
27087,0.605439229843562
27088,0.9475571600481347
27089,0.01605294825511432
27090,0.2697713598074609
27091,0.2517448856799037
27092,0.03949458483754513
27093,0.45111913357400724
27094,0.6052707581227437
27095,0.8361732851985559
27096,0.34709987966305655
27097,0.7390854392298436
27098,0.1532129963898917
27099,0.6766546329723225
27100,0.011167268351383874
27101,0.25788206979542716
27102,0.4235138387484958
27103,0.14909747292418774
27104,0.6039951865222624
27105,0.15619735258724426
27106,0.9644043321299639
27107,0.43229843561973524
27108,0.8259927797833935
27109,0.05831528279181709
27110,0.7279181708784597
27111,0.7062575210589651
27112,0.5595427196149219
27113,0.35651022864019255
27114,0.4668351383874849
27115,0.7755475330926594
27116,0.8904693140794224
27117,0.06158844765342961
27118,0.06575210589651023
27119,0.2987966305655836
27120,0.8566305655836342
27121,0.16777376654632972
27122,0.7311432009626956
27123,0.7282551143200963
27124,0.9927797833935017
27125,0.005607701564380264
27126,0.5478700361010831
27127,0.8490734055354994
27128,0.4060409145607702
27129,0.6917930204572804
27130,0.29058965102286405
27131,0.11583634175691938
27132,0.16645006016847172
27133,0.6226955475330926
27134,0.8936702767749699
27135,0.9047172081829122
27136,0.3890734055354994
27137,0.2974007220216607
27138,0.6113357400722021
27139,0.9247172081829121
27140,0.051768953068592055
27141,0.850589651022864
27142,0.9860649819494585
27143,0.22611311672683515
27144,0.1724187725631769
27145,0.07913357400722021
27146,0.07027677496991577
27147,0.2405294825511432
27148,0.3447653429602888
27149,0.7480385078219014
27150,0.1767268351383875
27151,0.1162936221419976
27152,0.47172081829121537
27153,0.7329723225030085
27154,0.27797833935018046
27155,0.9069554753309266
27156,0.33768953068592056
27157,0.8123225030084236
27158,0.41764139590854393
27159,0.29622141997593265
27160,0.2633453670276775
27161,0.05239470517448856
27162,0.3776895306859206
27163,0.605294825511432
27164,0.42231046931407945
27165,0.11237063778580024
27166,0.5653429602888087
27167,0.4570156438026474
27168,0.7777376654632973
27169,0.5182912154031287
27170,0.817496991576414
27171,0.1922262334536703
27172,0.5697472924187725
27173,0.09410348977135981
27174,0.47653429602888087
27175,0.09530685920577617
27176,0.46182912154031286
27177,0.6049097472924188
27178,0.49054151624548736
27179,0.7870998796630566
27180,0.2231768953068592
27181,0.5956678700361011
27182,0.09032490974729242
27183,0.9399759326113117
27184,0.9207460890493382
27185,0.933453670276775
27186,0.15080625752105897
27187,0.9350902527075813
27188,0.8779783393501805
27189,0.4535980746089049
27190,0.6703971119133574
27191,0.4299638989169675
27192,0.8365583634175692
27193,0.05588447653429603
27194,0.6710950661853189
27195,0.8339350180505415
27196,0.8322503008423586
27197,0.6941997593261131
27198,0.3875812274368231
27199,0.5944404332129964
27200,0.39737665463297234
27201,0.5670998796630565
27202,0.7010348977135981
27203,0.8154512635379061
27204,0.7505415162454874
27205,0.5561973525872443
27206,0.11104693140794222
27207,0.6360529482551143
27208,0.7945607701564381
27209,0.5015162454873646
27210,0.5964620938628159
27211,0.8846931407942238
27212,0.2083754512635379
27213,0.434777376654633
27214,0.602864019253911
27215,0.30303249097472923
27216,0.6295306859205776
27217,0.23395908543922983
27218,0.3420938628158845
27219,0.18077015643802646
27220,0.17333333333333334
27221,0.5611311672683514
27222,0.43756919374247893
27223,0.6993020457280386
27224,0.6303971119133573
27225,0.7561732851985559
27226,0.2731889290012034
27227,0.6867148014440434
27228,0.5153068592057761
27229,0.6389891696750902
27230,0.2878219013237064
27231,0.6956197352587244
27232,0.7599037304452467
27233,0.38820697954271965
27234,0.28541516245487364
27235,0.4982912154031288
27236,0.8784596871239471
27237,0.47513838748495785
27238,0.4735018050541516
27239,0.42712394705174483
27240,0.5649578820697954
27241,0.7187966305655836
27242,0.0762936221419976
27243,0.2174488567990373
27244,0.6419253910950662
27245,0.39160048134777375
27246,0.5914801444043322
27247,0.45256317689530684
27248,0.6784115523465704
27249,0.0970156438026474
27250,0.6738868832731648
27251,0.661251504211793
27252,0.7632009626955475
27253,0.6875090252707581
27254,0.29282791817087844
27255,0.7176173285198556
27256,0.7792539109506618
27257,0.9220697954271961
27258,0.8421901323706378
27259,0.6776413959085439
27260,0.4434175691937425
27261,0.4260649819494585
27262,0.8671961492178099
27263,0.21424789410348977
27264,0.5738628158844765
27265,0.2641395908543923
27266,0.2924909747292419
27267,0.9607942238267149
27268,0.1393983152827918
27269,0.5348977135980746
27270,0.11817087845968713
27271,0.45078219013237064
27272,0.24649819494584838
27273,0.6183634175691937
27274,0.5540312876052949
27275,0.8404572803850783
27276,0.126690734055355
27277,0.46921780986762934
27278,0.39836341756919375
27279,0.24948255114320095
27280,0.32238267148014443
27281,0.9791576413959086
27282,0.3219735258724429
27283,0.3677978339350181
27284,0.8316726835138388
27285,0.9560770156438027
27286,0.6633453670276774
27287,0.6172563176895307
27288,0.9639470517448857
27289,0.6578580024067389
27290,0.9778820697954271
27291,0.8913838748495788
27292,0.39622141997593263
27293,0.43448856799037305
27294,0.8496750902527075
27295,0.1811552346570397
27296,0.5399518652226234
27297,0.6456558363417568
27298,0.5917208182912155
27299,0.39634175691937423
27300,0.6483754512635379
27301,0.16539109506618532
27302,0.7487605294825512
27303,0.2522021660649819
27304,0.8269554753309266
27305,0.5949458483754513
27306,0.8904452466907341
27307,0.5135018050541517
27308,0.7364861612515042
27309,0.8711913357400722
27310,0.12033694344163659
27311,0.5885679903730445
27312,0.4767990373044525
27313,0.20748495788206978
27314,0.48522262334536703
27315,0.8371119133574008
27316,0.9892418772563176
27317,0.4582912154031288
27318,0.31679903730445247
27319,0.8046690734055355
27320,0.5752105896510229
27321,0.2761492178098676
27322,0.5435860409145608
27323,0.5257039711191336
27324,0.04428399518652226
27325,0.12079422382671481
27326,0.07405535499398316
27327,0.1496991576413959
27328,0.04972322503008424
27329,0.6851744885679903
27330,0.3405776173285199
27331,0.18866425992779784
27332,0.5934777376654633
27333,0.8954753309265945
27334,0.7642117930204573
27335,0.6762214199759327
27336,0.610084235860409
27337,0.14567990373044526
27338,0.522286401925391
27339,0.8747533092659446
27340,0.5541756919374248
27341,0.12628158844765344
27342,0.9518892900120337
27343,0.9729963898916968
27344,0.9154753309265945
27345,0.408014440433213
27346,0.7729482551143201
27347,0.07114320096269555
27348,0.8837785800240674
27349,0.8002888086642599
27350,0.41186522262334535
27351,0.4939109506618532
27352,0.9183393501805054
27353,0.6168712394705175
27354,0.7378098676293622
27355,0.6277015643802648
27356,0.3318652226233454
27357,0.3407942238267148
27358,0.43297232250300843
27359,0.9913598074608905
27360,0.25773766546329724
27361,0.3742478941034898
27362,0.7930204572803851
27363,0.6338628158844766
27364,0.34876052948255115
27365,0.6952827918170879
27366,0.3705655836341757
27367,0.45196149217809867
27368,0.922430806257521
27369,0.2903008423586041
27370,0.7593983152827919
27371,0.20442839951865222
27372,0.9067388688327316
27373,0.6769434416365825
27374,0.8285439229843562
27375,0.861468110709988
27376,0.3148977135980746
27377,0.06322503008423586
27378,0.7357400722021661
27379,0.28413959085439233
27380,0.6168231046931408
27381,0.3801203369434416
27382,0.25256317689530683
27383,0.14339350180505414
27384,0.649121540312876
27385,0.037833935018050546
27386,0.49338146811071004
27387,0.3731889290012034
27388,0.31643802647412755
27389,0.7019253910950662
27390,0.3888327316486161
27391,0.5111432009626955
27392,0.6701083032490975
27393,0.9545126353790614
27394,0.3922021660649819
27395,0.7004813477737666
27396,0.7940072202166065
27397,0.22628158844765342
27398,0.7470758122743681
27399,0.6507581227436823
27400,0.46746089049338146
27401,0.7839951865222623
27402,0.601468110709988
27403,0.36507821901323706
27404,0.9982671480144405
27405,0.8724187725631769
27406,0.737063778580024
27407,0.8083273164861613
27408,0.16262334536702766
27409,0.2923465703971119
27410,0.0610589651022864
27411,0.0825511432009627
27412,0.42637785800240674
27413,0.9368231046931408
27414,0.3493140794223827
27415,0.8063537906137184
27416,0.3493622141997593
27417,0.05983152827918171
27418,0.6730445246690734
27419,0.7823826714801444
27420,0.9378580024067389
27421,0.13581227436823104
27422,0.7736462093862816
27423,0.04957882069795427
27424,0.017569193742478943
27425,0.3465222623345367
27426,0.4166546329723225
27427,0.5796871239470518
27428,0.8104933814681108
27429,0.722575210589651
27430,0.21422382671480145
27431,0.7479181708784597
27432,0.35239470517448857
27433,0.5541756919374248
27434,0.8928519855595668
27435,0.5566064981949459
27436,0.15766546329723224
27437,0.4990132370637786
27438,0.06938628158844765
27439,0.2098676293622142
27440,0.28673886883273164
27441,0.1961492178098676
27442,0.7021179302045728
27443,0.2055595667870036
27444,0.8689290012033695
27445,0.478748495788207
27446,0.5636582430806257
27447,0.7502286401925391
27448,0.48921780986762936
27449,0.5633212996389891
27450,0.8845487364620939
27451,0.1739109506618532
27452,0.6543682310469314
27453,0.7551865222623345
27454,0.47682310469314076
27455,0.33046931407942237
27456,0.07167268351383875
27457,0.4425992779783393
27458,0.03150421179302046
27459,0.9557160048134777
27460,0.43347773766546327
27461,0.3006979542719615
27462,0.33489771359807463
27463,0.1983152827918171
27464,0.5433935018050542
27465,0.1665222623345367
27466,0.8323706377858002
27467,0.5246209386281588
27468,0.7014921780986763
27469,0.8900842358604091
27470,0.047870036101083036
27471,0.06717208182912154
27472,0.24310469314079422
27473,0.15922984356197353
27474,0.6487845968712396
27475,0.6341756919374248
27476,0.49499398315282794
27477,0.9588206979542719
27478,0.5063537906137184
27479,0.9606016847172082
27480,0.2715523465703971
27481,0.838531889290012
27482,0.5865944645006017
27483,0.3403850782190132
27484,0.8073886883273165
27485,0.7230565583634175
27486,0.8245728038507822
27487,0.32664259927797834
27488,0.08760529482551144
27489,0.07432009626955476
27490,0.3966305655836342
27491,0.7929963898916967
27492,0.15311672683513838
27493,0.5607942238267148
27494,0.7925391095066185
27495,0.35778580024067386
27496,0.7476052948255114
27497,0.8967749699157641
27498,0.3286642599277978
27499,0.12454873646209386
27500,0.7482791817087846
27501,0.8678219013237063
27502,0.8723706377858003
27503,0.36806257521058966
27504,0.563971119133574
27505,0.16760529482551142
27506,0.2300601684717208
27507,0.7792298435619736
27508,0.8819735258724428
27509,0.2954993983152828
27510,0.06481347773766546
27511,0.18993983152827917
27512,0.6136943441636582
27513,0.5520577617328519
27514,0.5093140794223827
27515,0.733742478941035
27516,0.17677496991576414
27517,0.22974729241877256
27518,0.314777376654633
27519,0.8401684717208182
27520,0.23641395908543922
27521,0.29282791817087844
27522,0.1740072202166065
27523,0.5437545126353791
27524,0.5559085439229844
27525,0.8054873646209386
27526,0.5729482551143201
27527,0.985583634175692
27528,0.7738628158844765
27529,0.4966546329723225
27530,0.02156438026474128
27531,0.7828640192539109
27532,0.4191817087845969
27533,0.6401684717208183
27534,0.42835138387484956
27535,0.388231046931408
27536,0.5779783393501805
27537,0.4326835138387485
27538,0.09068592057761733
27539,0.8497954271961492
27540,0.25985559566787003
27541,0.24134777376654631
27542,0.16129963898916966
27543,0.9038989169675091
27544,0.6985078219013237
27545,0.3748736462093863
27546,0.9966064981949458
27547,0.8795908543922984
27548,0.9656077015643802
27549,0.31908543922984356
27550,0.7650060168471721
27551,0.2055595667870036
27552,0.7884235860409146
27553,0.649049338146811
27554,0.27540312876052947
27555,0.5478219013237063
27556,0.5072442839951865
27557,0.7649819494584837
27558,0.02548736462093863
27559,0.9714801444043322
27560,0.696101083032491
27561,0.9792057761732852
27562,0.6155475330926594
27563,0.8012755716004814
27564,0.9480144404332129
27565,0.770950661853189
27566,0.21687123947051745
27567,0.23049338146811071
27568,0.974632972322503
27569,0.44173285198555956
27570,0.9639470517448856
27571,0.2334777376654633
27572,0.4307821901323706
27573,0.762719614921781
27574,0.971022864019254
27575,0.9382912154031288
27576,0.6408904933814681
27577,0.5281588447653429
27578,0.9453188929001204
27579,0.5475330926594464
27580,0.4350661853188929
27581,0.41696750902527074
27582,0.33326113116726835
27583,0.3569434416365824
27584,0.37879663056558366
27585,0.8628158844765343
27586,0.5986040914560771
27587,0.9386281588447654
27588,0.8391335740072202
27589,0.30919374247894105
27590,0.23812274368231046
27591,0.5049097472924188
27592,0.2579542719614922
27593,0.7542719614921781
27594,0.41817087845968715
27595,0.43436823104693145
27596,0.43641395908543923
27597,0.11034897713598074
27598,0.8309987966305656
27599,0.7947773766546329
27600,0.8280625752105897
27601,0.5323706377858002
27602,0.23008423586040916
27603,0.9365824308062576
27604,0.823898916967509
27605,0.1910709987966306
27606,0.5559085439229844
27607,0.6752346570397112
27608,0.6506859205776173
27609,0.041732851985559566
27610,0.5100601684717208
27611,0.5700601684717208
27612,0.6053910950661854
27613,0.6391576413959086
27614,0.9744404332129963
27615,0.0049338146811071
27616,0.6942478941034897
27617,0.3396389891696751
27618,0.2576413959085439
27619,0.37145607701564376
27620,0.39790613718411555
27621,0.3404572803850782
27622,0.8560529482551142
27623,0.1806016847172082
27624,0.07398315282791817
27625,0.8015643802647412
27626,0.15583634175691938
27627,0.6371119133574008
27628,0.7463056558363418
27629,0.6747292418772564
27630,0.6962454873646209
27631,0.05174488567990373
27632,0.7370878459687124
27633,0.42700361010830323
27634,0.9978580024067388
27635,0.45393501805054154
27636,0.9067388688327316
27637,0.7861612515042118
27638,0.27354993983152825
27639,0.5606498194945848
27640,0.8191095066185319
27641,0.018604091456077016
27642,0.16293622141997594
27643,0.6834657039711192
27644,0.36548736462093867
27645,0.50028880866426
27646,0.7990613718411552
27647,0.9064259927797834
27648,0.1192779783393502
27649,0.2940794223826715
27650,0.5048616125150421
27651,0.27641395908543925
27652,0.34226233453670274
27653,0.6404813477737665
27654,0.5051504211793021
27655,0.824043321299639
27656,0.7334777376654633
27657,0.6431768953068593
27658,0.851985559566787
27659,0.16539109506618532
27660,0.28531889290012036
27661,0.7050300842358604
27662,0.7949939831528279
27663,0.31068592057761735
27664,0.25018050541516246
27665,0.4562936221419976
27666,0.6570156438026474
27667,0.5818050541516246
27668,0.064043321299639
27669,0.06483754512635378
27670,0.21672683513838747
27671,0.7053429602888086
27672,0.7358604091456077
27673,0.14411552346570397
27674,0.6387003610108304
27675,0.49191335740072206
27676,0.697496991576414
27677,0.5984356197352587
27678,0.5023345367027677
27679,0.3341997593261131
27680,0.9333333333333333
27681,0.2354031287605295
27682,0.7799518652226234
27683,0.5567990373044525
27684,0.3590132370637786
27685,0.45263537906137186
27686,0.20288808664259927
27687,0.2431528279181709
27688,0.2012274368231047
27689,0.16938628158844765
27690,0.027581227436823105
27691,0.9822864019253911
27692,0.5383393501805054
27693,0.8715523465703972
27694,0.6745848375451263
27695,0.3572322503008424
27696,0.9408904933814681
27697,0.9506137184115524
27698,0.06818291215403129
27699,0.24250300842358602
27700,0.7309506618531889
27701,0.07335740072202165
27702,0.3518652226233454
27703,0.2836341756919374
27704,0.8689771359807461
27705,0.55985559566787
27706,0.0530445246690734
27707,0.5909025270758123
27708,0.22953068592057763
27709,0.5320577617328519
27710,0.21352587244283994
27711,0.9689771359807461
27712,0.28286401925391097
27713,0.6212274368231048
27714,0.6060409145607701
27715,0.32012033694344166
27716,0.9448375451263538
27717,0.1938387484957882
27718,0.3048616125150421
27719,0.2939350180505415
27720,0.12637785800240675
27721,0.14197352587244283
27722,0.48409145607701565
27723,0.45588447653429603
27724,0.9840673886883273
27725,0.24722021660649818
27726,0.5727557160048136
27727,0.10394705174488567
27728,0.029602888086642597
27729,0.05070998796630566
27730,0.6785800240673887
27731,0.06279181708784597
27732,0.33193742478941035
27733,0.6340553549939831
27734,0.549554753309266
27735,0.847942238267148
27736,0.9551624548736463
27737,0.8987725631768952
27738,0.182719614921781
27739,0.7998315282791817
27740,0.37087845968712396
27741,0.347942238267148
27742,0.6051263537906137
27743,0.7622141997593261
27744,0.841468110709988
27745,0.5263297232250301
27746,0.37761732851985563
27747,0.2631528279181709
27748,0.7003610108303249
27749,0.20943441636582433
27750,0.6641636582430807
27751,0.17436823104693142
27752,0.5614199759326113
27753,0.27210589651022865
27754,0.2828880866425993
27755,0.9204572803850782
27756,0.10567990373044525
27757,0.5155475330926594
27758,0.4387725631768953
27759,0.39752105896510226
27760,0.9404813477737666
27761,0.10758122743682311
27762,0.4616125150421179
27763,0.4244043321299639
27764,0.134632972322503
27765,0.8438748495788206
27766,0.5392298435619736
27767,0.7810348977135981
27768,0.6343200962695548
27769,0.4343682310469314
27770,0.8504933814681107
27771,0.15634175691937424
27772,0.5206979542719615
27773,0.5930204572803851
27774,0.6051744885679904
27775,0.18129963898916968
27776,0.5968231046931407
27777,0.972202166064982
27778,0.3381227436823105
27779,0.8132611311672684
27780,0.12305655836341757
27781,0.92014440433213
27782,0.2434416365824308
27783,0.8885679903730446
27784,0.16430806257521058
27785,0.6376654632972323
27786,0.9164139590854392
27787,0.7115042117930204
27788,0.6231046931407942
27789,0.5706859205776174
27790,0.8347533092659446
27791,0.3325631768953069
27792,0.907509025270758
27793,0.01795427196149218
27794,0.39898916967509024
27795,0.9585318892900121
27796,0.47703971119133576
27797,0.4631046931407942
27798,0.04584837545126354
27799,0.8053188929001203
27800,0.5363658243080626
27801,0.6956678700361011
27802,0.5247172081829121
27803,0.8627677496991577
27804,0.6954271961492178
27805,0.7772803850782191
27806,0.9922984356197353
27807,0.17634175691937426
27808,0.9025030084235861
27809,0.8747292418772563
27810,0.48515042117930207
27811,0.7208664259927797
27812,0.9288567990373044
27813,0.10522262334536703
27814,0.11232250300842359
27815,0.6976654632972323
27816,0.5720818291215404
27817,0.1062575210589651
27818,0.18820697954271962
27819,0.46974729241877256
27820,0.9980986762936221
27821,0.05196149217809867
27822,0.7125872442839951
27823,0.23713598074608905
27824,0.9827677496991576
27825,0.8318652226233454
27826,0.06962695547533093
27827,0.7749699157641396
27828,0.4381227436823105
27829,0.20498194945848375
27830,0.8342719614921781
27831,0.9411070998796631
27832,0.31282791817087846
27833,0.2632731648616125
27834,0.5489049338146811
27835,0.18204572803850783
27836,0.4299157641395909
27837,0.3780505415162455
27838,0.2728279181708785
27839,0.8747292418772563
27840,0.5045968712394705
27841,0.8397352587244284
27842,0.5236101083032491
27843,0.2861853188929001
27844,0.24305655836341755
27845,0.6808664259927798
27846,0.9138387484957882
27847,0.6390613718411553
27848,0.8856558363417569
27849,0.30425992779783395
27850,0.8075090252707582
27851,0.989843561973526
27852,0.038363417569193745
27853,0.42791817087845974
27854,0.4889771359807461
27855,0.3634897713598074
27856,0.04002406738868833
27857,0.7822864019253911
27858,0.13381468110709988
27859,0.05961492178098676
27860,0.6521540312876053
27861,0.06527075812274367
27862,0.19629362214199758
27863,0.8369193742478941
27864,0.5269314079422383
27865,0.129338146811071
27866,0.12902527075812276
27867,0.23273164861612516
27868,0.8362695547533092
27869,0.4553068592057762
27870,0.5048375451263538
27871,0.9219013237063779
27872,0.07569193742478941
27873,0.47340553549939834
27874,0.5085920577617329
27875,0.9602647412755716
27876,0.4164139590854392
27877,0.3313357400722021
27878,0.17186522262334536
27879,0.28127557160048133
27880,0.2937424789410349
27881,0.10028880866425993
27882,0.7705415162454874
27883,0.48868832731648615
27884,0.5892418772563177
27885,0.9262575210589651
27886,0.5182671480144405
27887,0.18409145607701566
27888,0.989121540312876
27889,0.6452707581227437
27890,0.8701564380264741
27891,0.1455595667870036
27892,0.47638989169675094
27893,0.9217569193742479
27894,0.2501323706377858
27895,0.14974729241877255
27896,0.788977135980746
27897,0.7355956678700362
27898,0.9268110709987967
27899,0.923754512635379
27900,0.11128760529482551
27901,0.2103249097472924
27902,0.09882069795427195
27903,0.7041636582430806
27904,0.1141756919374248
27905,0.30734055354993983
27906,0.19386281588447654
27907,0.4824308062575211
27908,0.44298435619735255
27909,0.549771359807461
27910,0.3498676293622142
27911,0.729410348977136
27912,0.04033694344163658
27913,0.03858002406738869
27914,0.5146089049338147
27915,0.20385078219013236
27916,0.16151624548736462
27917,0.5182912154031287
27918,0.3451022864019254
27919,0.975956678700361
27920,0.5541516245487365
27921,0.6523225030084236
27922,0.33978339350180503
27923,0.09090252707581228
27924,0.4770637785800241
27925,0.027773766546329723
27926,0.2215162454873646
27927,0.08057761732851985
27928,0.06825511432009627
27929,0.7116967509025272
27930,0.20613718411552345
27931,0.9066907340553549
27932,0.5924187725631769
27933,0.5458965102286402
27934,0.8294584837545127
27935,0.3732129963898917
27936,0.3369193742478941
27937,0.8153309265944645
27938,0.8108784596871239
27939,0.38799037304452466
27940,0.19439229843561973
27941,0.8827918170878459
27942,0.24991576413959085
27943,0.08004813477737666
27944,0.9796871239470517
27945,0.1393983152827918
27946,0.7427677496991576
27947,0.3890493381468111
27948,0.24620938628158845
27949,0.4574729241877256
27950,0.9883032490974729
27951,0.6520336943441636
27952,0.8159566787003609
27953,0.23956678700361012
27954,0.058916967509025274
27955,0.4258243080625752
27956,0.18815884476534295
27957,0.2510228640192539
27958,0.08488567990373044
27959,0.5378098676293622
27960,0.9232009626955475
27961,0.3043321299638989
27962,0.9477015643802646
27963,0.27369434416365823
27964,0.7155956678700361
27965,0.1263537906137184
27966,0.9157882069795428
27967,0.8671961492178099
27968,0.2557641395908544
27969,0.6739109506618532
27970,0.7063537906137184
27971,0.2568471720818291
27972,0.7226955475330926
27973,0.11992779783393502
27974,0.9147292418772563
27975,0.8308303249097473
27976,0.9835379061371841
27977,0.07689530685920579
27978,0.006209386281588448
27979,0.9857521058965102
27980,0.4719614921780987
27981,0.480216606498195
27982,0.9757160048134778
27983,0.29643802647412754
27984,0.4002888086642599
27985,0.24690734055354993
27986,0.6214921780986763
27987,0.0014440433212996391
27988,0.73323706377858
27989,0.9277496991576414
27990,0.35323706377858
27991,0.7384837545126354
27992,0.19465703971119133
27993,0.1811552346570397
27994,0.4297472924187725
27995,0.9813477737665464
27996,0.5125391095066185
27997,0.4745126353790614
27998,0.08043321299638989
27999,0.5154512635379062
28000,0.24182912154031289
28001,0.6197593261131167
28002,0.6755716004813477
28003,0.5152587244283995
28004,0.7163898916967508
28005,0.1574488567990373
28006,0.6186762936221419
28007,0.8158844765342961
28008,0.6706377858002407
28009,0.5699879663056558
28010,0.8370156438026475
28011,0.8125631768953068
28012,0.5918652226233454
28013,0.25099879663056557
28014,0.12228640192539109
28015,0.47022864019253907
28016,0.8134296028880866
28017,0.5651263537906137
28018,0.12190132370637785
28019,0.14813477737665465
28020,0.5950421179302046
28021,0.4513116726835138
28022,0.7079422382671481
28023,0.4823586040914561
28024,0.657424789410349
28025,0.8694584837545126
28026,0.7193261131167268
28027,0.05338146811070999
28028,0.6783152827918171
28029,0.5366787003610108
28030,0.5326835138387485
28031,0.12308062575210589
28032,0.558604091456077
28033,0.026233453670276775
28034,0.07636582430806257
28035,0.36652226233453666
28036,0.3564380264741276
28037,0.35845968712394705
28038,0.504332129963899
28039,0.37087845968712396
28040,0.7606257521058966
28041,0.6161251504211793
28042,0.368086642599278
28043,0.8716486161251504
28044,0.4229843561973526
28045,0.7333333333333334
28046,0.42358604091456076
28047,0.3424548736462094
28048,0.6840673886883273
28049,0.8251744885679904
28050,0.902719614921781
28051,0.9799518652226233
28052,0.45783393501805053
28053,0.32012033694344166
28054,0.21730445246690733
28055,0.3328760529482551
28056,0.506546329723225
28057,0.47472924187725635
28058,0.08717208182912153
28059,0.3879181708784597
28060,0.3068110709987966
28061,0.43070998796630566
28062,0.8393742478941035
28063,0.9262093862815884
28064,0.3148736462093863
28065,0.7459205776173286
28066,0.006690734055354993
28067,0.8717208182912154
28068,0.48433212996389896
28069,0.7116726835138387
28070,0.30760529482551147
28071,0.13891696750902527
28072,0.14481347773766545
28073,0.475956678700361
28074,0.4897472924187726
28075,0.196028880866426
28076,0.9031046931407942
28077,0.08262334536702767
28078,0.9189410348977136
28079,0.506257521058965
28080,0.6157641395908544
28081,0.5102767749699157
28082,0.714632972322503
28083,0.32009626955475334
28084,0.7581468110709988
28085,0.025511432009626956
28086,0.44421179302045727
28087,0.07422382671480145
28088,0.5104211793020458
28089,0.3662334536702768
28090,0.6995186522262334
28091,0.25376654632972323
28092,0.8222382671480144
28093,0.7044524669073406
28094,0.5194705174488568
28095,0.662647412755716
28096,0.12486161251504213
28097,0.29533092659446447
28098,0.8713116726835138
28099,0.30953068592057764
28100,0.14842358604091457
28101,0.8587003610108304
28102,0.5228640192539109
28103,0.6815162454873647
28104,0.9388447653429604
28105,0.12411552346570397
28106,0.8928038507821902
28107,0.7145126353790614
28108,0.8861371841155234
28109,0.08021660649819494
28110,0.13492178098676294
28111,0.5761973525872444
28112,0.15309265944645006
28113,0.9463297232250301
28114,0.5061131167268351
28115,0.35766546329723226
28116,0.7419975932611311
28117,0.5350902527075813
28118,0.9828158844765342
28119,0.8570156438026474
28120,0.48373044524669073
28121,0.991022864019254
28122,0.06471720818291216
28123,0.6296510228640193
28124,0.2651263537906137
28125,0.6634657039711191
28126,0.009338146811070999
28127,0.1257280385078219
28128,0.6728519855595667
28129,0.3864259927797834
28130,0.16695547533092658
28131,0.1841395908543923
28132,0.8561010830324909
28133,0.8002647412755717
28134,0.5192298435619735
28135,0.8819494584837545
28136,0.869265944645006
28137,0.514705174488568
28138,0.19347773766546328
28139,0.7549699157641396
28140,0.7890974729241877
28141,0.5812033694344163
28142,0.7845487364620938
28143,0.16016847172081827
28144,0.7587244283995187
28145,0.2779783393501805
28146,0.4645487364620939
28147,0.9840192539109507
28148,0.7109987966305655
28149,0.3870998796630566
28150,0.3650300842358604
28151,0.8837785800240674
28152,0.6723706377858003
28153,0.029723225030084236
28154,0.30522262334536704
28155,0.3475812274368231
28156,0.7988447653429602
28157,0.9709987966305655
28158,0.9296269554753309
28159,0.21275571600481347
28160,0.44091456077015645
28161,0.4215643802647413
28162,0.6959085439229844
28163,0.5343200962695547
28164,0.12722021660649818
28165,0.5430806257521059
28166,0.7562454873646209
28167,0.019566787003610107
28168,0.901468110709988
28169,0.30986762936221424
28170,0.2511191335740072
28171,0.16021660649819494
28172,0.03184115523465704
28173,0.5750902527075812
28174,0.481251504211793
28175,0.1407942238267148
28176,0.5370397111913358
28177,0.4406016847172082
28178,0.15927797833935017
28179,0.32548736462093864
28180,0.11987966305655837
28181,0.8464259927797834
28182,0.3584115523465704
28183,0.9027677496991576
28184,0.454705174488568
28185,0.724043321299639
28186,0.2672442839951865
28187,0.1553068592057762
28188,0.4074127557160048
28189,0.23694344163658243
28190,0.6534055354993984
28191,0.5421419975932611
28192,0.4683754512635379
28193,0.5165102286401926
28194,0.39886883273164864
28195,0.797641395908544
28196,0.3162936221419976
28197,0.09870036101083032
28198,0.07350180505415163
28199,0.9289049338146811
28200,0.17429602888086643
28201,0.9684957882069796
28202,0.7205294825511432
28203,0.5004091456077016
28204,0.6111913357400722
28205,0.0871239470517449
28206,0.1484476534296029
28207,0.12486161251504212
28208,0.4069554753309266
28209,0.9428158844765342
28210,0.0498676293622142
28211,0.6139590854392298
28212,0.7927075812274368
28213,0.29107099879663056
28214,0.07530685920577618
28215,0.09636582430806258
28216,0.8780746089049338
28217,0.666546329723225
28218,0.6151383874849579
28219,0.24322503008423585
28220,0.4555234657039711
28221,0.8885679903730446
28222,0.5023826714801444
28223,0.6851263537906137
28224,0.37725631768953066
28225,0.5898916967509025
28226,0.6695066185318893
28227,0.9233935018050541
28228,0.3836582430806258
28229,0.5790854392298436
28230,0.9089530685920577
28231,0.8561492178098676
28232,0.6057761732851985
28233,0.057809867629362216
28234,0.46397111913357403
28235,0.15196149217809868
28236,0.41083032490974725
28237,0.9767027677496991
28238,0.6434175691937425
28239,0.9462093862815883
28240,0.24161251504211795
28241,0.6234657039711191
28242,0.9091215403128761
28243,0.828592057761733
28244,0.4324187725631769
28245,0.03220216606498195
28246,0.5948977135980746
28247,0.6015884476534297
28248,0.41439229843561975
28249,0.8450300842358605
28250,0.8074368231046931
28251,0.709338146811071
28252,0.5276293622141998
28253,0.629482551143201
28254,0.4518652226233454
28255,0.31097472924187725
28256,0.19660649819494586
28257,0.630589651022864
28258,0.32950661853188934
28259,0.4862334536702768
28260,0.3114320096269555
28261,0.916919374247894
28262,0.6779302045728038
28263,0.08608904933814682
28264,0.715138387484958
28265,0.9001203369434416
28266,0.09711191335740071
28267,0.09696750902527076
28268,0.833453670276775
28269,0.809338146811071
28270,0.7225992779783393
28271,0.3529482551143201
28272,0.7460890493381468
28273,0.8576654632972323
28274,0.9364620938628159
28275,0.9183152827918171
28276,0.8029121540312876
28277,0.1867870036101083
28278,0.5673646209386282
28279,0.5125150421179302
28280,0.38577617328519853
28281,0.7006016847172082
28282,0.5466666666666666
28283,0.3982671480144404
28284,0.8617087845968713
28285,0.3410589651022864
28286,0.40762936221419976
28287,0.8990854392298435
28288,0.6271239470517449
28289,0.7219013237063778
28290,0.34871239470517446
28291,0.7535018050541515
28292,0.6354993983152828
28293,0.662647412755716
28294,0.24252707581227434
28295,0.6994705174488568
28296,0.6311672683513838
28297,0.016293622141997595
28298,0.785439229843562
28299,0.6658965102286402
28300,0.8253429602888087
28301,0.2088808664259928
28302,0.2850060168471721
28303,0.9389410348977136
28304,0.7616125150421179
28305,0.2687364620938628
28306,0.685583634175692
28307,0.6107821901323707
28308,0.7145126353790614
28309,0.8654873646209387
28310,0.5583152827918171
28311,0.8542960288808664
28312,0.9389651022864018
28313,0.017328519855595668
28314,0.6432731648616126
28315,0.2917689530685921
28316,0.5883513838748495
28317,0.5346570397111914
28318,0.27143200962695546
28319,0.7599037304452467
28320,0.4882791817087846
28321,0.6305415162454873
28322,0.24883273164861613
28323,0.5098676293622142
28324,0.6519374247894103
28325,0.5619253910950661
28326,0.08851985559566787
28327,0.8200000000000001
28328,0.1422864019253911
28329,0.5405535499398315
28330,0.2571600481347774
28331,0.21448856799037302
28332,0.8636101083032491
28333,0.6335258724428399
28334,0.9956919374247895
28335,0.3799759326113117
28336,0.298676293622142
28337,0.9763658243080626
28338,0.7047412755716005
28339,0.9041155234657039
28340,0.6227677496991576
28341,0.7365342960288809
28342,0.8696510228640193
28343,0.3373044524669073
28344,0.47973525872442846
28345,0.3485198555956679
28346,0.609338146811071
28347,0.6063297232250301
28348,0.04411552346570397
28349,0.5297472924187725
28350,0.11501805054151626
28351,0.44515042117930204
28352,0.8702286401925391
28353,0.9249097472924188
28354,0.4704933814681107
28355,0.0790373044524669
28356,0.4414199759326113
28357,0.2073886883273165
28358,0.6945126353790614
28359,0.6056799037304452
28360,0.738531889290012
28361,0.9105655836341757
28362,0.08685920577617329
28363,0.5554753309265945
28364,0.5513357400722021
28365,0.3277737665463297
28366,0.9888327316486161
28367,0.6582190132370638
28368,0.8608423586040914
28369,0.8884476534296029
28370,0.37323706377858
28371,0.3757641395908544
28372,0.891768953068592
28373,0.5348736462093864
28374,0.954921780986763
28375,0.49475330926594463
28376,0.3658243080625752
28377,0.38332129963898914
28378,0.33290012033694344
28379,0.8024067388688327
28380,0.6904211793020458
28381,0.7419013237063778
28382,0.1888086642599278
28383,0.4966787003610108
28384,0.4869314079422382
28385,0.2380505415162455
28386,0.8994223826714802
28387,0.5453670276774969
28388,0.7246450060168472
28389,0.20103489771359806
28390,0.6911913357400722
28391,0.7108303249097473
28392,0.3287364620938628
28393,0.025342960288808662
28394,0.5231528279181709
28395,0.12876052948255115
28396,0.7195427196149218
28397,0.6223586040914562
28398,0.9112394705174489
28399,0.42344163658243084
28400,0.5391095066185319
28401,0.5601684717208183
28402,0.4742719614921781
28403,0.6008423586040914
28404,0.5651263537906137
28405,0.7741034897713598
28406,0.8845246690734055
28407,0.3316726835138387
28408,0.3429121540312876
28409,0.5336462093862815
28410,0.03590854392298436
28411,0.17607701564380263
28412,0.7084957882069796
28413,0.7431287605294825
28414,0.6142478941034898
28415,0.3280625752105897
28416,0.6422141997593261
28417,0.7157400722021661
28418,0.009169675090252707
28419,0.6423826714801444
28420,0.4213477737665463
28421,0.3278459687123947
28422,0.949049338146811
28423,0.45504211793020455
28424,0.8131889290012033
28425,0.4876774969915764
28426,0.29530685920577615
28427,0.6233694344163658
28428,0.1798315282791817
28429,0.8887123947051745
28430,0.3047653429602888
28431,0.7633212996389892
28432,0.5793020457280386
28433,0.8512154031287605
28434,0.42416365824308067
28435,0.1571119133574007
28436,0.777641395908544
28437,0.5510709987966306
28438,0.868158844765343
28439,0.1380746089049338
28440,0.7702527075812274
28441,0.08471720818291215
28442,0.054632972322503005
28443,0.1028158844765343
28444,0.06601684717208182
28445,0.7715282791817089
28446,0.8081829121540314
28447,0.43034897713598075
28448,0.5212996389891698
28449,0.8912154031287605
28450,0.8807942238267148
28451,0.038796630565583634
28452,0.7831046931407942
28453,0.2090493381468111
28454,0.06830324909747293
28455,0.24531889290012032
28456,0.9032009626955475
28457,0.76647412755716
28458,0.668158844765343
28459,0.9971359807460891
28460,0.43528279181708784
28461,0.6285198555956679
28462,0.8124187725631768
28463,0.4858483754512635
28464,0.7694584837545126
28465,0.8068832731648616
28466,0.9991817087845969
28467,0.7016365824308062
28468,0.8874127557160048
28469,0.9378339350180506
28470,0.19614921780986763
28471,0.6727797833935019
28472,0.2748014440433213
28473,0.3546089049338147
28474,0.1585078219013237
28475,0.7374007220216606
28476,0.20618531889290012
28477,0.5853188929001203
28478,0.8953309265944644
28479,0.20567990373044526
28480,0.48158844765342956
28481,0.6511672683513838
28482,0.18074608904933814
28483,0.7842117930204573
28484,0.8255836341756919
28485,0.16322503008423586
28486,0.8667148014440433
28487,0.613020457280385
28488,0.2621901323706378
28489,0.01713598074608905
28490,0.01992779783393502
28491,0.28921780986762935
28492,0.22902527075812276
28493,0.8924669073405536
28494,0.2686883273164862
28495,0.30876052948255117
28496,0.8377617328519855
28497,0.28016847172081827
28498,0.19865222623345366
28499,0.7161251504211793
28500,0.5498916967509024
28501,0.85352587244284
28502,0.4603850782190132
28503,0.07314079422382672
28504,0.1841395908543923
28505,0.5545367027677497
28506,0.640072202166065
28507,0.44734055354993985
28508,0.8984356197352588
28509,0.08777376654632973
28510,0.19939831528279184
28511,0.8803369434416366
28512,0.2675571600481348
28513,0.14914560770156438
28514,0.36471720818291214
28515,0.4713838748495788
28516,0.7500601684717207
28517,0.014801444043321298
28518,0.7507581227436824
28519,0.2601925391095066
28520,0.5518652226233454
28521,0.6015162454873646
28522,0.39256317689530684
28523,0.74690734055355
28524,0.16389891696750902
28525,0.584043321299639
28526,0.28216606498194946
28527,0.1917930204572804
28528,0.42462093862815886
28529,0.8596389891696752
28530,0.9109987966305655
28531,0.36490974729241876
28532,0.6299879663056558
28533,0.08936221419975932
28534,0.635884476534296
28535,0.9416606498194946
28536,0.22630565583634177
28537,0.6633935018050541
28538,0.13398315282791817
28539,0.938892900120337
28540,0.8843561973525873
28541,0.2718652226233454
28542,0.5760770156438026
28543,0.6364139590854392
28544,0.07687123947051744
28545,0.8090493381468111
28546,0.591696750902527
28547,0.782503008423586
28548,0.26616125150421177
28549,0.9502527075812275
28550,0.39193742478941035
28551,0.48955475330926596
28552,0.7222864019253912
28553,0.15241877256317687
28554,0.42324909747292416
28555,0.6233694344163658
28556,0.3725150421179302
28557,0.17268351383874847
28558,0.5650300842358604
28559,0.541540312876053
28560,0.08216606498194946
28561,0.755667870036101
28562,0.7752587244283995
28563,0.931624548736462
28564,0.5450541516245487
28565,0.33318892900120334
28566,0.7892178098676293
28567,0.18796630565583633
28568,0.15694344163658244
28569,0.882864019253911
28570,0.8673886883273165
28571,0.49323706377858
28572,0.745222623345367
28573,0.05157641395908544
28574,0.6502767749699158
28575,0.6411070998796631
28576,0.4232009626955475
28577,0.29518652226233455
28578,0.8470517448856799
28579,0.44897713598074607
28580,0.6610830324909747
28581,0.709626955475331
28582,0.9565824308062576
28583,0.3826233453670277
28584,0.5046690734055355
28585,0.5477737665463298
28586,0.033044524669073407
28587,0.47593261131167264
28588,0.10365824308062575
28589,0.9186522262334537
28590,0.11265944645006017
28591,0.2890012033694344
28592,0.06560770156438027
28593,0.349338146811071
28594,0.7275330926594464
28595,0.388231046931408
28596,0.9907340553549939
28597,0.9303730445246691
28598,0.5365824308062574
28599,0.1758604091456077
28600,0.31249097472924187
28601,0.8833212996389892
28602,0.955956678700361
28603,0.9038507821901324
28604,0.9861612515042117
28605,0.9248616125150421
28606,0.6483754512635379
28607,0.9059446450060169
28608,0.6138387484957882
28609,0.7622623345367028
28610,0.31653429602888083
28611,0.043249097472924186
28612,0.2797111913357401
28613,0.4937424789410349
28614,0.2008664259927798
28615,0.9361251504211793
28616,0.8712876052948255
28617,0.998748495788207
28618,0.8617328519855596
28619,0.9954271961492178
28620,0.7552346570397113
28621,0.779037304452467
28622,0.680818291215403
28623,0.20115523465703972
28624,0.8808423586040914
28625,0.6207942238267148
28626,0.7746570397111914
28627,0.5527075812274369
28628,0.8528760529482551
28629,0.5425270758122743
28630,0.22738868832731648
28631,9.626955475330927e-05
28632,0.8110228640192539
28633,0.06921780986762936
28634,0.46490974729241874
28635,0.9631046931407943
28636,0.8485679903730445
28637,0.421323706377858
28638,0.5705896510228641
28639,0.1658243080625752
28640,0.05107099879663057
28641,0.4327075812274368
28642,0.5325391095066185
28643,0.5977858002406738
28644,0.8193742478941035
28645,0.2348977135980746
28646,0.05111913357400722
28647,0.23148014440433212
28648,0.36671480144404334
28649,0.9543200962695547
28650,0.2528519855595668
28651,0.2622864019253911
28652,0.9322503008423586
28653,0.6254632972322502
28654,0.07010830324909748
28655,0.1023826714801444
28656,0.9270276774969917
28657,0.9974488567990373
28658,0.7289771359807461
28659,0.007364620938628159
28660,0.7531648616125151
28661,0.3402888086642599
28662,0.032659446450060164
28663,0.3964139590854392
28664,0.11333333333333334
28665,0.2784115523465704
28666,0.7060890493381469
28667,0.9316004813477738
28668,0.09790613718411553
28669,0.6395427196149217
28670,0.46806257521058964
28671,0.9973766546329723
28672,0.18358604091456077
28673,0.3220216606498195
28674,0.22346570397111912
28675,0.2477496991576414
28676,0.8812274368231047
28677,0.6836341756919374
28678,0.11403128760529482
28679,0.3530926594464501
28680,0.34454873646209383
28681,0.8138387484957882
28682,0.24880866425992781
28683,0.9490734055354995
28684,0.1423826714801444
28685,0.3969193742478941
28686,0.7542960288808664
28687,0.6107581227436824
28688,0.5918892900120336
28689,0.16693140794223826
28690,0.4050060168471721
28691,0.34308062575210585
28692,0.4103249097472924
28693,0.0361251504211793
28694,0.286835138387485
28695,0.17429602888086643
28696,0.8917689530685922
28697,0.7998315282791817
28698,0.25133574007220216
28699,0.8037063778580025
28700,0.06575210589651023
28701,0.9588688327316486
28702,0.6127075812274368
28703,0.013140794223826715
28704,0.7842599277978339
28705,0.34430806257521057
28706,0.22909747292418772
28707,0.3211311672683514
28708,0.28558363417569194
28709,0.10399518652226233
28710,0.5679181708784597
28711,0.40081829121540313
28712,0.7942238267148014
28713,0.4205054151624549
28714,0.3453429602888087
28715,0.4017569193742479
28716,0.27176895306859206
28717,0.6975451263537906
28718,0.15667870036101084
28719,0.4968953068592058
28720,0.35434416365824306
28721,0.05658243080625752
28722,0.4315282791817088
28723,0.8699879663056558
28724,0.2016125150421179
28725,0.4263056558363417
28726,0.2249338146811071
28727,0.5781468110709989
28728,0.032707581227436826
28729,0.14286401925391096
28730,0.5619253910950661
28731,0.4754031287605295
28732,0.7064019253910951
28733,0.8414921780986764
28734,0.39653429602888085
28735,0.335812274368231
28736,0.5208664259927798
28737,0.8219253910950661
28738,0.5001444043321299
28739,0.381395908543923
28740,0.567797833935018
28741,0.8753068592057762
28742,0.19424789410348975
28743,0.996101083032491
28744,0.7433694344163658
28745,0.3918170878459687
28746,0.19046931407942239
28747,0.8097472924187725
28748,0.4495066185318893
28749,0.1756919374247894
28750,0.9616365824308062
28751,0.8521780986762937
28752,0.6143682310469314
28753,0.19140794223826715
28754,0.3763898916967509
28755,0.12137184115523467
28756,0.224043321299639
28757,0.7472683513838749
28758,0.16271961492178097
28759,0.2568231046931408
28760,0.9206738868832731
28761,0.49477737665463295
28762,0.7141034897713598
28763,0.33860409145607706
28764,0.7093622141997593
28765,0.31309265944645004
28766,0.7354031287605295
28767,0.28772563176895305
28768,0.35571600481347776
28769,0.22936221419975933
28770,0.6243802647412755
28771,0.21237063778580023
28772,0.8245246690734056
28773,0.6057280385078219
28774,0.6159085439229843
28775,0.9472683513838749
28776,0.10144404332129964
28777,0.29422382671480146
28778,0.7912394705174488
28779,0.4439470517448857
28780,0.4632490974729242
28781,0.6999037304452467
28782,0.9399759326113117
28783,0.33068592057761736
28784,0.701179302045728
28785,0.3796389891696751
28786,0.1358363417569194
28787,0.31379061371841155
28788,0.5262093862815884
28789,0.6557882069795428
28790,0.7878459687123947
28791,0.35651022864019255
28792,0.5711913357400722
28793,0.6242839951865222
28794,0.31068592057761735
28795,0.10760529482551143
28796,0.3500120336943442
28797,0.14548736462093864
28798,0.30772563176895307
28799,0.7356197352587244
28800,0.5209386281588448
28801,0.4
28802,0.45145607701564383
28803,0.027653429602888087
28804,0.6373285198555957
28805,0.8650300842358605
28806,0.2362214199759326
28807,0.2773044524669074
28808,0.711022864019254
28809,0.2475812274368231
28810,0.24649819494584838
28811,0.6977858002406738
28812,0.7580746089049337
28813,0.1309987966305656
28814,0.8245246690734056
28815,0.4757400722021661
28816,0.1373285198555957
28817,0.3969915764139591
28818,0.10594464500601686
28819,0.9577376654632972
28820,0.6422141997593261
28821,0.6003369434416366
28822,0.7692418772563177
28823,0.05935018050541517
28824,0.6256799037304452
28825,0.7331889290012034
28826,0.262719614921781
28827,0.6989169675090252
28828,0.03010830324909747
28829,0.026161251504211794
28830,0.13732851985559566
28831,0.28972322503008424
28832,0.12055354993983153
28833,0.5650782190132371
28834,0.3480385078219013
28835,0.7651985559566787
28836,0.8167509025270758
28837,0.5281588447653429
28838,0.16892900120336946
28839,0.819927797833935
28840,0.6233212996389892
28841,0.24572803850782188
28842,0.27225030084235863
28843,0.026787003610108304
28844,0.6954271961492178
28845,0.658531889290012
28846,0.33703971119133574
28847,0.34926594464500604
28848,0.11095066185318894
28849,0.04693140794223827
28850,0.8641877256317689
28851,0.12462093862815884
28852,0.9785078219013237
28853,0.9511432009626956
28854,0.8355475330926594
28855,0.5256077015643803
28856,0.8178820697954272
28857,0.1548977135980746
28858,0.008543922984356196
28859,0.7725872442839952
28860,0.8656317689530686
28861,0.1884476534296029
28862,0.512057761732852
28863,0.2445006016847172
28864,0.2740312876052948
28865,0.4612274368231047
28866,0.31080625752105895
28867,0.4722503008423586
28868,0.19795427196149218
28869,0.348158844765343
28870,0.8153549939831528
28871,0.8009145607701564
28872,0.33557160048134776
28873,0.057376654632972326
28874,0.9909747292418774
28875,0.05860409145607702
28876,0.6108303249097473
28877,0.576317689530686
28878,0.301540312876053
28879,0.574849578820698
28880,0.6433212996389892
28881,0.6265703971119134
28882,0.7925150421179302
28883,0.06539109506618532
28884,0.28921780986762935
28885,0.5509987966305656
28886,0.8914320096269555
28887,0.37395908543922984
28888,0.8201203369434416
28889,0.7038507821901323
28890,0.11369434416365824
28891,0.6351624548736462
28892,0.5224789410348977
28893,0.9407942238267148
28894,0.5538387484957882
28895,0.4647172081829122
28896,0.4016847172081829
28897,0.5264259927797834
28898,0.9447894103489771
28899,0.2987725631768953
28900,0.12069795427196149
28901,0.9899157641395908
28902,0.4920818291215403
28903,0.7464500601684718
28904,0.0537424789410349
28905,0.4232009626955475
28906,0.8879181708784596
28907,0.8762695547533093
28908,0.930661853188929
28909,0.15097472924187727
28910,0.8723465703971119
28911,0.554416365824308
28912,0.84676293622142
28913,0.23157641395908546
28914,0.9221419975932611
28915,0.17143200962695548
28916,0.7510709987966306
28917,0.1163898916967509
28918,0.2812033694344164
28919,0.761540312876053
28920,0.7209867629362214
28921,0.14685920577617328
28922,0.7898194945848376
28923,0.8751383874849579
28924,0.7582671480144405
28925,0.219927797833935
28926,0.4358363417569194
28927,0.6086161251504212
28928,0.26664259927797834
28929,0.44827918170878456
28930,0.7445968712394705
28931,0.5858483754512636
28932,0.5516004813477737
28933,0.14664259927797835
28934,0.6345367027677498
28935,0.3437063778580024
28936,0.4566787003610108
28937,0.17150421179302044
28938,0.2121780986762936
28939,0.48086642599277973
28940,0.36231046931407945
28941,0.22967509025270758
28942,0.7838507821901324
28943,0.31593261131167266
28944,0.07135980746089049
28945,0.6374488567990373
28946,0.5006738868832732
28947,0.8935499398315283
28948,0.018844765342960288
28949,0.17793020457280384
28950,0.4321058965102286
28951,0.3267870036101083
28952,0.9704452466907341
28953,0.24113116726835138
28954,0.9489771359807462
28955,0.12567990373044524
28956,0.23386281588447652
28957,0.4592057761732852
28958,0.6592779783393502
28959,0.6741275571600481
28960,0.3529963898916968
28961,0.6385800240673887
28962,0.28216606498194946
28963,0.03764139590854393
28964,0.0363898916967509
28965,0.35051744885679903
28966,0.5383634175691938
28967,0.8369434416365824
28968,0.9624548736462094
28969,0.4447412755716005
28970,0.5463056558363417
28971,0.1185800240673887
28972,0.5755956678700361
28973,0.2231768953068592
28974,0.4928519855595668
28975,0.6710950661853189
28976,0.24197352587244286
28977,0.1415884476534296
28978,0.13451263537906138
28979,0.22560770156438026
28980,0.12240673886883273
28981,0.42669073405535496
28982,0.7850541516245487
28983,0.35169675090252706
28984,0.07393501805054152
28985,0.09179302045728038
28986,0.4754512635379061
28987,0.9356678700361011
28988,0.7938146811070999
28989,0.7980746089049338
28990,0.15848375451263536
28991,0.20632972322503007
28992,0.16654632972322503
28993,0.3923465703971119
28994,0.49723225030084234
28995,0.5560048134777377
28996,0.8364861612515042
28997,0.6709987966305656
28998,0.2876534296028881
28999,0.6107099879663056
29000,0.15419975932611313
29001,0.056462093862815886
29002,0.4359085439229844
29003,0.06962695547533093
29004,0.7575691937424789
29005,0.5691456077015644
29006,0.2863297232250301
29007,0.8990613718411553
29008,0.6738146811071
29009,0.9566064981949458
29010,0.13258724428399518
29011,0.055788206979542725
29012,0.9263537906137185
29013,0.5596871239470518
29014,0.629699157641396
29015,0.08014440433212996
29016,0.9445487364620939
29017,0.4737184115523466
29018,0.5856317689530686
29019,0.6105655836341757
29020,0.8429602888086642
29021,0.4696750902527076
29022,0.21054151624548736
29023,0.6759326113116726
29024,0.5293622141997594
29025,0.2645968712394705
29026,0.5407942238267148
29027,0.16830324909747293
29028,0.14312876052948256
29029,0.5924187725631769
29030,0.14086642599277976
29031,0.06527075812274369
29032,0.6110469314079423
29033,0.51352587244284
29034,0.7078941034897714
29035,0.3043080625752106
29036,0.17133574007220218
29037,0.2169434416365824
29038,0.1842358604091456
29039,0.9276774969915764
29040,0.837208182912154
29041,0.28322503008423583
29042,0.07025270758122744
29043,0.6123225030084236
29044,0.3518170878459687
29045,0.3511432009626956
29046,0.6132129963898917
29047,0.40827918170878463
29048,0.8117930204572803
29049,0.9725872442839951
29050,0.6889049338146811
29051,0.24709987966305655
29052,0.5547292418772563
29053,0.6020938628158845
29054,0.35237063778580024
29055,0.21492178098676296
29056,0.14835138387484958
29057,0.4702286401925391
29058,0.5045246690734055
29059,0.5521058965102287
29060,0.3340794223826715
29061,0.6590613718411552
29062,0.7078941034897713
29063,0.2377858002406739
29064,0.5902045728038507
29065,0.3913598074608905
29066,0.9948495788206979
29067,0.839638989169675
29068,0.49817087845968716
29069,0.8534055354993983
29070,0.6289530685920578
29071,0.7303730445246691
29072,0.711768953068592
29073,0.6527557160048134
29074,0.17456077015643803
29075,0.6378580024067388
29076,0.8637304452466907
29077,0.7998315282791817
29078,0.7394705174488568
29079,0.12180505415162454
29080,0.2680385078219013
29081,0.6329241877256317
29082,0.8693140794223826
29083,0.4452466907340553
29084,0.9845246690734055
29085,0.8854632972322503
29086,0.10647412755716004
29087,0.4396871239470518
29088,0.7608182912154031
29089,0.8423826714801443
29090,0.729410348977136
29091,0.17583634175691937
29092,0.7408182912154031
29093,0.3118892900120337
29094,0.05114320096269555
29095,0.15150421179302045
29096,0.9647412755716005
29097,0.09966305655836341
29098,0.5370156438026474
29099,0.3050060168471721
29100,0.09843561973525873
29101,0.8619253910950662
29102,0.22746089049338147
29103,0.4251504211793021
29104,0.03983152827918171
29105,0.1725872442839952
29106,0.448086642599278
29107,0.020120336943441636
29108,0.40166064981949456
29109,0.7954271961492179
29110,0.8908303249097473
29111,0.606401925391095
29112,0.7307340553549939
29113,0.25496991576413963
29114,0.8057280385078219
29115,0.39128760529482554
29116,0.28705174488567986
29117,0.46067388688327315
29118,0.6075090252707581
29119,0.7152587244283994
29120,0.30570397111913356
29121,0.07978339350180505
29122,0.37338146811071
29123,0.7973044524669073
29124,0.5445487364620939
29125,0.5196389891696751
29126,0.8514801444043322
29127,0.18259927797833936
29128,0.41978339350180505
29129,0.1329482551143201
29130,0.8767990373044525
29131,0.33783393501805054
29132,0.23699157641395907
29133,0.985078219013237
29134,0.5449578820697953
29135,0.9948014440433213
29136,0.015812274368231044
29137,0.3809386281588447
29138,0.4203850782190133
29139,0.7658483754512635
29140,0.23487364620938628
29141,0.7248616125150421
29142,0.7631287605294825
29143,0.6466907340553549
29144,0.3089049338146811
29145,0.6123465703971119
29146,0.938892900120337
29147,0.09785800240673886
29148,0.8293622141997593
29149,0.5293381468110709
29150,0.9509265944645007
29151,0.6307099879663056
29152,0.7139109506618533
29153,0.8470517448856799
29154,0.6776173285198557
29155,0.9018291215403129
29156,0.31475330926594464
29157,0.5912876052948255
29158,0.5353549939831528
29159,0.9008664259927798
29160,0.021371841155234658
29161,0.37037304452466907
29162,0.9567990373044525
29163,0.30445246690734057
29164,0.24613718411552346
29165,0.3857521058965102
29166,0.4032731648616125
29167,0.25369434416365827
29168,0.8703971119133573
29169,0.9459687123947051
29170,0.3211311672683514
29171,0.8665703971119134
29172,0.7444043321299638
29173,0.7763658243080627
29174,0.17749699157641396
29175,0.2382430806257521
29176,0.7870758122743682
29177,0.04192539109506618
29178,0.21699157641395908
29179,0.1771841155234657
29180,0.5619735258724428
29181,0.976317689530686
29182,0.9363898916967509
29183,0.6606016847172083
29184,0.8678941034897714
29185,0.23935018050541518
29186,0.37186522262334537
29187,0.57367027677497
29188,0.4924428399518652
29189,0.13740072202166065
29190,0.11788206979542719
29191,0.41679903730445245
29192,0.1366546329723225
29193,0.3680385078219013
29194,0.025800240673886886
29195,0.5962936221419977
29196,0.8714560770156438
29197,0.5622382671480145
29198,0.8899879663056558
29199,0.6529723225030084
29200,0.8561251504211793
29201,0.25395908543922985
29202,0.9280625752105897
29203,0.525511432009627
29204,0.24876052948255115
29205,0.9015884476534296
29206,0.13821901323706376
29207,0.5647412755716006
29208,0.4870276774969916
29209,0.03504211793020457
29210,0.1665222623345367
29211,0.14500601684717207
29212,0.388014440433213
29213,0.35468110709987966
29214,0.24604091456077015
29215,0.7882791817087846
29216,0.6554031287605295
29217,0.7410108303249098
29218,0.043417569193742477
29219,0.33590854392298436
29220,0.4088327316486161
29221,0.9656317689530686
29222,0.7255836341756919
29223,0.17369434416365825
29224,0.3392298435619735
29225,0.08392298435619736
29226,0.7498194945848375
29227,0.6124428399518652
29228,0.6788688327316486
29229,0.6353068592057762
29230,0.28394705174488566
29231,0.3583152827918171
29232,0.29359807460890497
29233,0.6740072202166065
29234,0.17975932611311674
29235,0.7375691937424789
29236,0.12363417569193744
29237,0.18832731648616124
29238,0.8146089049338147
29239,0.00028880866425992776
29240,0.7869073405535499
29241,0.24823104693140793
29242,0.7574729241877256
29243,0.3920336943441637
29244,0.48719614921780985
29245,0.22064981949458484
29246,0.2054632972322503
29247,0.6000000000000001
29248,0.25985559566787003
29249,0.9146570397111913
29250,0.7638507821901324
29251,0.37200962695547535
29252,0.5405776173285198
29253,0.9979542719614922
29254,0.5134777376654633
29255,0.7264500601684717
29256,0.581107099879663
29257,0.23487364620938628
29258,0.13099879663056557
29259,0.6364380264741275
29260,0.4264741275571601
29261,0.6342238267148015
29262,0.06726835138387485
29263,0.1465944645006017
29264,0.9466425992779783
29265,0.5630084235860409
29266,0.3982671480144404
29267,0.10334536702767749
29268,0.5357160048134777
29269,0.7172563176895307
29270,0.9649819494584837
29271,0.12267148014440434
29272,0.6866425992779783
29273,0.7931407942238267
29274,0.6574007220216607
29275,0.7546570397111914
29276,0.8235860409145608
29277,0.16141997593261131
29278,0.5803850782190132
29279,0.11395908543922985
29280,0.46548736462093865
29281,0.22974729241877256
29282,0.8359326113116727
29283,0.6919614921780987
29284,0.8422623345367029
29285,0.17480144404332132
29286,0.1612274368231047
29287,0.18746089049338147
29288,0.9941034897713599
29289,0.7078459687123947
29290,0.6249097472924188
29291,0.06009626955475331
29292,0.2764861612515042
29293,0.06794223826714801
29294,0.23684717208182912
29295,0.9383393501805054
29296,0.8247653429602888
29297,0.3704933814681107
29298,0.74647412755716
29299,0.5733333333333333
29300,0.5323706377858002
29301,0.8365342960288809
29302,0.8512154031287605
29303,0.2755956678700361
29304,0.8795908543922984
29305,0.1269554753309266
29306,0.8371841155234656
29307,0.9228880866425992
29308,0.18040914560770155
29309,0.4648856799037304
29310,0.9165102286401925
29311,0.9856799037304452
29312,0.6996630565583635
29313,0.7877737665463297
29314,0.29670276774969917
29315,0.3993020457280385
29316,0.918676293622142
29317,0.4690012033694344
29318,0.9633935018050541
29319,0.5648616125150421
29320,0.5908062575210589
29321,0.9479663056558363
29322,0.9848616125150421
29323,0.54705174488568
29324,0.9850541516245488
29325,0.8345367027677497
29326,0.3170878459687124
29327,0.9430565583634176
29328,0.9678219013237064
29329,0.19747292418772563
29330,0.3860649819494585
29331,0.9149458483754513
29332,0.7555716004813477
29333,0.37003610108303253
29334,0.8113357400722021
29335,0.37412755716004814
29336,0.0368231046931408
29337,0.2723947051744886
29338,0.5
29339,0.03436823104693141
29340,0.39968712394705175
29341,0.8006979542719614
29342,0.5293140794223827
29343,0.5985800240673886
29344,0.9446931407942238
29345,0.964115523465704
29346,0.4782190132370638
29347,0.5751865222623345
29348,0.14885679903730445
29349,0.053790613718411553
29350,0.6114079422382671
29351,0.058989169675090256
29352,0.33196149217809867
29353,0.6276774969915764
29354,0.27918170878459686
29355,0.30657039711191336
29356,0.9130685920577617
29357,0.7129963898916968
29358,0.40252707581227437
29359,0.7936462093862816
29360,0.10688327316486163
29361,0.21961492178098677
29362,0.8473164861612514
29363,0.020746089049338147
29364,0.8884235860409146
29365,0.09369434416365824
29366,0.2668592057761733
29367,0.2160529482551143
29368,0.2045968712394705
29369,0.8264259927797835
29370,0.564259927797834
29371,0.8258002406738869
29372,0.12541516245487364
29373,0.2454632972322503
29374,0.202719614921781
29375,0.7724187725631768
29376,0.3237063778580024
29377,0.2420216606498195
29378,0.7074849578820698
29379,0.24551143200962694
29380,0.3170397111913358
29381,0.701612515042118
29382,0.9245246690734055
29383,0.5790373044524669
29384,0.590734055354994
29385,0.6089049338146811
29386,0.10416365824308062
29387,0.9653188929001204
29388,0.7752346570397113
29389,0.14813477737665465
29390,0.28209386281588444
29391,0.408158844765343
29392,0.5304211793020457
29393,0.6180746089049338
29394,0.2802647412755716
29395,0.3451744885679904
29396,0.8597833935018051
29397,0.8478219013237064
29398,0.291913357400722
29399,0.7894344163658242
29400,0.7502286401925391
29401,0.16825511432009627
29402,0.07229843561973526
29403,0.01335740072202166
29404,0.22799037304452469
29405,0.7565342960288808
29406,0.9337906137184115
29407,0.3590613718411552
29408,0.31906137184115524
29409,0.7148255114320097
29410,0.3159326113116727
29411,0.4706137184115523
29412,0.576028880866426
29413,0.43696750902527076
29414,0.44187725631768954
29415,0.35865222623345366
29416,0.6420938628158845
29417,0.7016365824308063
29418,0.4651744885679904
29419,0.3697954271961492
29420,0.02606498194945848
29421,0.8069795427196149
29422,0.15068592057761732
29423,0.4320336943441636
29424,0.46731648616125154
29425,0.2604572803850782
29426,0.13990373044524668
29427,0.8115523465703971
29428,0.85367027677497
29429,0.727942238267148
29430,0.17417569193742477
29431,0.35617328519855596
29432,0.4811552346570397
29433,0.4035379061371841
29434,0.4446450060168472
29435,0.30933814681107097
29436,0.9766305655836343
29437,0.9876774969915765
29438,0.35326113116726837
29439,0.5198074608904933
29440,0.8287364620938629
29441,0.08007220216606498
29442,0.9567268351383875
29443,0.6380264741275572
29444,0.7704933814681107
29445,0.19756919374247894
29446,0.11174488567990373
29447,0.642864019253911
29448,0.8584837545126354
29449,0.6886401925391095
29450,0.03282791817087846
29451,0.5822382671480144
29452,0.557135980746089
29453,0.22563176895306858
29454,0.3096028880866426
29455,0.9795908543922984
29456,0.2621419975932611
29457,0.446690734055355
29458,0.2942719614921781
29459,0.827797833935018
29460,0.5262575210589651
29461,0.22832731648616125
29462,0.9869314079422382
29463,0.508086642599278
29464,0.8223104693140795
29465,0.35432009626955474
29466,0.26401925391095066
29467,0.31793020457280385
29468,0.974705174488568
29469,0.09448856799037304
29470,0.9325631768953069
29471,0.44416365824308063
29472,0.8767749699157641
29473,0.4963898916967509
29474,0.23504211793020457
29475,0.09631768953068592
29476,0.8328038507821902
29477,0.9677496991576414
29478,0.19465703971119133
29479,0.9269314079422383
29480,0.8127797833935018
29481,0.21845968712394703
29482,0.9757400722021661
29483,0.8167990373044525
29484,0.8828399518652226
29485,0.23049338146811071
29486,0.8400240673886883
29487,0.45482551143200967
29488,0.23015643802647412
29489,0.33942238267148017
29490,0.41321299638989173
29491,0.1379783393501805
29492,0.4327797833935018
29493,0.19388688327316486
29494,0.6620457280385078
29495,0.45973525872442844
29496,0.46204572803850785
29497,0.13369434416365822
29498,0.3885920577617329
29499,0.5970397111913357
29500,0.896389891696751
29501,0.8166787003610109
29502,0.6322503008423586
29503,0.02702767749699158
29504,0.7819253910950661
29505,0.23663056558363416
29506,0.42175691937424786
29507,0.38438026474127557
29508,0.7880625752105896
29509,0.2931407942238267
29510,0.3122262334536703
29511,0.14276774969915765
29512,0.3958363417569194
29513,0.7977135980746088
29514,0.921034897713598
29515,0.6269314079422383
29516,0.402719614921781
29517,0.9819494584837545
29518,0.44204572803850783
29519,0.17116726835138388
29520,0.03622141997593261
29521,0.4636823104693141
29522,0.8060409145607701
29523,0.12618531889290013
29524,0.43641395908543923
29525,0.9070758122743683
29526,0.6958604091456078
29527,0.36936221419975934
29528,0.5951143200962696
29529,0.31631768953068595
29530,0.06796630565583633
29531,0.08464500601684717
29532,0.28543922984356196
29533,0.06818291215403129
29534,0.7015884476534295
29535,0.649121540312876
29536,0.47581227436823104
29537,0.803971119133574
29538,0.8284235860409146
29539,0.9767268351383875
29540,0.15217809867629362
29541,0.5836582430806257
29542,0.5324669073405536
29543,0.051070998796630566
29544,0.2507099879663056
29545,0.35025270758122745
29546,0.22110709987966307
29547,0.13795427196149218
29548,0.394560770156438
29549,0.3768712394705175
29550,0.47270758122743683
29551,0.004428399518652227
29552,0.45095066185318894
29553,0.7938628158844765
29554,0.7020457280385078
29555,0.8445728038507823
29556,0.8388206979542719
29557,0.5424067388688327
29558,0.2449338146811071
29559,0.35949458483754515
29560,0.46823104693140793
29561,0.8444765342960289
29562,0.3391335740072202
29563,0.47075812274368234
29564,0.8182912154031288
29565,0.8779302045728039
29566,0.7539590854392298
29567,0.9567027677496992
29568,0.6884957882069795
29569,0.0692418772563177
29570,0.774271961492178
29571,0.17203369434416366
29572,0.9270758122743682
29573,0.12796630565583633
29574,0.1279181708784597
29575,0.6863056558363418
29576,0.9574729241877256
29577,0.7384356197352587
29578,0.8941516245487364
29579,0.2523947051744886
29580,0.6178339350180506
29581,0.5037063778580024
29582,0.5941034897713598
29583,0.3427436823104693
29584,0.23097472924187723
29585,0.41966305655836345
29586,0.576991576413959
29587,0.19237063778580024
29588,0.3645246690734055
29589,0.345511432009627
29590,0.7009386281588448
29591,0.5696510228640193
29592,0.6536462093862816
29593,0.07253910950661853
29594,0.6203128760529483
29595,0.7701323706377858
29596,0.8084957882069795
29597,0.27607701564380266
29598,0.1343682310469314
29599,0.7161492178098676
29600,0.5874368231046931
29601,0.9072924187725632
29602,0.8770397111913357
29603,0.12495788206979543
29604,0.4241636582430806
29605,0.41865222623345366
29606,0.26057761732851986
29607,0.16418772563176898
29608,0.2141034897713598
29609,0.2830806257521059
29610,0.6300361010830324
29611,0.9320818291215403
29612,0.0008904933814681107
29613,0.8766787003610108
29614,0.22014440433212995
29615,0.25097472924187725
29616,0.6899638989169675
29617,0.8683273164861612
29618,0.9209386281588448
29619,0.7213477737665464
29620,0.6334296028880866
29621,0.1009626955475331
29622,0.40760529482551144
29623,0.6831528279181709
29624,0.2125150421179302
29625,0.048038507821901326
29626,0.20779783393501805
29627,0.36604091456077015
29628,0.5312394705174488
29629,0.8375451263537906
29630,0.21655836341756918
29631,0.38993983152827916
29632,0.09210589651022864
29633,0.8032972322503008
29634,0.7087364620938628
29635,0.31220216606498197
29636,0.29612515042117926
29637,0.8520096269554753
29638,0.5508543922984356
29639,0.19641395908543924
29640,0.4950902527075812
29641,0.4598315282791817
29642,0.45492178098676295
29643,0.525078219013237
29644,0.5030324909747292
29645,0.22851985559566787
29646,0.7834175691937424
29647,0.40129963898916965
29648,0.24876052948255112
29649,0.32425992779783397
29650,0.8479663056558363
29651,0.13494584837545126
29652,0.43314079422382673
29653,0.6669073405535499
29654,0.34664259927797836
29655,0.7241877256317689
29656,0.5514079422382672
29657,0.7976895306859206
29658,0.09742478941034897
29659,0.5170397111913357
29660,0.1928760529482551
29661,0.9089530685920577
29662,0.9690252707581228
29663,0.29468110709987966
29664,0.32351383874849576
29665,0.9910709987966306
29666,0.5391095066185319
29667,0.04575210589651023
29668,0.4166064981949459
29669,0.39371841155234655
29670,0.7846931407942239
29671,0.6153549939831529
29672,0.5439229843561973
29673,0.7219735258724429
29674,0.2551865222623345
29675,0.29273164861612516
29676,0.4876052948255114
29677,0.02036101083032491
29678,0.9989891696750903
29679,0.2113598074608905
29680,0.8495788206979542
29681,0.5448375451263539
29682,0.3989410348977136
29683,0.4264259927797834
29684,0.48226233453670275
29685,0.19819494584837544
29686,0.41439229843561975
29687,0.06743682310469314
29688,0.16120336943441638
29689,0.7992539109506618
29690,0.07441636582430806
29691,0.5308543922984357
29692,0.485294825511432
29693,0.37578820697954274
29694,0.7294584837545126
29695,0.2586522262334537
29696,0.9659205776173285
29697,0.7026233453670276
29698,0.589554753309266
29699,0.4340553549939832
29700,0.6752587244283995
29701,0.31956678700361013
29702,0.7577858002406739
29703,0.802719614921781
29704,0.5935980746089049
29705,0.4310709987966306
29706,0.9380746089049339
29707,0.12616125150421179
29708,0.7879422382671479
29709,0.5680385078219014
29710,0.9698676293622142
29711,0.13410348977135983
29712,0.75352587244284
29713,0.12418772563176896
29714,0.3217809867629362
29715,0.07646209386281588
29716,0.5731407942238267
29717,0.015403128760529482
29718,0.2045728038507822
29719,0.48009626955475326
29720,0.5151143200962696
29721,0.8784356197352587
29722,0.42837545126353793
29723,0.3044283995186522
29724,0.4671480144404332
29725,0.9941034897713599
29726,0.5152346570397113
29727,0.15270758122743683
29728,0.5814440433212997
29729,0.6665222623345367
29730,0.09444043321299639
29731,0.5990854392298435
29732,0.336101083032491
29733,0.14755716004813477
29734,0.31448856799037306
29735,0.7186522262334536
29736,0.7360048134777377
29737,0.1981468110709988
29738,0.9888327316486161
29739,0.3849578820697954
29740,0.5070276774969915
29741,0.8972081829121541
29742,0.8457521058965103
29743,0.6619975932611312
29744,0.931913357400722
29745,0.4068832731648616
29746,0.9826714801444043
29747,0.3907581227436823
29748,0.8677737665463297
29749,0.16577617328519856
29750,0.8113598074608905
29751,0.23179302045728037
29752,0.29273164861612516
29753,0.9799037304452467
29754,0.2584837545126354
29755,0.8598315282791817
29756,0.265222623345367
29757,0.5340553549939832
29758,0.5386281588447653
29759,0.6834657039711192
29760,0.29439229843561976
29761,0.2148736462093863
29762,0.094632972322503
29763,0.993309265944645
29764,0.2507581227436823
29765,0.7262093862815884
29766,0.8784837545126354
29767,0.611095066185319
29768,0.692202166064982
29769,0.5781708784596872
29770,0.8322503008423585
29771,0.06647412755716005
29772,0.36019253910950666
29773,0.8608182912154032
29774,0.14693140794223827
29775,0.6061131167268351
29776,0.09499398315282792
29777,0.20028880866425994
29778,0.2393020457280385
29779,0.13492178098676294
29780,0.9161010830324909
29781,0.41470517448856803
29782,0.4264981949458484
29783,0.14640192539109506
29784,0.4474849578820698
29785,0.9332129963898916
29786,0.8208182912154032
29787,0.6043561973525873
29788,0.7546329723225029
29789,0.20719614921780985
29790,0.7051263537906136
29791,0.32539109506618535
29792,0.7611070998796631
29793,0.5455114320096269
29794,0.6098676293622143
29795,0.8403850782190132
29796,0.12019253910950661
29797,0.04276774969915764
29798,0.5483754512635379
29799,0.78661853188929
29800,0.21908543922984358
29801,0.35598074608904934
29802,0.18818291215403127
29803,0.6459927797833935
29804,0.6483995186522262
29805,0.42815884476534294
29806,0.4919614921780987
29807,0.7592298435619735
29808,0.45583634175691934
29809,0.8724669073405535
29810,0.45785800240673885
29811,0.29764139590854394
29812,0.7671239470517449
29813,0.4768231046931408
29814,0.2020216606498195
29815,0.9365824308062576
29816,0.8661853188929001
29817,0.6460649819494585
29818,0.9334296028880866
29819,0.7767990373044524
29820,0.07227436823104694
29821,0.12558363417569193
29822,0.45509025270758124
29823,0.8489530685920578
29824,0.9526113116726835
29825,0.38671480144404335
29826,0.6666666666666667
29827,0.47547533092659444
29828,0.852057761732852
29829,0.9126835138387485
29830,0.5917930204572804
29831,0.5070036101083033
29832,0.9845728038507822
29833,0.37978339350180507
29834,0.2527797833935018
29835,0.07821901323706378
29836,0.4430806257521059
29837,0.03716004813477738
29838,0.985222623345367
29839,0.10589651022864019
29840,0.39362214199759327
29841,0.9999518652226234
29842,0.3320096269554753
29843,0.12226233453670277
29844,0.2281829121540313
29845,0.019229843561973527
29846,0.5165342960288809
29847,0.46584837545126356
29848,0.31114320096269554
29849,0.6793261131167267
29850,0.8038507821901324
29851,0.7527797833935018
29852,0.33090252707581225
29853,0.14611311672683513
29854,0.13545126353790615
29855,0.5378820697954272
29856,0.39275571600481346
29857,0.6925872442839951
29858,0.2153068592057762
29859,0.7521540312876054
29860,0.8078941034897713
29861,0.3928519855595668
29862,0.30012033694344165
29863,0.7928038507821902
29864,0.9324909747292418
29865,0.8020216606498195
29866,0.478604091456077
29867,0.9948014440433213
29868,0.13561973525872442
29869,0.9132851985559567
29870,0.959927797833935
29871,0.041299638989169676
29872,0.6014199759326113
29873,0.2938628158844765
29874,0.30495788206979546
29875,0.3772563176895307
29876,0.6948255114320097
29877,0.8365583634175692
29878,0.32929001203369435
29879,0.21566787003610108
29880,0.22291215403128758
29881,0.8589891696750902
29882,0.9754753309265944
29883,0.19949458483754512
29884,0.1671480144404332
29885,0.9056799037304453
29886,0.9404813477737666
29887,0.5338387484957883
29888,0.5449578820697955
29889,0.5969915764139591
29890,0.1713598074608905
29891,0.5780024067388688
29892,0.8978098676293622
29893,0.616173285198556
29894,0.12587244283995186
29895,0.38421179302045727
29896,0.9795667870036101
29897,0.6039711191335739
29898,0.48009626955475326
29899,0.5561732851985559
29900,0.5455836341756919
29901,0.6758122743682311
29902,0.8489049338146811
29903,0.4513357400722022
29904,0.8514320096269554
29905,0.284115523465704
29906,0.9924909747292419
29907,0.8288567990373044
29908,0.4257039711191336
29909,0.05160048134777377
29910,0.945367027677497
29911,0.43448856799037305
29912,0.794632972322503
29913,0.6419013237063778
29914,0.8996871239470516
29915,0.5705415162454874
29916,0.28957882069795426
29917,0.9158363417569193
29918,0.6302045728038508
29919,0.0651985559566787
29920,0.27511432009626957
29921,0.5419975932611312
29922,0.09432009626955476
29923,0.35167268351383874
29924,0.6177376654632973
29925,0.7298916967509026
29926,0.4494584837545126
29927,0.46512635379061373
29928,0.14524669073405536
29929,0.5619253910950661
29930,0.36904933814681107
29931,0.43802647412755713
29932,0.9688808664259928
29933,0.09316486161251504
29934,0.8780024067388688
29935,0.7790854392298436
29936,0.17068592057761733
29937,0.8537184115523466
29938,0.8483995186522262
29939,0.6761251504211793
29940,0.12240673886883274
29941,0.06024067388688327
29942,0.6285679903730446
29943,0.6614921780986762
29944,0.7915042117930204
29945,0.8848134777376655
29946,0.16303249097472924
29947,0.6635379061371842
29948,0.5444765342960289
29949,0.9935740072202166
29950,0.751913357400722
29951,0.8952105896510228
29952,0.8446690734055355
29953,0.446690734055355
29954,0.79323706377858
29955,0.11018050541516246
29956,0.5184596871239471
29957,0.13501805054151625
29958,0.3924187725631769
29959,0.07482551143200963
29960,0.9059446450060169
29961,0.04093862815884476
29962,0.24
29963,0.21995186522262333
29964,0.3667870036101083
29965,0.3102045728038508
29966,0.6271961492178099
29967,0.19588447653429603
29968,0.10038507821901324
29969,0.2289771359807461
29970,0.5276534296028881
29971,0.48967509025270756
29972,0.43253910950661856
29973,0.4805535499398315
29974,0.1862815884476534
29975,0.43614921780986765
29976,0.03434416365824308
29977,0.052105896510228636
29978,0.6899157641395909
29979,0.4622382671480144
29980,0.9068832731648616
29981,0.4411552346570397
29982,0.7426955475330926
29983,0.255884476534296
29984,0.07670276774969917
29985,0.5137906137184115
29986,0.4496750902527076
29987,0.4563658243080626
29988,0.31330926594464503
29989,0.11725631768953068
29990,0.6389891696750902
29991,0.9673164861612515
29992,0.1757400722021661
29993,0.6019975932611312
29994,0.059542719614921774
29995,0.029121540312876053
29996,0.8510709987966305
29997,0.7813718411552346
29998,0.8572563176895307
29999,0.5405054151624549
30000,0.6960288808664259
30001,0.3284476534296029
30002,0.3883995186522262
30003,0.6248616125150421
30004,0.3311672683513839
30005,0.3816847172081829
30006,0.5246690734055355
30007,0.674560770156438
30008,0.9569675090252707
30009,0.5084717208182913
30010,0.8031768953068592
30011,0.45080625752105896
30012,0.19992779783393502
30013,0.5416606498194946
30014,0.48098676293622145
30015,0.00726835138387485
30016,0.7600481347773766
30017,0.16577617328519856
30018,0.3810348977135981
30019,0.31530685920577617
30020,0.708086642599278
30021,0.6968712394705174
30022,0.19456077015643802
30023,0.8971119133574008
30024,0.44734055354993985
30025,0.1417809867629362
30026,0.7487845968712394
30027,0.1508303249097473
30028,0.7940312876052948
30029,0.2810348977135981
30030,0.3718892900120337
30031,0.1099638989169675
30032,0.6434175691937425
30033,0.8170156438026475
30034,0.9548736462093863
30035,0.009506618531889291
30036,0.794921780986763
30037,0.06575210589651023
30038,0.18267148014440432
30039,0.9943922984356197
30040,0.13838748495788206
30041,0.43330926594464503
30042,0.505583634175692
30043,0.15971119133574008
30044,0.254560770156438
30045,0.25879663056558366
30046,0.7937424789410349
30047,0.11174488567990373
30048,0.39126353790613716
30049,0.6728279181708785
30050,0.585006016847172
30051,0.5871720818291215
30052,0.08953068592057761
30053,0.041997593261131165
30054,0.34806257521058964
30055,0.06712394705174488
30056,0.7868832731648616
30057,0.5739350180505416
30058,0.8974729241877257
30059,0.7097954271961492
30060,0.8096750902527076
30061,0.5315042117930204
30062,0.43080625752105894
30063,0.47790613718411556
30064,0.7911672683513838
30065,0.7589169675090253
30066,0.12666666666666665
30067,0.7369193742478941
30068,0.7325150421179303
30069,0.5515764139590854
30070,0.5593501805054152
30071,0.678892900120337
30072,0.12435619735258725
30073,0.1979783393501805
30074,0.9147533092659447
30075,0.4230324909747293
30076,0.8066907340553551
30077,0.360072202166065
30078,0.732274368231047
30079,0.589554753309266
30080,0.0806979542719615
30081,0.23886883273164863
30082,0.5977376654632973
30083,0.45540312876052946
30084,0.81367027677497
30085,0.5992539109506618
30086,0.6789651022864018
30087,0.75323706377858
30088,0.6212755716004814
30089,0.7893862815884476
30090,0.12113116726835138
30091,0.13879663056558364
30092,0.9855595667870036
30093,0.5040673886883273
30094,0.1970878459687124
30095,0.48594464500601686
30096,0.8020938628158845
30097,0.7977858002406739
30098,0.8677496991576414
30099,0.4230565583634176
30100,0.6830565583634176
30101,0.36471720818291214
30102,0.8891696750902527
30103,0.5558844765342961
30104,0.6170878459687124
30105,0.5394464500601684
30106,0.667725631768953
30107,0.8937424789410349
30108,0.8822382671480145
30109,0.9898676293622142
30110,0.8958122743682311
30111,0.5897954271961492
30112,0.913309265944645
30113,0.6872202166064982
30114,0.45872442839951866
30115,0.5923465703971119
30116,0.8053188929001203
30117,0.1702286401925391
30118,0.8055114320096269
30119,0.11853188929001204
30120,0.9082791817087845
30121,0.13968712394705174
30122,0.05687123947051745
30123,0.38957882069795424
30124,0.48611311672683516
30125,0.8077015643802647
30126,0.12534296028880865
30127,0.4892900120336944
30128,0.30081829121540316
30129,0.6197833935018051
30130,0.41299638989169674
30131,0.5990613718411553
30132,0.27359807460890495
30133,0.349193742478941
30134,0.8049819494584838
30135,0.5161973525872443
30136,0.766690734055355
30137,0.4028640192539109
30138,0.2845728038507822
30139,0.82661853188929
30140,0.10895306859205776
30141,0.6010589651022864
30142,0.4836101083032491
30143,0.13253910950661854
30144,0.10647412755716004
30145,0.3658965102286402
30146,0.7424789410348978
30147,0.7375451263537907
30148,0.5532851985559567
30149,0.7570878459687125
30150,0.4599037304452467
30151,0.1889049338146811
30152,0.3996149217809868
30153,0.2670758122743682
30154,0.10560770156438026
30155,0.5781227436823104
30156,0.33472924187725633
30157,0.333164861612515
30158,0.6746570397111913
30159,0.5605535499398315
30160,0.23063778580024066
30161,0.1371600481347774
30162,0.6485920577617328
30163,0.611841155234657
30164,0.45492178098676295
30165,0.4903971119133574
30166,0.19713598074608904
30167,0.5063297232250301
30168,0.19496991576413958
30169,0.12086642599277979
30170,0.5522262334536703
30171,0.3897472924187726
30172,0.8890493381468111
30173,0.6179542719614922
30174,0.7305174488567991
30175,0.9107581227436823
30176,0.8349939831528279
30177,0.5565102286401925
30178,0.03261131167268352
30179,0.5093381468110709
30180,0.9261612515042117
30181,0.6096028880866426
30182,0.30669073405535496
30183,0.515956678700361
30184,0.32
30185,0.7601444043321299
30186,0.218748495788207
30187,0.08904933814681107
30188,0.4715282791817088
30189,0.8845968712394705
30190,0.18310469314079425
30191,0.7290252707581227
30192,0.17829121540312876
30193,0.6275090252707581
30194,0.9971119133574007
30195,0.7931889290012033
30196,0.0908303249097473
30197,0.5597833935018051
30198,0.8211552346570397
30199,0.7774729241877256
30200,0.3372563176895307
30201,0.523152827918171
30202,0.5365583634175692
30203,0.4426955475330927
30204,0.22541516245487364
30205,0.8152827918170878
30206,0.47167268351383873
30207,0.4185800240673887
30208,0.4141275571600481
30209,0.17723225030084236
30210,0.42190132370637784
30211,0.23073405535499397
30212,0.996847172081829
30213,0.0966546329723225
30214,0.5783874849578821
30215,0.16524669073405535
30216,0.2926353790613718
30217,0.6335499398315283
30218,0.006161251504211793
30219,0.6259446450060169
30220,0.9982430806257521
30221,0.8814921780986763
30222,0.937208182912154
30223,0.16567990373044525
30224,0.7082551143200964
30225,0.7184837545126355
30226,0.110661853188929
30227,0.23119133574007222
30228,0.5156438026474127
30229,0.8003850782190132
30230,0.3636823104693141
30231,0.8470517448856799
30232,0.3111191335740072
30233,0.5970878459687123
30234,0.9939831528279182
30235,0.8406979542719615
30236,0.9517448856799038
30237,0.23768953068592058
30238,0.034921780986762935
30239,0.9684235860409145
30240,0.9765102286401925
30241,0.8406257521058965
30242,0.5140312876052948
30243,0.037015643802647415
30244,0.14979542719614922
30245,0.7396871239470517
30246,0.061034897713598074
30247,0.30724428399518655
30248,0.24876052948255115
30249,0.7197833935018051
30250,0.9101564380264742
30251,0.013237063778580024
30252,0.8646931407942238
30253,0.8689290012033695
30254,0.7513357400722022
30255,0.6964620938628159
30256,0.9011070998796631
30257,0.6958604091456078
30258,0.668086642599278
30259,0.3575932611311673
30260,0.18387484957882072
30261,0.7089530685920578
30262,0.28912154031287607
30263,0.022599277978339348
30264,0.7238507821901323
30265,0.6442117930204573
30266,0.9368231046931408
30267,0.7884235860409146
30268,0.781540312876053
30269,0.7871720818291216
30270,0.18842358604091458
30271,0.33123947051744884
30272,0.7003610108303249
30273,0.16454873646209386
30274,0.17063778580024067
30275,0.22365824308062576
30276,0.42645006016847176
30277,0.15564380264741273
30278,0.11460890493381468
30279,0.7038748495788207
30280,0.2775932611311673
30281,0.8385559566787004
30282,0.19422382671480143
30283,0.6255354993983153
30284,0.7476774969915765
30285,0.18618531889290013
30286,0.630878459687124
30287,0.5864259927797834
30288,0.0783152827918171
30289,0.04724428399518652
30290,0.01747292418772563
30291,0.35821901323706373
30292,0.4335740072202166
30293,0.32288808664259927
30294,0.5896991576413959
30295,0.19410348977135983
30296,0.012876052948255114
30297,0.4277737665463297
30298,0.5350902527075811
30299,0.698676293622142
30300,0.8793501805054151
30301,0.922575210589651
30302,0.07352587244283995
30303,0.863610108303249
30304,0.2628158844765343
30305,0.8992057761732852
30306,0.41439229843561975
30307,0.21920577617328518
30308,0.0869554753309266
30309,0.009362214199759326
30310,0.6772081829121541
30311,0.5913357400722021
30312,0.2657280385078219
30313,0.7540794223826714
30314,0.549771359807461
30315,0.08842358604091455
30316,0.8850300842358605
30317,0.7987003610108303
30318,0.869121540312876
30319,0.8031287605294826
30320,0.24060168471720816
30321,0.2837063778580024
30322,0.11001203369434416
30323,0.5603128760529483
30324,0.21395908543922984
30325,0.42642599277978344
30326,0.274488567990373
30327,0.0037545126353790616
30328,0.737424789410349
30329,0.562286401925391
30330,0.5035619735258724
30331,0.03619735258724428
30332,0.48476534296028884
30333,0.3690734055354994
30334,0.7446690734055355
30335,0.6739350180505416
30336,0.8105415162454873
30337,0.12411552346570398
30338,0.43097472924187724
30339,0.9997111913357402
30340,0.2925872442839952
30341,0.15227436823104692
30342,0.5614921780986764
30343,0.71338146811071
30344,0.9838026474127557
30345,0.25809867629362215
30346,0.3990854392298436
30347,0.2523225030084236
30348,0.6498676293622142
30349,0.9597833935018051
30350,0.08332129963898917
30351,0.04341756919374248
30352,0.5012274368231047
30353,0.18936221419975935
30354,0.8584837545126354
30355,0.0771841155234657
30356,0.8321780986762937
30357,0.38753309265944647
30358,0.823826714801444
30359,0.3408904933814681
30360,0.6056799037304452
30361,0.9473405535499398
30362,0.08967509025270758
30363,0.2657039711191336
30364,0.6305174488567991
30365,0.017280385078219013
30366,0.4409867629362214
30367,0.691985559566787
30368,0.39740072202166066
30369,0.894777376654633
30370,0.8060409145607701
30371,0.2535499398315283
30372,0.28851985559566784
30373,0.026474127557160047
30374,0.48806257521058966
30375,0.39186522262334533
30376,0.6432490974729241
30377,0.25441636582430804
30378,0.2673405535499398
30379,0.4032009626955475
30380,0.01282791817087846
30381,0.3808182912154031
30382,0.6707099879663057
30383,0.47340553549939834
30384,0.9346811070998797
30385,0.6052707581227437
30386,0.35477737665463294
30387,0.028206979542719616
30388,0.13099879663056557
30389,0.9008904933814681
30390,0.4492178098676294
30391,0.8392057761732852
30392,0.517424789410349
30393,0.31978339350180507
30394,0.5875812274368231
30395,0.2489049338146811
30396,0.209338146811071
30397,0.9451744885679904
30398,0.6436341756919375
30399,0.21162454873646208
30400,0.6359085439229843
30401,0.9855354993983153
30402,0.9453910950661852
30403,0.5356919374247895
30404,0.032635379061371844
30405,0.9743441636582431
30406,0.1635379061371841
30407,0.9225270758122743
30408,0.6178580024067388
30409,0.5723465703971119
30410,0.5938868832731649
30411,0.5049097472924188
30412,0.9176413959085439
30413,0.35800240673886885
30414,0.1488808664259928
30415,0.7692418772563177
30416,0.13256317689530686
30417,0.5370156438026474
30418,0.5623586040914561
30419,0.8619735258724428
30420,0.19492178098676294
30421,0.20435619735258725
30422,0.9841636582430806
30423,0.6738868832731648
30424,0.7997593261131167
30425,0.6396149217809868
30426,0.5782430806257521
30427,0.45985559566787004
30428,0.8174729241877257
30429,0.6430084235860409
30430,0.2231768953068592
30431,0.22806257521058965
30432,0.30837545126353794
30433,0.0670517448856799
30434,0.14418772563176896
30435,0.6483513838748496
30436,0.45677496991576416
30437,0.0675812274368231
30438,0.012851985559566789
30439,0.2616606498194946
30440,0.2047412755716005
30441,0.4150661853188929
30442,0.757858002406739
30443,0.040553549939831526
30444,0.38616125150421177
30445,0.5697232250300843
30446,0.5276534296028881
30447,0.9097713598074608
30448,0.12197352587244284
30449,0.4488086642599278
30450,0.14924187725631768
30451,0.2400962695547533
30452,0.15025270758122744
30453,0.5717448856799037
30454,0.015716004813477735
30455,0.6175932611311673
30456,0.6898916967509026
30457,0.43412755716004814
30458,0.30380264741275576
30459,0.7739109506618531
30460,0.8442358604091456
30461,0.19369434416365827
30462,0.7108303249097473
30463,0.20584837545126355
30464,0.7923947051744886
30465,0.3089290012033694
30466,0.21095066185318895
30467,0.15641395908543923
30468,0.09003610108303249
30469,0.6316967509025271
30470,0.3219975932611312
30471,0.059518652226233454
30472,0.14762936221419976
30473,0.26666666666666666
30474,0.07104693140794224
30475,0.7352587244283995
30476,0.11085439229843562
30477,0.7701083032490975
30478,0.8791335740072201
30479,0.2674127557160048
30480,0.26883273164861615
30481,0.5464500601684718
30482,0.4512154031287605
30483,0.9063778580024067
30484,0.279927797833935
30485,0.32515042117930204
30486,0.3023345367027678
30487,0.821323706377858
30488,0.42849578820697953
30489,0.2072202166064982
30490,0.30406738868832733
30491,0.7811311672683514
30492,0.6135980746089049
30493,0.9666666666666667
30494,0.7063778580024067
30495,0.15167268351383875
30496,0.239927797833935
30497,0.6541516245487364
30498,0.7185800240673887
30499,0.3763658243080626
30500,0.6039951865222624
30501,0.47323706377858005
30502,0.9323465703971119
30503,0.9883513838748497
30504,0.8232490974729242
30505,0.30093862815884476
30506,0.28755716004813475
30507,0.5735499398315282
30508,0.20276774969915765
30509,0.03660649819494585
30510,0.44438026474127557
30511,0.5428880866425992
30512,0.7482069795427195
30513,0.0970156438026474
30514,0.6984115523465704
30515,0.02529482551143201
30516,0.7604332129963899
30517,0.16515042117930204
30518,0.19622141997593262
30519,0.08409145607701565
30520,0.42197352587244286
30521,0.448231046931408
30522,0.36567990373044523
30523,0.13290012033694343
30524,0.9953790613718412
30525,0.32563176895306856
30526,0.6447894103489771
30527,0.7803850782190133
30528,0.17530685920577618
30529,0.442647412755716
30530,0.5701805054151625
30531,0.8544885679903731
30532,0.9341275571600481
30533,0.8209145607701565
30534,0.3874608904933815
30535,0.46495788206979544
30536,0.042839951865222624
30537,0.378748495788207
30538,0.2697472924187726
30539,0.22399518652226236
30540,0.83985559566787
30541,0.8711191335740072
30542,0.0540072202166065
30543,0.30452466907340553
30544,0.030012033694344162
30545,0.8293622141997593
30546,0.3837785800240674
30547,0.13720818291215403
30548,0.7397593261131167
30549,0.8582190132370637
30550,0.9361973525872442
30551,0.18084235860409148
30552,0.9083513838748496
30553,0.17679903730445246
30554,0.8198074608904933
30555,0.49499398315282794
30556,0.022647412755716006
30557,0.12993983152827918
30558,0.6283513838748496
30559,0.06941034897713598
30560,0.5525150421179301
30561,0.7110709987966306
30562,0.7473886883273164
30563,0.6267870036101083
30564,0.022430806257521058
30565,0.3705655836341757
30566,0.5170637785800241
30567,0.576462093862816
30568,0.7615884476534296
30569,0.8831768953068593
30570,0.84676293622142
30571,0.19783393501805052
30572,0.38700361010830325
30573,0.08300842358604091
30574,0.1221179302045728
30575,0.5995908543922984
30576,0.7483995186522263
30577,0.6381227436823105
30578,0.34955475330926594
30579,0.14859205776173284
30580,0.26789410348977133
30581,0.961179302045728
30582,0.6460649819494585
30583,0.1669795427196149
30584,0.286690734055355
30585,0.3153549939831528
30586,0.7692900120336943
30587,0.10818291215403128
30588,0.3748014440433213
30589,0.5473164861612515
30590,0.5324187725631769
30591,0.3936702767749699
30592,0.8357160048134777
30593,0.1711191335740072
30594,0.8322262334536703
30595,0.3524428399518652
30596,0.5227918170878461
30597,0.7150180505415162
30598,0.7005776173285199
30599,0.5779783393501805
30600,0.18127557160048136
30601,0.30611311672683517
30602,0.10806257521058965
30603,0.9553549939831528
30604,0.1963176895306859
30605,0.04563176895306859
30606,0.5685679903730445
30607,0.0846690734055355
30608,0.8738146811070999
30609,0.8622382671480144
30610,0.7521780986762936
30611,0.5985078219013237
30612,0.5095547533092659
30613,0.49282791817087845
30614,0.33987966305655837
30615,0.2581468110709988
30616,0.6412755716004813
30617,0.9019735258724428
30618,0.3420938628158845
30619,0.8400000000000001
30620,0.6007460890493381
30621,0.7485679903730444
30622,0.624115523465704
30623,0.9724428399518652
30624,0.9423104693140794
30625,0.9709987966305655
30626,0.9960770156438026
30627,0.8860409145607702
30628,0.13843561973525872
30629,0.5928279181708784
30630,0.7045487364620939
30631,0.7430084235860409
30632,0.6524187725631769
30633,0.47140794223826715
30634,0.7127316486161251
30635,0.6138868832731649
30636,0.26108303249097475
30637,0.735138387484958
30638,0.6311913357400722
30639,0.8002647412755717
30640,0.15826714801444042
30641,0.424115523465704
30642,0.22252707581227438
30643,0.49246690734055354
30644,0.42048134777376656
30645,0.30457280385078217
30646,0.36972322503008426
30647,0.5316486161251504
30648,0.4193983152827918
30649,0.3045006016847172
30650,0.5843561973525873
30651,0.6977858002406738
30652,0.7230565583634175
30653,0.4387966305655836
30654,0.9728519855595668
30655,0.2393742478941035
30656,0.15773766546329723
30657,0.8533574007220217
30658,0.10512635379061372
30659,0.154632972322503
30660,0.9198315282791817
30661,0.474777376654633
30662,0.7288327316486161
30663,0.08190132370637786
30664,0.48365824308062577
30665,0.8823826714801444
30666,0.49595667870036103
30667,0.10929001203369434
30668,0.1877737665463297
30669,0.13906137184115525
30670,0.9403128760529482
30671,0.5896028880866426
30672,0.9880625752105896
30673,0.46103489771359807
30674,0.4965102286401925
30675,0.6538628158844766
30676,0.399927797833935
30677,0.8632490974729241
30678,0.4937665463297232
30679,0.34267148014440435
30680,0.588086642599278
30681,0.5482791817087846
30682,0.5731167268351384
30683,0.7836582430806258
30684,0.18021660649819493
30685,0.8178580024067389
30686,0.25593261131167266
30687,0.6212274368231048
30688,0.742791817087846
30689,0.14356197352587244
30690,0.7927797833935017
30691,0.4221179302045728
30692,0.0596389891696751
30693,0.44601684717208184
30694,0.66014440433213
30695,0.9762695547533093
30696,0.12815884476534295
30697,0.14921780986762936
30698,0.22036101083032492
30699,0.8567509025270759
30700,0.07371841155234657
30701,0.37148014440433214
30702,0.7515764139590855
30703,0.18888086642599278
30704,0.5029843561973526
30705,0.7501083032490975
30706,0.12507821901323707
30707,0.7264500601684717
30708,0.2237063778580024
30709,0.7620216606498195
30710,0.5431528279181709
30711,0.4162936221419976
30712,0.10955475330926595
30713,0.5142478941034898
30714,0.850734055354994
30715,0.9878459687123947
30716,0.28912154031287607
30717,0.3478219013237064
30718,0.9404332129963899
30719,0.917135980746089
30720,0.36820697954271964
30721,0.4700120336943442
30722,0.9814199759326113
30723,0.46914560770156444
30724,0.4863056558363418
30725,0.9339831528279182
30726,0.019326113116726835
30727,0.45641395908543925
30728,0.729843561973526
30729,0.5076774969915764
30730,0.1488808664259928
30731,0.02746089049338147
30732,0.24880866425992781
30733,0.4918892900120337
30734,0.5716004813477737
30735,0.2648134777376655
30736,0.33518652226233453
30737,0.4568471720818291
30738,0.044187725631768954
30739,0.6867388688327316
30740,0.7523947051744886
30741,0.6448134777376655
30742,0.7370156438026474
30743,0.14604091456077015
30744,0.7497232250300843
30745,0.5072442839951865
30746,0.45935018050541515
30747,0.8117689530685921
30748,0.551696750902527
30749,0.545294825511432
30750,0.32433212996389893
30751,0.36673886883273166
30752,0.29133574007220214
30753,0.5276052948255114
30754,0.2914560770156438
30755,0.6065944645006016
30756,0.16045728038507823
30757,0.8704211793020458
30758,0.21771359807460888
30759,0.6154031287605295
30760,0.38281588447653425
30761,0.7453910950661853
30762,0.23530685920577618
30763,0.6288327316486162
30764,0.32101083032490974
30765,0.7316004813477738
30766,0.6404572803850782
30767,0.7750180505415163
30768,0.8914320096269555
30769,0.2231768953068592
30770,0.45571600481347774
30771,0.25874849578820697
30772,0.10276774969915764
30773,0.4168471720818291
30774,0.32173285198555956
30775,0.6465944645006017
30776,0.7422141997593261
30777,0.8088327316486161
30778,0.795740072202166
30779,0.8902767749699158
30780,0.33800240673886883
30781,0.5611311672683514
30782,0.9780024067388688
30783,0.5466666666666666
30784,0.7030565583634176
30785,0.5631528279181709
30786,0.42986762936221423
30787,0.7580505415162455
30788,0.5179783393501805
30789,0.10240673886883273
30790,0.2320818291215403
30791,0.7199759326113117
30792,0.8134777376654633
30793,0.997496991576414
30794,0.9665703971119133
30795,0.8837304452466908
30796,0.9455836341756919
30797,0.6752827918170878
30798,0.08404332129963898
30799,0.9468110709987967
30800,0.2590373044524669
30801,0.695812274368231
30802,0.16117930204572803
30803,0.5035619735258725
30804,0.939638989169675
30805,0.502575210589651
30806,0.10197352587244284
30807,0.9162214199759326
30808,0.04534296028880866
30809,0.9647894103489771
30810,0.8614199759326113
30811,0.2566787003610108
30812,0.4232972322503008
30813,0.039951865222623346
30814,0.43862815884476536
30815,0.0290734055354994
30816,0.18474127557160047
30817,0.21393501805054155
30818,0.7562454873646209
30819,0.18912154031287604
30820,0.08575210589651022
30821,0.9412274368231046
30822,0.38799037304452466
30823,0.42955475330926596
30824,0.8717689530685921
30825,0.9895547533092659
30826,0.20813477737665464
30827,0.5829602888086642
30828,0.5844043321299639
30829,0.9121058965102287
30830,0.6822864019253911
30831,0.8046450060168472
30832,0.7468110709987966
30833,0.414777376654633
30834,0.9664981949458484
30835,0.36146811070998797
30836,0.8834657039711191
30837,0.7909987966305656
30838,0.1650060168471721
30839,0.4448134777376655
30840,0.13581227436823107
30841,0.833164861612515
30842,0.7962695547533092
30843,0.9948736462093862
30844,0.06014440433212996
30845,0.4843321299638989
30846,0.19477737665463296
30847,0.5821179302045728
30848,0.012851985559566789
30849,0.8584356197352587
30850,0.6418531889290011
30851,0.6194223826714802
30852,0.800361010830325
30853,0.8088808664259928
30854,0.870300842358604
30855,0.5274608904933815
30856,0.7381949458483754
30857,0.9714079422382671
30858,0.5066185318892901
30859,0.36125150421179303
30860,0.005992779783393502
30861,0.18064981949458486
30862,0.7915764139590855
30863,0.7952346570397112
30864,0.9789891696750903
30865,0.4773766546329723
30866,0.3170878459687124
30867,0.9954753309265945
30868,0.6017087845968713
30869,0.07672683513838749
30870,0.22257521058965102
30871,0.346546329723225
30872,0.2071480144404332
30873,0.4500361010830325
30874,0.3910469314079422
30875,0.24503008423586042
30876,0.5710228640192538
30877,0.889121540312876
30878,0.5360529482551143
30879,0.46527075812274366
30880,0.8541997593261131
30881,0.6429602888086643
30882,0.3166787003610108
30883,0.5731407942238267
30884,0.8584115523465704
30885,0.610517448856799
30886,0.14777376654632973
30887,0.4807220216606498
30888,0.16233453670276776
30889,0.8514801444043321
30890,0.6867870036101082
30891,0.2680385078219013
30892,0.45884476534296026
30893,0.882647412755716
30894,0.05525872442839952
30895,0.24421179302045729
30896,0.6209145607701564
30897,0.42127557160048135
30898,0.5225752105896511
30899,0.4950661853188929
30900,0.9468351383874849
30901,0.5173285198555957
30902,0.11424789410348976
30903,0.8086161251504211
30904,0.6669795427196149
30905,0.4567990373044525
30906,0.6395667870036101
30907,0.2032490974729242
30908,0.5580986762936222
30909,0.3809626955475331
30910,0.5762695547533092
30911,0.8532611311672683
30912,0.6244524669073406
30913,0.7446931407942238
30914,0.44596871239470515
30915,0.3364861612515042
30916,0.08676293622141998
30917,0.1629843561973526
30918,0.8306377858002407
30919,0.807942238267148
30920,0.8733092659446451
30921,0.20122743682310468
30922,0.2699879663056558
30923,0.3935499398315283
30924,0.467942238267148
30925,0.5261131167268351
30926,0.9357641395908545
30927,0.3754993983152828
30928,0.3577135980746089
30929,0.7073164861612515
30930,0.4346811070998796
30931,0.3864500601684717
30932,0.9658965102286402
30933,0.5178820697954272
30934,0.6412996389891696
30935,0.3623826714801444
30936,0.5129001203369434
30937,0.3418531889290012
30938,0.8009386281588448
30939,0.2317208182912154
30940,0.10868832731648616
30941,0.06351383874849578
30942,0.8415162454873646
30943,0.9777617328519856
30944,0.9505174488567991
30945,0.9315042117930205
30946,0.1328760529482551
30947,0.6671720818291216
30948,0.04115523465703971
30949,0.039975932611311674
30950,0.9579542719614922
30951,0.49766546329723227
30952,0.6444524669073406
30953,0.0748014440433213
30954,0.17287605294825512
30955,0.8345126353790614
30956,0.2211311672683514
30957,0.7873646209386282
30958,0.6509747292418773
30959,0.624259927797834
30960,0.880072202166065
30961,0.5398796630565583
30962,0.8141275571600481
30963,0.21499398315282792
30964,0.7818291215403128
30965,0.7979061371841156
30966,0.545150421179302
30967,0.5265463297232251
30968,0.1788447653429603
30969,0.6845728038507821
30970,0.26878459687123946
30971,0.47148014440433217
30972,0.0734777376654633
30973,0.8966787003610108
30974,0.6134055354993984
30975,0.757280385078219
30976,0.5551383874849579
30977,0.8902286401925391
30978,0.011239470517448856
30979,0.702575210589651
30980,0.17566787003610107
30981,0.6064259927797834
30982,0.8141275571600481
30983,0.6901083032490976
30984,0.21937424789410348
30985,0.15001203369434418
30986,0.9633212996389892
30987,0.27566787003610105
30988,0.0501323706377858
30989,0.31032490974729243
30990,0.02608904933814681
30991,0.7760770156438026
30992,0.7232009626955476
30993,0.5257521058965102
30994,0.8160529482551143
30995,0.194632972322503
30996,0.8515764139590855
30997,0.9699398315282792
30998,0.30885679903730445
30999,0.7926835138387485
31000,0.8445968712394705
31001,0.5863778580024067
31002,0.4093622141997593
31003,0.24972322503008423
31004,0.2716486161251504
31005,0.5207460890493381
31006,0.8238507821901324
31007,0.222719614921781
31008,0.30255114320096266
31009,0.6130445246690734
31010,0.13184115523465703
31011,0.5800962695547534
31012,0.26753309265944647
31013,0.6149699157641396
31014,0.6507581227436823
31015,0.2181708784596871
31016,0.6243080625752105
31017,0.8793742478941036
31018,0.28885679903730443
31019,0.736101083032491
31020,0.4228640192539109
31021,0.521179302045728
31022,0.3440673886883273
31023,0.3328519855595668
31024,0.6921780986762935
31025,0.8566546329723225
31026,0.5275090252707582
31027,0.4126113116726835
31028,0.6002888086642599
31029,0.0650300842358604
31030,0.12486161251504212
31031,0.5275090252707582
31032,0.16856799037304454
31033,0.20296028880866426
31034,0.3610589651022864
31035,0.241251504211793
31036,0.04577617328519856
31037,0.6361251504211793
31038,0.7643080625752106
31039,0.2713357400722022
31040,0.08329723225030083
31041,0.9345367027677497
31042,0.8557400722021661
31043,0.24676293622141998
31044,0.8177376654632972
31045,0.25475330926594464
31046,0.7279663056558363
31047,0.8012033694344164
31048,0.19350180505415163
31049,0.489121540312876
31050,0.738459687123947
31051,0.7620938628158844
31052,0.15985559566787005
31053,0.6934536702767751
31054,0.7581468110709988
31055,0.06014440433212996
31056,0.6157160048134778
31057,0.2509506618531889
31058,0.9368471720818291
31059,0.28259927797833934
31060,0.5064259927797834
31061,0.4904933814681107
31062,0.9141034897713598
31063,0.2112876052948255
31064,0.30965102286401924
31065,0.5652948255114321
31066,0.7334055354993982
31067,0.17463297232250302
31068,0.5845968712394705
31069,0.7529963898916967
31070,0.9700361010830325
31071,0.8111191335740072
31072,0.09484957882069796
31073,0.04332129963898917
31074,0.5061612515042118
31075,0.11025270758122743
31076,0.7480385078219013
31077,0.764115523465704
31078,0.5816847172081829
31079,0.31480144404332133
31080,0.15809867629362215
31081,0.6281829121540312
31082,0.9101564380264742
31083,0.19795427196149218
31084,0.7864500601684716
31085,0.7440914560770157
31086,0.7589410348977137
31087,0.8428880866425993
31088,0.30818291215403126
31089,0.7008182912154032
31090,0.6130685920577618
31091,0.6249338146811071
31092,0.8714560770156439
31093,0.9870036101083033
31094,0.08134777376654634
31095,0.3101323706377858
31096,0.7182671480144405
31097,0.8727316486161252
31098,0.587942238267148
31099,0.5384115523465705
31100,0.9879663056558363
31101,0.6955475330926595
31102,0.4387003610108303
31103,0.4585800240673887
31104,0.24936221419975935
31105,0.8435860409145608
31106,0.5210348977135981
31107,0.5730204572803851
31108,0.6743682310469314
31109,0.07073405535499398
31110,0.15845968712394706
31111,0.31973525872442843
31112,0.4060890493381468
31113,0.15537906137184115
31114,0.45687123947051744
31115,0.9674368231046931
31116,0.9622623345367027
31117,0.09922984356197352
31118,0.9603850782190133
31119,0.05492178098676294
31120,0.6385800240673887
31121,0.16012033694344163
31122,0.4425992779783393
31123,0.931841155234657
31124,0.8790854392298435
31125,0.04081829121540313
31126,0.4373766546329723
31127,0.9751143200962695
31128,0.8359326113116727
31129,0.3417809867629362
31130,0.20077015643802648
31131,0.7650541516245488
31132,0.8448375451263538
31133,0.7443080625752105
31134,0.2808664259927798
31135,0.7410830324909747
31136,0.445294825511432
31137,0.4701323706377858
31138,0.8836341756919375
31139,0.4976895306859206
31140,0.854705174488568
31141,0.7152105896510229
31142,0.7858002406738869
31143,0.8751143200962695
31144,0.007412755716004814
31145,0.1523465703971119
31146,0.6928279181708785
31147,0.823971119133574
31148,0.33528279181708787
31149,0.32377858002406734
31150,0.7762695547533092
31151,0.3470036101083033
31152,0.2733333333333333
31153,0.08567990373044525
31154,0.7188688327316486
31155,0.6760770156438027
31156,0.06767749699157641
31157,0.10746089049338148
31158,0.9985078219013237
31159,0.3148014440433213
31160,0.518604091456077
31161,0.4582190132370638
31162,0.2712154031287605
31163,0.4897713598074609
31164,0.26235860409145606
31165,0.8638989169675091
31166,0.8287123947051744
31167,0.5028158844765342
31168,0.3221179302045728
31169,0.7600962695547533
31170,0.06657039711191336
31171,0.3269314079422383
31172,0.3375932611311673
31173,0.03403128760529482
31174,0.571913357400722
31175,0.8196630565583634
31176,0.21237063778580023
31177,0.8767990373044525
31178,0.37581227436823106
31179,0.0885439229843562
31180,0.18859205776173285
31181,0.2699638989169675
31182,0.7261612515042117
31183,0.5365342960288808
31184,0.3393742478941035
31185,0.4346570397111913
31186,0.05172081829121541
31187,0.7052226233453671
31188,0.8804572803850782
31189,0.3847653429602888
31190,0.08219013237063778
31191,0.7453188929001204
31192,0.5119614921780986
31193,0.6290012033694344
31194,0.014753309265944644
31195,0.5327075812274369
31196,0.4391817087845969
31197,0.6833212996389892
31198,0.5500120336943441
31199,0.5229843561973526
31200,0.23152827918170876
31201,0.048616125150421186
31202,0.7216365824308062
31203,0.4689771359807461
31204,0.31581227436823106
31205,0.2837785800240674
31206,0.14320096269554752
31207,0.0884476534296029
31208,0.35456077015643805
31209,0.28892900120336945
31210,0.11793020457280384
31211,0.07836341756919374
31212,0.6023104693140795
31213,0.23275571600481348
31214,0.7895788206979543
31215,0.4064981949458484
31216,0.2151383874849579
31217,0.4728038507821901
31218,0.7979061371841155
31219,0.5811793020457281
31220,0.08806257521058965
31221,0.7462093862815884
31222,0.8883273164861613
31223,0.5543922984356198
31224,0.33571600481347774
31225,0.9597833935018051
31226,0.5837545126353791
31227,0.945150421179302
31228,0.9631046931407943
31229,0.14683513838748496
31230,0.1265944645006017
31231,0.47191335740072204
31232,0.1296028880866426
31233,0.8164139590854392
31234,0.8215643802647413
31235,0.9966546329723225
31236,0.4918892900120337
31237,0.46113116726835135
31238,0.6034657039711191
31239,0.5815643802647412
31240,0.7226955475330927
31241,0.5501323706377859
31242,0.4484476534296029
31243,0.39280385078219016
31244,0.4987725631768953
31245,0.49304452466907345
31246,0.20943441636582433
31247,0.11080625752105897
31248,0.33179302045728043
31249,0.31920577617328516
31250,0.7268351383874849
31251,0.885367027677497
31252,0.1114560770156438
31253,0.4981468110709988
31254,0.007845968712394706
31255,0.2142719614921781
31256,0.3310950661853189
31257,0.8522984356197353
31258,0.13422382671480143
31259,0.11388688327316486
31260,0.34791817087845966
31261,0.23552346570397115
31262,0.6779783393501805
31263,0.3651022864019254
31264,0.6843561973525873
31265,0.6494103489771359
31266,0.29318892900120336
31267,0.09622141997593261
31268,0.6245728038507822
31269,0.56661853188929
31270,0.31939831528279183
31271,0.5541034897713597
31272,0.7404813477737666
31273,0.7154993983152828
31274,0.22103489771359808
31275,0.8061131167268352
31276,0.2886401925391095
31277,0.03015643802647413
31278,0.42293622141997594
31279,0.4408664259927798
31280,0.2932611311672684
31281,0.9020457280385078
31282,0.27889290012033696
31283,0.7229843561973526
31284,0.5874127557160048
31285,0.1142719614921781
31286,0.42620938628158844
31287,0.6390854392298435
31288,0.8512876052948255
31289,0.27273164861612514
31290,0.6721299638989169
31291,0.10931407942238268
31292,0.549193742478941
31293,0.215956678700361
31294,0.07949458483754512
31295,0.49785800240673883
31296,0.48774969915764144
31297,0.12929001203369433
31298,0.12856799037304453
31299,0.23872442839951863
31300,0.3201684717208183
31301,0.4024067388688327
31302,0.5630084235860409
31303,0.8776173285198556
31304,0.12584837545126354
31305,0.832274368231047
31306,0.1937184115523466
31307,0.4028880866425993
31308,0.10697954271961493
31309,0.4503971119133574
31310,0.43472924187725637
31311,0.7010830324909747
31312,0.3482069795427196
31313,0.5379061371841155
31314,0.11492178098676294
31315,0.13677496991576416
31316,0.8481829121540312
31317,0.9832490974729242
31318,0.6929723225030084
31319,0.3696750902527076
31320,0.9431768953068591
31321,0.45321299638989165
31322,0.8191335740072203
31323,0.6167749699157641
31324,0.6320818291215403
31325,0.12045728038507822
31326,0.48045728038507823
31327,0.2603610108303249
31328,0.5330685920577618
31329,0.570517448856799
31330,0.8151624548736462
31331,0.17198555956678702
31332,0.17626955475330927
31333,0.05470517448856799
31334,0.822647412755716
31335,0.17624548736462092
31336,0.8860168471720817
31337,0.19318892900120338
31338,0.674849578820698
31339,0.17229843561973524
31340,0.3222141997593261
31341,0.8552346570397111
31342,0.025800240673886882
31343,0.41865222623345366
31344,0.48411552346570397
31345,0.7679663056558363
31346,0.9431046931407943
31347,0.35222623345367027
31348,0.33971119133574007
31349,0.20399518652226234
31350,0.766257521058965
31351,0.34722021660649816
31352,0.31807460890493383
31353,0.5996389891696751
31354,0.9984356197352587
31355,0.8598074608904933
31356,0.4813718411552346
31357,0.401251504211793
31358,0.6875571600481348
31359,0.25776173285198556
31360,0.33135980746089044
31361,0.6678459687123948
31362,0.6659687123947051
31363,0.6738868832731648
31364,0.9178820697954273
31365,0.31362214199759325
31366,0.6532851985559567
31367,0.5792539109506618
31368,0.74647412755716
31369,0.05602888086642599
31370,0.18637785800240675
31371,0.6102286401925392
31372,0.1984837545126354
31373,0.3527797833935018
31374,0.8805054151624548
31375,0.8693140794223826
31376,0.048567990373044524
31377,0.008206979542719615
31378,0.14861612515042116
31379,0.47742478941034894
31380,0.5220938628158844
31381,0.31379061371841155
31382,0.3024548736462094
31383,0.6023586040914561
31384,0.5107581227436824
31385,0.3709506618531889
31386,0.9905415162454874
31387,0.5789169675090253
31388,0.84661853188929
31389,0.3785078219013237
31390,0.8743441636582431
31391,0.5016606498194947
31392,0.286835138387485
31393,0.7645968712394705
31394,0.04750902527075812
31395,0.7274849578820698
31396,0.8633694344163658
31397,0.4934296028880866
31398,0.8355234657039712
31399,0.5222623345367028
31400,0.4630324909747292
31401,0.9110228640192539
31402,0.5496510228640192
31403,0.3461612515042118
31404,0.20019253910950663
31405,0.9671480144404332
31406,0.8333333333333334
31407,0.770734055354994
31408,0.23545126353790613
31409,0.32221419975932614
31410,0.6803610108303249
31411,0.7745126353790615
31412,0.1874849578820698
31413,0.6126594464500601
31414,0.41735258724428403
31415,0.49191335740072206
31416,0.9901323706377858
31417,0.7586522262334536
31418,0.7730685920577618
31419,0.26187725631768954
31420,0.8216847172081829
31421,0.697496991576414
31422,0.11682310469314079
31423,0.8178339350180506
31424,0.5638507821901324
31425,0.5481347773766546
31426,0.11858002406738868
31427,0.7197593261131168
31428,0.8770156438026474
31429,0.16683513838748495
31430,0.15123947051744885
31431,0.47338146811071
31432,0.4168712394705174
31433,0.43253910950661856
31434,0.4247653429602888
31435,0.7433453670276775
31436,0.8850300842358605
31437,0.5267870036101083
31438,0.7132129963898917
31439,0.24182912154031289
31440,0.945439229843562
31441,0.6363658243080625
31442,0.5193983152827919
31443,0.23456077015643803
31444,0.3137424789410349
31445,0.6670036101083032
31446,0.9047412755716004
31447,0.6377858002406739
31448,0.855884476534296
31449,0.6199037304452467
31450,0.27338146811070996
31451,0.6171600481347774
31452,0.4828158844765343
31453,0.7588688327316486
31454,0.6360770156438027
31455,0.40955475330926594
31456,0.762719614921781
31457,0.064043321299639
31458,0.4913598074608905
31459,0.663898916967509
31460,0.554705174488568
31461,0.6306137184115523
31462,0.08137184115523466
31463,0.18984356197352587
31464,0.38093862815884477
31465,0.8344404332129964
31466,0.07843561973525873
31467,0.3354993983152828
31468,0.16004813477737667
31469,0.9532611311672683
31470,0.3219975932611312
31471,0.32714801444043323
31472,0.6485679903730446
31473,0.3097232250300842
31474,0.10685920577617329
31475,0.27114320096269556
31476,0.9693622141997593
31477,0.8396389891696752
31478,0.3033694344163658
31479,0.36259927797833935
31480,0.3712154031287605
31481,0.5189891696750902
31482,0.32137184115523465
31483,0.8310469314079423
31484,0.07415162454873646
31485,0.5025511432009626
31486,0.349338146811071
31487,0.3885198555956678
31488,0.01776173285198556
31489,0.696101083032491
31490,0.8882551143200963
31491,0.43643802647412755
31492,0.6697232250300842
31493,0.9193983152827918
31494,0.950589651022864
31495,0.6688808664259929
31496,0.046016847172081835
31497,0.11853188929001204
31498,0.9835138387484957
31499,0.8926113116726835
31500,0.611841155234657
31501,0.8921780986762936
31502,0.6483995186522262
31503,0.8594705174488568
31504,0.5275330926594465
31505,0.9048616125150422
31506,0.19364620938628158
31507,0.4193742478941035
31508,0.6585800240673887
31509,0.9896750902527076
31510,0.19942238267148016
31511,0.38613718411552345
31512,0.9996149217809868
31513,0.31768953068592054
31514,0.6515764139590854
31515,0.3341516245487365
31516,0.2170878459687124
31517,0.8789651022864019
31518,0.5861612515042118
31519,0.695740072202166
31520,0.019783393501805052
31521,0.6322262334536703
31522,0.4809386281588448
31523,0.5868110709987966
31524,0.6885198555956679
31525,0.05229843561973526
31526,0.29932611311672686
31527,0.9861131167268351
31528,0.7861371841155235
31529,0.786835138387485
31530,0.8986522262334536
31531,0.582791817087846
31532,0.9504211793020457
31533,0.12303249097472925
31534,0.1421179302045728
31535,0.17530685920577618
31536,0.4846209386281588
31537,0.7875330926594464
31538,0.432057761732852
31539,0.8629602888086643
31540,0.4846209386281588
31541,0.21393501805054152
31542,0.8743922984356197
31543,0.6764139590854392
31544,0.7609867629362215
31545,0.11956678700361012
31546,0.9339590854392299
31547,0.21210589651022865
31548,0.22231046931407944
31549,0.1664981949458484
31550,0.2387003610108303
31551,0.1354993983152828
31552,0.14469314079422385
31553,0.5845728038507821
31554,0.06522262334536702
31555,0.29239470517448857
31556,0.4709987966305656
31557,0.9530445246690734
31558,0.6968471720818291
31559,0.2599759326113117
31560,0.2314560770156438
31561,0.36916967509025267
31562,0.5853429602888087
31563,0.670878459687124
31564,0.8424067388688328
31565,0.6866666666666666
31566,0.5256077015643803
31567,0.9451744885679904
31568,0.08582430806257521
31569,0.07070998796630565
31570,0.970589651022864
31571,0.9688327316486162
31572,0.15008423586040914
31573,0.6258483754512636
31574,0.014584837545126354
31575,0.5268110709987966
31576,0.49087845968712396
31577,0.421251504211793
31578,0.5766787003610108
31579,0.42014440433212996
31580,0.09369434416365824
31581,0.5209386281588448
31582,0.4073405535499398
31583,0.46808664259927796
31584,0.06163658243080626
31585,0.6938146811070999
31586,0.251985559566787
31587,0.24247894103489773
31588,0.351985559566787
31589,0.8090012033694344
31590,0.3412274368231047
31591,0.7805535499398315
31592,0.9637304452466907
31593,0.5262575210589651
31594,0.6320336943441637
31595,0.12469314079422382
31596,0.8183393501805054
31597,0.5694103489771359
31598,0.12548736462093862
31599,0.08575210589651022
31600,0.8749217809867629
31601,0.5617328519855596
31602,0.4538146811070999
31603,0.8901083032490975
31604,0.6895306859205776
31605,0.9070998796630565
31606,0.8482791817087846
31607,0.726401925391095
31608,0.19853188929001203
31609,0.8236101083032491
31610,0.2606257521058965
31611,0.5546811070998796
31612,0.4525872442839952
31613,0.5797833935018051
31614,0.20428399518652227
31615,0.22004813477737667
31616,0.4539831528279182
31617,0.5122503008423587
31618,0.8029602888086642
31619,0.6989651022864019
31620,0.32517448856799036
31621,0.71338146811071
31622,0.3428158844765343
31623,0.1874127557160048
31624,0.9921780986762936
31625,0.8963176895306859
31626,0.6259687123947051
31627,0.6883273164861612
31628,0.3727316486161252
31629,0.7318411552346571
31630,0.5073886883273164
31631,0.6043080625752106
31632,0.3930445246690734
31633,0.22645006016847172
31634,0.3564139590854392
31635,0.7132611311672683
31636,0.2802888086642599
31637,0.5563417569193743
31638,0.04587244283995187
31639,0.12243080625752106
31640,0.8850060168471721
31641,0.2183393501805054
31642,0.37364620938628157
31643,0.47388688327316486
31644,0.188086642599278
31645,0.56661853188929
31646,0.4630324909747292
31647,0.5026955475330926
31648,0.9615162454873647
31649,0.4735980746089049
31650,0.26002406738868833
31651,0.3207701564380265
31652,0.375956678700361
31653,0.46014440433213
31654,0.16984356197352588
31655,0.8142719614921781
31656,0.2696750902527076
31657,0.4548014440433213
31658,0.06811070998796631
31659,0.7806257521058966
31660,0.4475090252707581
31661,0.2851985559566787
31662,0.9034416365824308
31663,0.5682551143200962
31664,0.9452707581227436
31665,0.5752346570397111
31666,0.6678941034897714
31667,0.5432972322503009
31668,0.6341034897713598
31669,0.6242839951865222
31670,0.8012033694344163
31671,0.6381949458483754
31672,0.48543922984356197
31673,0.6817328519855597
31674,0.003104693140794224
31675,0.8090493381468111
31676,0.7919855595667871
31677,0.14505415162454874
31678,0.5747533092659447
31679,0.878604091456077
31680,0.28096269554753306
31681,0.998387484957882
31682,0.8989651022864019
31683,0.5606738868832731
31684,0.690228640192539
31685,0.02288808664259928
31686,0.28361010830324906
31687,0.2091696750902527
31688,0.12269554753309266
31689,0.20404332129963898
31690,0.678676293622142
31691,0.19246690734055355
31692,0.24308062575210587
31693,0.20430806257521059
31694,0.8034175691937424
31695,0.9632009626955476
31696,0.24421179302045726
31697,0.5616365824308063
31698,0.2994945848375451
31699,0.683971119133574
31700,0.8256799037304452
31701,0.17913357400722021
31702,0.557135980746089
31703,0.48856799037304455
31704,0.09891696750902526
31705,0.2720096269554753
31706,0.4034175691937425
31707,0.24589651022864017
31708,0.8892178098676293
31709,0.9074127557160048
31710,0.7742960288808665
31711,0.7765102286401926
31712,0.20154031287605295
31713,0.7158604091456077
31714,0.19766546329723222
31715,0.5399518652226234
31716,0.6482551143200963
31717,0.5069554753309267
31718,0.4220216606498195
31719,0.7833694344163658
31720,0.905078219013237
31721,0.9396871239470517
31722,0.3364861612515042
31723,0.7425030084235861
31724,0.23174488567990373
31725,0.1529482551143201
31726,0.7333574007220216
31727,0.5717689530685921
31728,0.8728038507821901
31729,0.7636341756919374
31730,0.2883754512635379
31731,0.1891696750902527
31732,0.9846450060168472
31733,0.9540553549939832
31734,0.9122503008423586
31735,0.10310469314079423
31736,0.6908543922984356
31737,0.6184356197352587
31738,0.47030084235860414
31739,0.30661853188929
31740,0.31381468110709987
31741,0.48859205776173287
31742,0.06423586040914561
31743,0.21354993983152828
31744,0.01263537906137184
31745,0.06900120336943441
31746,0.8731407942238267
31747,0.07253910950661854
31748,0.7323225030084235
31749,0.6781949458483755
31750,0.8176895306859207
31751,0.3403850782190132
31752,0.7151143200962695
31753,0.5717930204572804
31754,0.2942960288808664
31755,0.28693140794223826
31756,0.4213477737665463
31757,0.9850300842358604
31758,0.4312635379061372
31759,0.0851022864019254
31760,0.25297232250300844
31761,0.5224548736462094
31762,0.3044043321299639
31763,0.6926835138387485
31764,0.23095066185318894
31765,0.34895306859205777
31766,0.10503008423586041
31767,0.5796149217809867
31768,0.0290734055354994
31769,0.24921780986762937
31770,0.025703971119133574
31771,0.38553549939831533
31772,0.6644524669073406
31773,0.5795427196149218
31774,0.2138146811070999
31775,0.9314079422382671
31776,0.7591576413959085
31777,0.47253910950661854
31778,0.08560770156438027
31779,0.6368712394705174
31780,0.9035860409145609
31781,0.753453670276775
31782,0.5532129963898917
31783,0.3046931407942238
31784,0.5432490974729242
31785,0.13720818291215403
31786,0.9488808664259928
31787,0.15985559566787005
31788,0.04637785800240674
31789,0.03915764139590855
31790,0.737063778580024
31791,0.31241877256317685
31792,0.9562454873646209
31793,0.30228640192539113
31794,0.7296991576413959
31795,0.10348977135980747
31796,0.2725391095066185
31797,0.43513838748495787
31798,0.702503008423586
31799,0.7787244283995187
31800,0.5587966305655836
31801,0.6329241877256317
31802,0.64676293622142
31803,0.14700361010830326
31804,0.23939831528279182
31805,0.34503008423586046
31806,0.41010830324909747
31807,0.18878459687123947
31808,0.8766546329723225
31809,0.13222623345367027
31810,0.322647412755716
31811,0.4858483754512635
31812,0.6969193742478941
31813,0.4828880866425993
31814,0.6033212996389892
31815,0.9553068592057762
31816,0.7992298435619736
31817,0.07499398315282792
31818,0.15058965102286404
31819,0.6070036101083033
31820,0.6325150421179302
31821,0.39819494584837545
31822,0.5599518652226234
31823,0.24190132370637785
31824,0.6726594464500602
31825,0.007484957882069795
31826,0.7804813477737665
31827,0.5928038507821901
31828,0.07335740072202165
31829,0.9665222623345366
31830,0.6002888086642599
31831,0.3349939831528279
31832,0.5284957882069796
31833,0.35983152827918174
31834,0.5437785800240673
31835,0.28876052948255115
31836,0.8901805054151624
31837,0.21155234657039712
31838,0.07054151624548737
31839,0.33470517448856796
31840,0.21379061371841154
31841,0.8343441636582432
31842,0.44033694344163654
31843,0.8876293622141997
31844,0.23398315282791818
31845,0.037448856799037304
31846,0.958243080625752
31847,0.28859205776173286
31848,0.11441636582430806
31849,0.46168471720818294
31850,0.06719614921780986
31851,0.6726835138387485
31852,0.6136702767749699
31853,0.772346570397112
31854,0.9790613718411553
31855,0.5508062575210589
31856,0.36098676293622145
31857,0.852129963898917
31858,0.7018291215403129
31859,0.09080625752105898
31860,0.27833935018050543
31861,0.8934296028880866
31862,0.8029362214199759
31863,0.9484957882069796
31864,0.7447653429602887
31865,0.6943922984356197
31866,0.1946089049338147
31867,0.03403128760529482
31868,0.7163898916967509
31869,0.737424789410349
31870,0.3487123947051745
31871,0.7869795427196149
31872,0.8344404332129964
31873,0.8176654632972322
31874,0.5752346570397112
31875,0.38892900120336943
31876,0.6396871239470517
31877,0.5727075812274368
31878,0.09051744885679903
31879,0.9606738868832732
31880,0.4066666666666667
31881,0.44977135980746086
31882,0.1218531889290012
31883,0.16919374247894103
31884,0.6337906137184115
31885,0.7306377858002406
31886,0.9007220216606497
31887,0.6127797833935018
31888,0.7808423586040915
31889,0.5684717208182912
31890,0.4487845968712395
31891,0.7070758122743682
31892,0.5735018050541516
31893,0.6316967509025271
31894,0.9387244283995186
31895,0.546835138387485
31896,0.09222623345367029
31897,0.4443080625752106
31898,0.21388688327316488
31899,0.12866425992779784
31900,0.7467870036101083
31901,0.5019735258724428
31902,0.7973044524669073
31903,0.3547533092659446
31904,0.16120336943441638
31905,0.015595667870036103
31906,0.42296028880866426
31907,0.5501564380264741
31908,0.7036341756919374
31909,0.5055595667870036
31910,0.8502767749699158
31911,0.5529001203369435
31912,0.7671720818291216
31913,0.49133574007220215
31914,0.12592057761732853
31915,0.2844765342960289
31916,0.3118892900120337
31917,0.11237063778580025
31918,0.6697232250300842
31919,0.8900120336943442
31920,0.4081829121540313
31921,0.4134055354993983
31922,0.9413477737665463
31923,0.47927797833935015
31924,0.062286401925391095
31925,0.7624548736462093
31926,0.7208182912154031
31927,0.0740072202166065
31928,0.829410348977136
31929,0.8267148014440433
31930,0.18755716004813477
31931,0.629193742478941
31932,0.5493140794223828
31933,0.15169675090252707
31934,0.040481347773766545
31935,0.34986762936221416
31936,0.08950661853188929
31937,0.8201684717208183
31938,0.3886161251504212
31939,0.28714801444043325
31940,0.6188688327316486
31941,0.6571600481347774
31942,0.4949217809867629
31943,0.45884476534296026
31944,0.4592057761732852
31945,0.9478219013237064
31946,0.8880625752105896
31947,0.2776413959085439
31948,0.4590132370637786
31949,0.9195427196149217
31950,0.8804091456077017
31951,0.6088086642599277
31952,0.4513116726835138
31953,0.5331167268351384
31954,0.4754271961492178
31955,0.4965102286401925
31956,0.9898916967509026
31957,0.26084235860409144
31958,0.6941756919374248
31959,0.7900842358604092
31960,0.22327316486161253
31961,0.8926113116726835
31962,0.025439229843561974
31963,0.7856799037304452
31964,0.07227436823104694
31965,0.9479663056558363
31966,0.07884476534296028
31967,0.6260649819494585
31968,0.0010830324909747292
31969,0.05809867629362214
31970,0.18950661853188927
31971,0.44587244283995187
31972,0.8771841155234656
31973,0.3378098676293622
31974,0.8908543922984355
31975,0.234777376654633
31976,0.7374007220216606
31977,0.42883273164861613
31978,0.6971600481347773
31979,0.9458483754512635
31980,0.11841155234657039
31981,0.5661612515042118
31982,0.9993983152827918
31983,0.2454632972322503
31984,0.3143922984356197
31985,0.49802647412755713
31986,0.3628158844765343
31987,0.6087845968712395
31988,0.027051744885679907
31989,0.6479663056558363
31990,0.029025270758122744
31991,0.5810589651022864
31992,0.856245487364621
31993,0.8721540312876053
31994,0.2823586040914561
31995,0.5409145607701564
31996,0.2944645006016847
31997,0.035691937424789405
31998,0.6237063778580023
31999,0.039542719614921784
32000,0.0789410348977136
32001,0.9444283995186522
32002,0.6132611311672683
32003,0.8738628158844766
32004,0.7409145607701564
32005,0.7219253910950661
32006,0.09350180505415162
32007,0.5201925391095066
32008,0.9697232250300842
32009,0.6613237063778581
32010,0.8290734055354994
32011,0.9168712394705174
32012,0.9440192539109507
32013,0.030974729241877257
32014,0.3616847172081829
32015,0.02401925391095066
32016,0.6986281588447654
32017,0.5814199759326113
32018,0.011817087845968712
32019,0.5814440433212997
32020,0.050156438026474126
32021,0.1845006016847172
32022,0.08818291215403129
32023,0.48471720818291214
32024,0.10012033694344163
32025,0.9582912154031288
32026,0.6702767749699157
32027,0.7278219013237064
32028,0.027388688327316488
32029,0.8867388688327317
32030,0.5406979542719614
32031,0.57323706377858
32032,0.04811070998796631
32033,0.5759807460890494
32034,0.4578580024067389
32035,0.6424548736462093
32036,0.6277496991576414
32037,0.07102286401925391
32038,0.869193742478941
32039,0.9594464500601685
32040,0.4397111913357401
32041,0.2942719614921781
32042,0.24231046931407943
32043,0.23169675090252706
32044,0.7427436823104694
32045,0.38570397111913357
32046,0.5680625752105897
32047,0.8749699157641396
32048,0.7155234657039711
32049,0.41025270758122745
32050,0.4494344163658243
32051,0.9368471720818291
32052,0.23831528279181707
32053,0.9615884476534295
32054,0.4323947051744885
32055,0.6098194945848375
32056,0.7716486161251503
32057,0.20929001203369435
32058,0.8572081829121541
32059,0.12854392298435618
32060,0.6412755716004813
32061,0.9925391095066185
32062,0.2619253910950662
32063,0.04664259927797834
32064,0.8519614921780987
32065,0.6749699157641396
32066,0.667725631768953
32067,0.6916004813477739
32068,0.447870036101083
32069,0.4659927797833935
32070,0.3321540312876053
32071,0.2468832731648616
32072,0.20038507821901325
32073,0.7692178098676294
32074,0.26019253910950657
32075,0.6263056558363418
32076,0.6367990373044525
32077,0.6845006016847173
32078,0.31518652226233457
32079,0.7100361010830325
32080,0.6738146811071
32081,0.8115764139590854
32082,0.190734055354994
32083,0.7536702767749699
32084,0.6987725631768953
32085,0.08021660649819495
32086,0.913164861612515
32087,0.48129963898916966
32088,0.7810348977135981
32089,0.8694344163658243
32090,0.43626955475330925
32091,0.8270998796630566
32092,0.6593983152827918
32093,0.501395908543923
32094,0.2957882069795427
32095,0.722791817087846
32096,0.6544645006016847
32097,0.0896028880866426
32098,0.30623345367027677
32099,0.38601684717208185
32100,0.6625511432009628
32101,0.7103008423586041
32102,0.3935499398315283
32103,0.7209145607701564
32104,0.32418772563176895
32105,0.5472442839951865
32106,0.7869554753309267
32107,0.5044765342960289
32108,0.8337665463297232
32109,0.5065222623345367
32110,0.11795427196149219
32111,0.5398555956678701
32112,0.34399518652226235
32113,0.19581227436823107
32114,0.6164861612515042
32115,0.3520818291215403
32116,0.8451022864019253
32117,0.12938628158844764
32118,0.6605054151624549
32119,0.7202888086642599
32120,0.9912635379061372
32121,0.8500601684717208
32122,0.8515523465703971
32123,0.9558363417569193
32124,0.9054392298435621
32125,0.2724187725631769
32126,0.8874849578820698
32127,0.23371841155234657
32128,0.4501564380264741
32129,0.5216606498194946
32130,0.28084235860409146
32131,0.44981949458483755
32132,0.2851263537906137
32133,0.03819494584837545
32134,0.1529482551143201
32135,0.1217569193742479
32136,0.16522262334536703
32137,0.29383874849578817
32138,0.41812274368231045
32139,0.15872442839951864
32140,0.8073886883273165
32141,0.7292178098676294
32142,0.4711672683513839
32143,0.5524909747292419
32144,0.1809867629362214
32145,0.5945848375451264
32146,0.27131167268351386
32147,0.48671480144404333
32148,0.6673405535499398
32149,0.8130445246690734
32150,0.40166064981949456
32151,0.9395427196149218
32152,0.9406979542719616
32153,0.3437063778580024
32154,0.6561973525872442
32155,0.7400240673886883
32156,0.878820697954272
32157,0.3222623345367028
32158,0.06324909747292419
32159,0.25614921780986766
32160,0.2204332129963899
32161,0.5810348977135981
32162,0.25694344163658245
32163,0.849410348977136
32164,0.9168231046931408
32165,0.5094344163658243
32166,0.009290012033694344
32167,0.21073405535499398
32168,0.5068832731648616
32169,0.2458002406738869
32170,0.5832250300842359
32171,0.42389891696750903
32172,0.026955475330926595
32173,0.008856799037304451
32174,0.32411552346570394
32175,0.30895306859205773
32176,0.037689530685920576
32177,0.4464259927797834
32178,0.14021660649819495
32179,0.6427918170878459
32180,0.8159807460890494
32181,0.7270276774969916
32182,0.8499879663056558
32183,0.7067870036101083
32184,0.08608904933814682
32185,0.5908303249097473
32186,0.4578820697954272
32187,0.17354993983152828
32188,0.4459446450060168
32189,0.2704933814681107
32190,0.13992779783393502
32191,0.9185318892900121
32192,0.013574007220216606
32193,0.8417569193742479
32194,0.7136221419975932
32195,0.882719614921781
32196,0.9796871239470517
32197,0.39829121540312873
32198,0.45008423586040913
32199,0.29138387484957884
32200,0.8670758122743683
32201,0.20368231046931407
32202,0.8850300842358604
32203,0.4002406738868832
32204,0.9885679903730444
32205,0.2032490974729242
32206,0.5725391095066186
32207,0.28510228640192536
32208,0.08787003610108303
32209,0.7525872442839951
32210,0.027027677496991576
32211,0.5066425992779784
32212,0.08050541516245488
32213,0.1169193742478941
32214,0.5943682310469314
32215,0.4830324909747292
32216,0.18524669073405536
32217,0.9835379061371841
32218,0.47501805054151625
32219,0.7728519855595668
32220,0.051263537906137184
32221,0.06594464500601685
32222,0.3438026474127557
32223,0.3282310469314079
32224,0.769193742478941
32225,0.7234175691937424
32226,0.7555956678700362
32227,0.2552346570397112
32228,0.7520096269554754
32229,0.35730445246690734
32230,0.2556919374247894
32231,0.2945848375451263
32232,0.7295066185318893
32233,0.7030324909747292
32234,0.7766787003610108
32235,0.7448616125150421
32236,0.865367027677497
32237,0.8464981949458483
32238,0.190734055354994
32239,0.05574007220216606
32240,0.09034897713598075
32241,0.8857521058965102
32242,0.9795186522262334
32243,0.19939831528279184
32244,0.2906377858002407
32245,0.35285198555956676
32246,0.29068592057761733
32247,0.4593742478941035
32248,0.03915764139590854
32249,0.13689530685920576
32250,0.4563417569193743
32251,0.6955956678700361
32252,0.034584837545126354
32253,0.39925391095066187
32254,0.23944645006016846
32255,0.29265944645006015
32256,0.193309265944645
32257,0.8612274368231048
32258,0.9638026474127557
32259,0.5812033694344163
32260,0.23663056558363418
32261,0.3278941034897713
32262,0.1582430806257521
32263,0.10380264741275572
32264,0.7522984356197353
32265,0.5901564380264741
32266,0.6544404332129964
32267,0.7281347773766547
32268,0.5140072202166065
32269,0.03631768953068592
32270,0.16180505415162455
32271,0.5765824308062575
32272,0.9511672683513839
32273,0.9086401925391094
32274,0.04734055354993984
32275,0.5630084235860409
32276,0.6625992779783394
32277,0.33586040914560766
32278,0.9797352587244283
32279,0.2700120336943442
32280,0.9893622141997593
32281,0.811913357400722
32282,0.010806257521058965
32283,0.034921780986762935
32284,0.12892900120336945
32285,0.3976173285198556
32286,0.6087605294825511
32287,0.0675812274368231
32288,0.7183393501805054
32289,0.21405535499398315
32290,0.31549939831528284
32291,0.3524669073405535
32292,0.8776654632972323
32293,0.5991576413959085
32294,0.1790373044524669
32295,0.6899398315282792
32296,0.26312876052948253
32297,0.3951865222623345
32298,0.12435619735258725
32299,0.4498435619735258
32300,0.5439470517448857
32301,0.3540312876052948
32302,0.10724428399518653
32303,0.04077015643802648
32304,0.9606257521058965
32305,0.9611070998796631
32306,0.5442358604091456
32307,0.11542719614921781
32308,0.346835138387485
32309,0.030300842358604092
32310,0.15713598074608906
32311,0.2729963898916967
32312,0.2907821901323706
32313,0.835595667870036
32314,0.46014440433213
32315,0.04943441636582431
32316,0.7262334536702768
32317,0.6565102286401925
32318,0.23352587244283995
32319,0.7156438026474128
32320,0.19333333333333336
32321,0.10659446450060167
32322,0.4769193742478941
32323,0.6207220216606498
32324,0.17848375451263537
32325,0.9130445246690734
32326,0.4955475330926594
32327,0.7286401925391095
32328,0.9382671480144404
32329,0.9774247894103489
32330,0.08986762936221421
32331,0.07720818291215403
32332,0.11475330926594465
32333,0.720072202166065
32334,0.21335740072202167
32335,0.023730445246690733
32336,0.1377135980746089
32337,0.9406979542719616
32338,0.20515042117930204
32339,0.6500120336943441
32340,0.9743922984356197
32341,0.864332129963899
32342,0.40977135980746093
32343,0.7131407942238268
32344,0.25819494584837543
32345,0.16572803850782192
32346,0.4244524669073405
32347,0.7582671480144405
32348,0.2235379061371841
32349,0.8129963898916968
32350,0.04813477737665463
32351,0.30839951865222626
32352,0.25648616125150425
32353,0.4229843561973526
32354,0.25405535499398313
32355,0.04288808664259928
32356,0.5332611311672684
32357,0.3831768953068592
32358,0.9674849578820698
32359,0.8263537906137184
32360,0.5160048134777376
32361,0.2760529482551143
32362,0.849554753309266
32363,0.4589891696750903
32364,0.8901083032490975
32365,0.8841636582430805
32366,0.005728038507821901
32367,0.804043321299639
32368,0.8225511432009627
32369,0.16567990373044525
32370,0.03552346570397112
32371,0.17157641395908543
32372,0.16606498194945848
32373,0.8829121540312876
32374,0.290661853188929
32375,0.07448856799037304
32376,0.1038748495788207
32377,0.8440673886883273
32378,0.7503971119133575
32379,0.2794945848375451
32380,0.3994464500601685
32381,0.16888086642599276
32382,0.6179542719614921
32383,0.6913357400722022
32384,0.7631046931407942
32385,0.14630565583634175
32386,0.09492178098676293
32387,0.8605776173285198
32388,0.007725631768953069
32389,0.6374729241877257
32390,0.29472924187725635
32391,0.9155716004813478
32392,0.3731889290012034
32393,0.0885439229843562
32394,0.4263537906137184
32395,0.022430806257521058
32396,0.7995427196149217
32397,0.6515042117930204
32398,0.029386281588447652
32399,0.03624548736462094
32400,0.3903249097472924
32401,0.5934055354993983
32402,0.7975691937424789
32403,0.3994223826714801
32404,0.033044524669073407
32405,0.20560770156438024
32406,0.1385800240673887
32407,0.997280385078219
32408,0.28050541516245486
32409,0.7722984356197353
32410,0.6566305655836342
32411,0.509410348977136
32412,0.5988688327316487
32413,0.8069795427196149
32414,0.5036101083032491
32415,0.223971119133574
32416,0.22043321299638988
32417,0.3593742478941035
32418,0.8325391095066186
32419,0.9576895306859206
32420,0.08986762936221421
32421,0.8448616125150421
32422,0.6745848375451264
32423,0.592274368231047
32424,0.8794705174488568
32425,0.7950902527075813
32426,0.40859205776173285
32427,0.12406738868832731
32428,0.44601684717208184
32429,0.15328519855595668
32430,0.28724428399518653
32431,0.9299879663056558
32432,0.7073886883273165
32433,0.8419975932611312
32434,0.6410108303249098
32435,0.765367027677497
32436,0.5129482551143201
32437,0.4453188929001204
32438,0.6454632972322503
32439,0.15261131167268352
32440,0.24243080625752106
32441,0.6379783393501806
32442,0.9507340553549939
32443,0.9669554753309266
32444,0.5051022864019254
32445,0.6275090252707581
32446,0.19578820697954272
32447,0.26382671480144404
32448,0.11001203369434416
32449,0.13323706377858002
32450,0.3660890493381468
32451,0.6891696750902527
32452,0.008279181708784597
32453,0.5477737665463298
32454,0.15619735258724426
32455,0.10057761732851986
32456,0.46120336943441637
32457,0.10606498194945849
32458,0.3109987966305656
32459,0.3935018050541516
32460,0.017545126353790616
32461,0.10404332129963899
32462,0.08770156438026475
32463,0.737280385078219
32464,0.5175210589651023
32465,0.5030565583634176
32466,0.2561492178098676
32467,0.45860409145607706
32468,0.005367027677496992
32469,0.23432009626955475
32470,0.9602888086642599
32471,0.11882069795427197
32472,0.0342719614921781
32473,0.1380746089049338
32474,0.05742478941034898
32475,0.9659927797833935
32476,0.5132611311672683
32477,0.3701083032490975
32478,0.9846450060168472
32479,0.051841155234657044
32480,0.22199759326113117
32481,0.23350180505415163
32482,0.8417569193742479
32483,0.7075812274368232
32484,0.043513838748495785
32485,0.7178820697954271
32486,0.030204572803850784
32487,0.20322503008423587
32488,0.3023586040914561
32489,0.5345126353790614
32490,0.36683513838748494
32491,0.2144645006016847
32492,0.23872442839951868
32493,0.827581227436823
32494,0.9389410348977136
32495,0.6974488567990373
32496,0.6313116726835138
32497,0.06943441636582431
32498,0.5196389891696751
32499,0.7504693140794224
32500,0.8363898916967509
32501,0.9207460890493382
32502,0.37891696750902526
32503,0.10346570397111914
32504,0.1259205776173285
32505,0.11376654632972322
32506,0.29068592057761733
32507,0.05114320096269555
32508,0.8074849578820698
32509,0.06286401925391095
32510,0.5535740072202167
32511,0.4842358604091456
32512,0.8732851985559567
32513,0.4670517448856799
32514,0.4858243080625752
32515,0.3440673886883273
32516,0.31249097472924187
32517,0.8290734055354994
32518,0.5353790613718412
32519,0.6834897713598074
32520,0.2606979542719615
32521,0.6664019253910951
32522,0.9697713598074609
32523,0.06534296028880866
32524,0.9022382671480145
32525,0.03942238267148014
32526,0.05070998796630566
32527,0.16269554753309268
32528,0.36765342960288805
32529,0.3570637785800241
32530,0.6328519855595668
32531,0.5242117930204573
32532,0.10478941034897714
32533,0.9658243080625752
32534,0.5022864019253911
32535,0.08048134777376655
32536,0.05484957882069796
32537,0.06486161251504212
32538,0.27073405535499395
32539,0.18866425992779784
32540,0.02697954271961492
32541,0.11386281588447654
32542,0.010469314079422382
32543,0.3610589651022864
32544,0.9757641395908544
32545,0.22113116726835141
32546,0.38233453670276774
32547,0.6744645006016847
32548,0.1693140794223827
32549,0.7968953068592057
32550,0.4315764139590854
32551,0.8516967509025271
32552,0.11667870036101083
32553,0.39660649819494587
32554,0.4632490974729242
32555,0.0836101083032491
32556,0.7692178098676293
32557,0.9862334536702768
32558,0.8668592057761733
32559,0.9009145607701565
32560,0.5460409145607701
32561,0.16507821901323705
32562,0.6530926594464501
32563,0.8563658243080625
32564,0.7782430806257521
32565,0.9489290012033694
32566,0.25342960288808664
32567,0.6851985559566787
32568,0.1564620938628159
32569,0.6526113116726835
32570,0.26452466907340555
32571,0.21032490974729243
32572,0.9084235860409146
32573,0.5047412755716005
32574,0.09600481347773766
32575,0.9597111913357401
32576,0.5235860409145607
32577,0.6997352587244283
32578,0.261395908543923
32579,0.25610108303249096
32580,0.6462093862815884
32581,0.0014921780986762935
32582,0.6504211793020458
32583,0.5393501805054152
32584,0.592057761732852
32585,0.4573044524669073
32586,0.3003850782190132
32587,0.34524669073405534
32588,0.22300842358604092
32589,0.498315282791817
32590,0.44170878459687124
32591,0.379783393501805
32592,0.6519374247894103
32593,0.3658243080625752
32594,0.3445968712394705
32595,0.2037063778580024
32596,0.6489771359807461
32597,0.03927797833935018
32598,0.21922984356197353
32599,0.8658724428399519
32600,0.311913357400722
32601,0.4783874849578821
32602,0.27771359807460894
32603,0.27484957882069794
32604,0.31653429602888083
32605,0.27723225030084236
32606,0.8770878459687124
32607,0.5504693140794223
32608,0.13220216606498195
32609,0.7350661853188929
32610,0.22989169675090254
32611,0.9251985559566787
32612,0.21482551143200962
32613,0.005800240673886884
32614,0.14791817087845968
32615,0.35511432009626953
32616,0.9843802647412756
32617,0.9868351383874849
32618,0.39306859205776173
32619,0.8099638989169675
32620,0.7735018050541517
32621,0.3683995186522262
32622,0.4597352587244284
32623,0.2566305655836342
32624,0.2905415162454874
32625,0.43730445246690736
32626,0.7131889290012033
32627,0.8175932611311674
32628,0.49877256317689533
32629,0.689265944645006
32630,0.2764861612515042
32631,0.36890493381468115
32632,0.8941516245487364
32633,0.06163658243080626
32634,0.5303249097472924
32635,0.4859927797833935
32636,0.10334536702767749
32637,0.7437304452466907
32638,0.49304452466907345
32639,0.561323706377858
32640,0.6762936221419975
32641,0.06435619735258724
32642,0.5958363417569194
32643,0.7
32644,0.8297954271961492
32645,0.23027677496991578
32646,0.8742719614921781
32647,0.1557641395908544
32648,0.8235860409145608
32649,0.081323706377858
32650,0.04700361010830325
32651,0.417208182912154
32652,0.530589651022864
32653,0.5828880866425993
32654,0.08067388688327316
32655,0.7152587244283994
32656,0.7636341756919374
32657,0.6479903730445247
32658,0.9184115523465703
32659,0.24406738868832734
32660,0.8099879663056558
32661,0.6302767749699157
32662,0.2139109506618532
32663,0.10170878459687124
32664,0.10818291215403128
32665,0.9580264741275571
32666,0.722503008423586
32667,0.740216606498195
32668,0.8636341756919375
32669,0.6389651022864019
32670,0.41552346570397114
32671,0.05812274368231047
32672,0.205222623345367
32673,0.09903730445246692
32674,0.590734055354994
32675,0.03648616125150421
32676,0.6911913357400722
32677,0.8849819494584837
32678,0.13061371841155234
32679,0.5770637785800241
32680,0.4386522262334537
32681,0.010974729241877257
32682,0.1780505415162455
32683,0.8014199759326113
32684,0.5088086642599279
32685,0.6024548736462094
32686,0.6950902527075813
32687,0.08770156438026475
32688,0.45352587244283993
32689,0.03766546329723225
32690,0.01694344163658243
32691,0.3492178098676294
32692,0.4743682310469314
32693,0.06505415162454874
32694,0.04753309265944645
32695,0.053261131167268355
32696,0.6716004813477738
32697,0.48411552346570397
32698,0.9397352587244284
32699,0.05937424789410349
32700,0.2645968712394705
32701,0.27256317689530685
32702,0.0658965102286402
32703,0.14187725631768952
32704,0.4536943441636582
32705,0.33422382671480144
32706,0.46722021660649815
32707,0.6157882069795427
32708,0.2639229843561973
32709,0.5858724428399519
32710,0.5836341756919374
32711,0.5323947051744886
32712,0.3171600481347774
32713,0.3293862815884476
32714,0.31906137184115524
32715,0.9239229843561974
32716,0.36296028880866427
32717,0.8485679903730445
32718,0.14620938628158844
32719,0.9049578820697954
32720,0.696028880866426
32721,0.6089771359807461
32722,0.7845246690734056
32723,0.9621179302045728
32724,0.13756919374247895
32725,0.6337184115523465
32726,0.6545848375451263
32727,0.13951865222623344
32728,0.7060649819494584
32729,0.8924428399518652
32730,0.03386281588447654
32731,0.09756919374247894
32732,0.5599759326113116
32733,0.9570156438026474
32734,0.9184115523465703
32735,0.37087845968712396
32736,0.02486161251504212
32737,0.6789410348977136
32738,0.2340794223826715
32739,0.3320096269554753
32740,0.04909747292418773
32741,0.7165342960288809
32742,0.009338146811070999
32743,0.476028880866426
32744,0.7327797833935018
32745,0.23075812274368232
32746,0.4361492178098676
32747,0.8631046931407942
32748,0.5937665463297233
32749,0.19732851985559569
32750,0.20125150421179303
32751,0.8043802647412756
32752,0.6631046931407942
32753,0.6143200962695547
32754,0.06067388688327316
32755,0.5199037304452467
32756,0.7219975932611311
32757,0.5897472924187726
32758,0.04989169675090253
32759,0.35123947051744886
32760,0.2983393501805054
32761,0.34329723225030084
32762,0.6832009626955475
32763,0.09234657039711192
32764,0.02772563176895307
32765,0.9991576413959086
32766,0.1526113116726835
32767,0.4322262334536703
32768,0.2542238267148015
32769,0.05648616125150421
32770,0.9081107099879664
32771,0.4695066185318893
32772,0.6569434416365825
32773,0.8911432009626955
32774,0.07128760529482552
32775,0.6579302045728039
32776,0.7391576413959084
32777,0.1537424789410349
32778,0.820890493381468
32779,0.8945848375451264
32780,0.5117448856799037
32781,0.38522262334536705
32782,0.1509265944645006
32783,0.9033935018050542
32784,0.6961492178098676
32785,0.6986522262334536
32786,0.9881588447653429
32787,0.1892418772563177
32788,0.4513116726835138
32789,0.9689290012033694
32790,0.08250300842358604
32791,0.1865944645006017
32792,0.5727075812274368
32793,0.2431768953068592
32794,0.4708303249097473
32795,0.07167268351383875
32796,0.34746089049338147
32797,0.7405294825511433
32798,0.13263537906137185
32799,0.48637785800240674
32800,0.13328519855595666
32801,0.0950661853188929
32802,0.15574007220216607
32803,0.449338146811071
32804,0.8260649819494585
32805,0.25978339350180507
32806,0.5478219013237063
32807,0.7327557160048135
32808,0.7049819494584838
32809,0.09056558363417569
32810,0.878820697954272
32811,0.21032490974729243
32812,0.6860168471720818
32813,0.8050541516245487
32814,0.6193020457280385
32815,0.7400722021660651
32816,0.4504211793020457
32817,0.002190132370637786
32818,0.7181949458483754
32819,0.48385078219013233
32820,0.858459687123947
32821,0.9122743682310469
32822,0.7623104693140794
32823,0.3515042117930205
32824,0.8263537906137184
32825,0.5478459687123947
32826,0.4205054151624549
32827,0.9834175691937425
32828,0.5257280385078219
32829,0.7445968712394705
32830,0.4038748495788207
32831,0.34729241877256317
32832,0.465367027677497
32833,0.16206979542719613
32834,0.8771600481347774
32835,0.02457280385078219
32836,0.9818050541516246
32837,0.9497472924187726
32838,0.19521058965102286
32839,0.5041395908543923
32840,0.4647412755716005
32841,0.3818531889290012
32842,0.31338146811071
32843,0.3608423586040914
32844,0.1539831528279182
32845,0.6557882069795427
32846,0.11499398315282791
32847,0.13653429602888087
32848,0.7561492178098677
32849,0.878315282791817
32850,0.08404332129963898
32851,0.15164861612515043
32852,0.34389891696750907
32853,0.3844765342960289
32854,0.978820697954272
32855,0.7916726835138388
32856,0.2836823104693141
32857,0.4447412755716005
32858,0.3778098676293622
32859,0.9259446450060169
32860,0.34180505415162454
32861,0.6634416365824308
32862,0.3772081829121541
32863,0.7814921780986763
32864,0.41930204572803853
32865,0.4510228640192539
32866,0.8116245487364622
32867,0.2416847172081829
32868,0.9352346570397112
32869,0.2080385078219013
32870,0.680818291215403
32871,0.09930204572803851
32872,0.8100361010830325
32873,0.592274368231047
32874,0.28774969915764137
32875,0.7333333333333334
32876,0.36729241877256313
32877,0.6342238267148015
32878,0.43046931407942235
32879,0.9198796630565584
32880,0.7985078219013237
32881,0.1521540312876053
32882,0.13990373044524668
32883,0.030541516245487364
32884,0.8517930204572803
32885,0.614777376654633
32886,0.03838748495788207
32887,0.5257280385078219
32888,0.3140553549939832
32889,0.7436101083032491
32890,0.02016847172081829
32891,0.21845968712394703
32892,0.8684957882069795
32893,0.2870758122743682
32894,0.47367027677496987
32895,0.015306859205776173
32896,0.7809386281588448
32897,0.5341034897713598
32898,0.43552346570397116
32899,0.9703008423586041
32900,0.9974729241877256
32901,0.4470517448856799
32902,0.679927797833935
32903,0.05003610108303249
32904,0.10998796630565583
32905,0.07776173285198557
32906,0.0022141997593261133
32907,0.5777617328519855
32908,0.5077737665463298
32909,0.5771600481347774
32910,0.07711191335740072
32911,0.7475330926594465
32912,0.9494344163658243
32913,0.7135258724428399
32914,0.23968712394705174
32915,0.7395186522262335
32916,0.6776895306859205
32917,0.19350180505415163
32918,0.17607701564380265
32919,0.841540312876053
32920,0.6965824308062576
32921,0.3025511432009627
32922,0.790445246690734
32923,0.7902286401925391
32924,0.5747533092659447
32925,0.0207942238267148
32926,0.8245728038507822
32927,0.5626714801444044
32928,0.3583874849578821
32929,0.35602888086642603
32930,0.9914560770156438
32931,0.06358604091456077
32932,0.06945848375451263
32933,0.3430084235860409
32934,0.6760770156438026
32935,0.5935258724428399
32936,0.1535740072202166
32937,0.824115523465704
32938,0.7192057761732852
32939,0.8554753309265944
32940,0.4440673886883273
32941,0.030517448856799037
32942,0.5716245487364622
32943,0.25785800240673884
32944,0.9597593261131168
32945,0.4221419975932611
32946,0.666979542719615
32947,0.9477496991576414
32948,0.20187725631768952
32949,0.683971119133574
32950,0.9811311672683514
32951,0.3325150421179302
32952,0.6646931407942238
32953,0.050421179302045725
32954,0.18892900120336942
32955,0.6390854392298435
32956,0.7952587244283995
32957,0.5823345367027677
32958,0.14551143200962696
32959,0.1437785800240674
32960,0.4363658243080626
32961,0.5776413959085439
32962,0.3734777376654633
32963,0.19870036101083033
32964,0.07049338146811071
32965,0.6306377858002407
32966,0.6395427196149217
32967,0.12312876052948254
32968,0.6063056558363418
32969,0.5107099879663057
32970,0.19412755716004815
32971,0.1302286401925391
32972,0.4459927797833935
32973,0.5703489771359808
32974,0.9563658243080626
32975,0.40512635379061374
32976,0.3941275571600481
32977,0.19314079422382674
32978,0.11148014440433213
32979,0.29169675090252706
32980,0.7282310469314079
32981,0.03807460890493382
32982,0.6971600481347774
32983,0.8588447653429603
32984,0.6632731648616126
32985,0.11860409145607702
32986,0.8763658243080625
32987,0.6298194945848375
32988,0.6533574007220216
32989,0.32377858002406734
32990,0.05730445246690734
32991,0.5852466907340554
32992,0.618531889290012
32993,0.6601203369434416
32994,0.004500601684717208
32995,0.16358604091456075
32996,0.1220216606498195
32997,0.5320818291215403
32998,0.9735499398315283
32999,0.4291696750902527
33000,0.20259927797833938
33001,0.718459687123947
33002,0.22645006016847172
33003,0.617352587244284
33004,0.7027436823104694
33005,0.7155956678700361
33006,0.199927797833935
33007,0.6540312876052948
33008,0.26974729241877254
33009,0.6774729241877256
33010,0.9626233453670276
33011,0.11730445246690734
33012,0.158676293622142
33013,0.2165824308062575
33014,0.6216606498194945
33015,0.2602647412755716
33016,0.790950661853189
33017,0.6497954271961492
33018,0.4630806257521059
33019,0.6621660649819494
33020,0.8368231046931408
33021,0.914777376654633
33022,0.19335740072202165
33023,0.7739350180505415
33024,0.8495066185318894
33025,0.35499398315282793
33026,0.6628880866425992
33027,0.345511432009627
33028,0.7430084235860409
33029,0.3602406738868833
33030,0.005607701564380265
33031,0.2056317689530686
33032,0.6749217809867629
33033,0.9812033694344164
33034,0.8358604091456077
33035,0.7358363417569194
33036,0.8816365824308062
33037,0.9357160048134777
33038,0.03860409145607702
33039,0.32312876052948253
33040,0.8296750902527076
33041,0.3343200962695547
33042,0.5155956678700361
33043,0.916919374247894
33044,0.02250300842358604
33045,0.4029121540312876
33046,0.06115523465703971
33047,0.8396871239470517
33048,0.23316486161251504
33049,0.3821660649819495
33050,0.6064500601684717
33051,0.6716004813477738
33052,0.15104693140794223
33053,0.7642358604091456
33054,0.18856799037304453
33055,0.18139590854392296
33056,0.639927797833935
33057,0.18221419975932612
33058,0.2090734055354994
33059,0.48190132370637784
33060,0.651841155234657
33061,0.9879181708784597
33062,0.5945367027677497
33063,0.27713598074608903
33064,0.5916726835138387
33065,0.16515042117930206
33066,0.5394945848375452
33067,0.00904933814681107
33068,0.07058965102286402
33069,0.26370637785800244
33070,0.5723947051744886
33071,0.9874608904933815
33072,0.7349458483754513
33073,0.8196871239470518
33074,0.04339350180505415
33075,0.41138387484957883
33076,0.6230084235860409
33077,0.8106137184115523
33078,0.7312876052948255
33079,0.665294825511432
33080,0.08580024067388689
33081,0.40507821901323704
33082,0.512202166064982
33083,0.9678941034897713
33084,0.31220216606498197
33085,0.2565583634175692
33086,0.8758363417569194
33087,0.5418531889290013
33088,0.5502767749699158
33089,0.4437785800240674
33090,0.5130685920577618
33091,0.3148977135980746
33092,0.35978339350180505
33093,0.2301323706377858
33094,0.390661853188929
33095,0.4620938628158845
33096,0.3800962695547533
33097,0.5559326113116727
33098,0.5314079422382672
33099,0.2509025270758123
33100,0.25143200962695544
33101,0.5748977135980746
33102,0.05463297232250301
33103,0.458604091456077
33104,0.11451263537906137
33105,0.45588447653429603
33106,0.3380505415162455
33107,0.5368953068592057
33108,0.434560770156438
33109,0.19232250300842357
33110,0.2763176895306859
33111,0.522936221419976
33112,0.15756919374247894
33113,0.7790132370637786
33114,0.9098435619735259
33115,0.8576173285198556
33116,0.017063778580024065
33117,0.3692178098676293
33118,0.2541997593261131
33119,0.6842839951865223
33120,0.09980746089049339
33121,0.013164861612515042
33122,0.7653429602888087
33123,0.993164861612515
33124,0.049049338146811075
33125,0.6328519855595668
33126,0.6812755716004814
33127,0.2576895306859206
33128,0.5668832731648616
33129,0.10288808664259927
33130,0.5101805054151625
33131,0.149338146811071
33132,0.7300601684717207
33133,0.9480385078219014
33134,0.3464981949458483
33135,0.47193742478941036
33136,0.020481347773766544
33137,0.2515764139590854
33138,0.1824789410348977
33139,0.36315282791817083
33140,0.9247172081829121
33141,0.2708303249097473
33142,0.8511432009626956
33143,0.41188929001203367
33144,0.7164139590854393
33145,0.9033935018050542
33146,0.9341516245487365
33147,0.41162454873646215
33148,0.6719374247894103
33149,0.7782190132370638
33150,0.7271480144404332
33151,0.1147292418772563
33152,0.3015884476534296
33153,0.1122503008423586
33154,0.7321780986762936
33155,0.6123706377858003
33156,0.7015643802647413
33157,0.0011311672683513838
33158,0.2225511432009627
33159,0.7602647412755716
33160,0.5684476534296029
33161,0.3287364620938628
33162,0.862358604091456
33163,0.935740072202166
33164,0.7717689530685921
33165,0.738676293622142
33166,0.6138387484957882
33167,0.07311672683513838
33168,0.7716486161251503
33169,0.10252707581227437
33170,0.6374007220216606
33171,0.47121540312876053
33172,0.5297954271961491
33173,0.70690734055355
33174,0.7485920577617329
33175,0.1749699157641396
33176,0.9021179302045728
33177,0.7978820697954272
33178,0.02977135980746089
33179,0.09114320096269556
33180,0.5970397111913357
33181,0.03496991576413959
33182,0.020697954271961493
33183,0.8371600481347774
33184,0.44353790613718413
33185,0.30462093862815887
33186,0.1657039711191336
33187,0.5396149217809868
33188,0.4294344163658243
33189,0.28563176895306863
33190,0.465294825511432
33191,0.8788688327316486
33192,0.5467148014440433
33193,0.5076052948255114
33194,0.9293140794223826
33195,0.28854392298435616
33196,0.1620457280385078
33197,0.9854151624548737
33198,0.940072202166065
33199,0.9877256317689531
33200,0.23939831528279182
33201,0.9799037304452467
33202,0.0659927797833935
33203,0.04868832731648616
33204,0.5379302045728038
33205,0.7631287605294825
33206,0.5688327316486161
33207,0.20064981949458482
33208,0.1422864019253911
33209,0.34296028880866425
33210,0.6369915764139591
33211,0.5271961492178099
33212,0.09728038507821901
33213,0.008375451263537906
33214,0.18832731648616124
33215,0.66676293622142
33216,0.3687123947051745
33217,0.6753790613718411
33218,0.217352587244284
33219,0.46365824308062575
33220,0.6593501805054152
33221,0.08649819494584837
33222,0.8198315282791817
33223,0.35865222623345366
33224,0.584476534296029
33225,0.046377858002406736
33226,0.5140794223826715
33227,0.5424789410348978
33228,0.0654632972322503
33229,0.5177858002406739
33230,0.8827918170878459
33231,0.027581227436823105
33232,0.01809867629362214
33233,0.7098435619735259
33234,0.2826955475330927
33235,0.6238748495788207
33236,0.24120336943441636
33237,0.9407220216606498
33238,0.5912394705174489
33239,0.18904933814681107
33240,0.5246931407942239
33241,0.6952346570397112
33242,0.8446450060168471
33243,0.96690734055355
33244,0.7470276774969916
33245,0.41932611311672685
33246,0.7385559566787003
33247,0.7879663056558364
33248,0.3500361010830325
33249,0.003754512635379061
33250,0.058748495788206984
33251,0.8881107099879663
33252,0.5173285198555957
33253,0.16584837545126352
33254,0.9233935018050541
33255,0.829554753309266
33256,0.13210589651022864
33257,0.19968712394705174
33258,0.9300361010830325
33259,0.6459205776173285
33260,0.2592057761732852
33261,0.371841155234657
33262,0.49730445246690735
33263,0.8195186522262334
33264,0.832057761732852
33265,0.8842117930204573
33266,0.4739590854392298
33267,0.6446209386281588
33268,0.18868832731648616
33269,0.5408423586040915
33270,0.8159566787003609
33271,0.05138387484957882
33272,0.632129963898917
33273,0.40336943441636586
33274,0.3162936221419976
33275,0.2449578820697954
33276,0.10317689530685921
33277,0.854416365824308
33278,0.7350902527075812
33279,0.8832009626955475
33280,0.7155475330926595
33281,0.1658965102286402
33282,0.39634175691937423
33283,0.2728519855595668
33284,0.04897713598074609
33285,0.25985559566787003
33286,0.042045728038507826
33287,0.9964380264741275
33288,0.16216606498194946
33289,0.5806257521058965
33290,0.5453429602888087
33291,0.1148977135980746
33292,0.9490252707581228
33293,0.9330685920577617
33294,0.7920577617328519
33295,0.637352587244284
33296,0.7120096269554753
33297,0.33985559566787005
33298,0.6754031287605295
33299,0.033477737665463296
33300,0.6090493381468111
33301,0.3685198555956679
33302,0.4035138387484958
33303,0.5912394705174489
33304,0.6824067388688326
33305,0.9517448856799038
33306,0.3229362214199759
33307,0.2189410348977136
33308,0.4569434416365824
33309,0.7583152827918171
33310,0.024115523465703968
33311,0.18173285198555955
33312,0.47684717208182914
33313,0.7996630565583633
33314,0.25528279181708785
33315,0.6905174488567991
33316,0.9446931407942238
33317,0.6016606498194945
33318,0.1999759326113117
33319,0.5207942238267148
33320,0.9107821901323706
33321,0.6587244283995186
33322,0.6945367027677497
33323,0.35299638989169674
33324,0.8966064981949459
33325,0.7219253910950663
33326,0.41256317689530686
33327,0.8669554753309265
33328,0.4354271961492178
33329,0.505367027677497
33330,0.4453429602888087
33331,0.09511432009626955
33332,0.3101083032490975
33333,0.9071720818291216
33334,0.2538387484957882
33335,0.7900120336943441
33336,0.7790132370637786
33337,0.3819253910950662
33338,0.3488086642599278
33339,0.22447653429602887
33340,0.2236101083032491
33341,0.6648856799037305
33342,0.864115523465704
33343,0.7692659446450061
33344,0.07884476534296028
33345,0.5187725631768954
33346,0.30356197352587244
33347,0.19951865222623344
33348,0.8846931407942238
33349,0.49925391095066185
33350,0.4880625752105896
33351,0.16406738868832732
33352,0.1803610108303249
33353,0.024019253910950663
33354,0.9903971119133574
33355,0.8753549939831529
33356,0.3647172081829122
33357,0.44334536702767746
33358,0.4563417569193743
33359,0.37246690734055354
33360,0.9460409145607702
33361,0.2929482551143201
33362,0.7994945848375451
33363,0.35978339350180505
33364,0.12587244283995186
33365,0.3526353790613719
33366,0.28425992779783393
33367,0.8044043321299639
33368,0.9833935018050541
33369,0.44438026474127557
33370,0.9814440433212996
33371,0.20329723225030083
33372,0.22945848375451264
33373,0.11499398315282792
33374,0.95338146811071
33375,0.08895306859205776
33376,0.8893140794223826
33377,0.26154031287605295
33378,0.8851263537906138
33379,0.5311191335740073
33380,0.5975932611311673
33381,0.5684957882069795
33382,0.952202166064982
33383,0.33080625752105897
33384,0.805222623345367
33385,0.3585800240673887
33386,0.5953068592057762
33387,0.29959085439229843
33388,0.6164380264741276
33389,0.14478941034897713
33390,0.719783393501805
33391,0.7867388688327317
33392,0.45699157641395904
33393,0.47323706377858
33394,0.4282791817087846
33395,0.84647412755716
33396,0.0909265944645006
33397,0.3236341756919374
33398,0.011335740072202165
33399,0.9964861612515041
33400,0.041564380264741276
33401,0.7942960288808665
33402,0.9129723225030084
33403,0.16293622141997594
33404,0.5845006016847172
33405,0.26661853188929
33406,0.811841155234657
33407,0.4870517448856799
33408,0.5066425992779784
33409,0.6478459687123947
33410,0.0993020457280385
33411,0.1773766546329723
33412,0.7328519855595668
33413,0.06216606498194946
33414,0.5522503008423586
33415,0.43044524669073403
33416,0.2883273164861613
33417,0.9793501805054152
33418,0.6058724428399519
33419,0.6933574007220216
33420,0.7167268351383875
33421,0.008086642599277978
33422,0.06977135980746088
33423,0.8905655836341757
33424,0.25521058965102283
33425,0.7370878459687125
33426,0.19203369434416367
33427,0.5452707581227436
33428,0.846690734055355
33429,0.29646209386281586
33430,0.9585800240673887
33431,0.8416365824308063
33432,0.9021179302045728
33433,0.395956678700361
33434,0.6889771359807462
33435,0.9110709987966306
33436,0.9773285198555957
33437,0.6573285198555957
33438,0.8944645006016847
33439,0.12016847172081829
33440,0.9359326113116726
33441,0.4290012033694344
33442,0.8619735258724428
33443,0.9450060168471721
33444,0.9331407942238267
33445,0.7884235860409146
33446,0.29095066185318896
33447,0.11290012033694344
33448,0.40955475330926594
33449,0.5464259927797834
33450,0.5338628158844765
33451,0.9738146811070999
33452,0.5487364620938628
33453,0.2321540312876053
33454,0.3165102286401925
33455,0.3916004813477738
33456,0.425150421179302
33457,0.24252707581227434
33458,0.20156438026474127
33459,0.06726835138387485
33460,0.9154753309265945
33461,0.16101083032490976
33462,0.05687123947051745
33463,0.40048134777376654
33464,0.881684717208183
33465,0.46161251504211787
33466,0.03516245487364621
33467,0.6984115523465704
33468,0.625511432009627
33469,0.15985559566787005
33470,0.6930445246690734
33471,0.17961492178098676
33472,0.07058965102286402
33473,0.6975932611311673
33474,0.3993020457280385
33475,0.7008904933814681
33476,0.4850300842358604
33477,0.578676293622142
33478,0.5406257521058966
33479,0.8738868832731649
33480,0.5272683513838748
33481,0.8188206979542719
33482,0.7669795427196149
33483,0.6899157641395908
33484,0.4329001203369435
33485,0.2464259927797834
33486,0.8137424789410349
33487,0.3183152827918171
33488,0.29335740072202166
33489,0.5026233453670277
33490,0.6173766546329723
33491,0.469338146811071
33492,0.401395908543923
33493,0.2911432009626955
33494,0.4388206979542719
33495,0.2291696750902527
33496,0.7124669073405536
33497,0.2388688327316486
33498,0.8502767749699158
33499,0.1217569193742479
33500,0.8775932611311672
33501,0.5594464500601685
33502,0.3987966305655836
33503,0.35653429602888087
33504,0.7051985559566787
33505,0.6033935018050541
33506,0.1030806257521059
33507,0.4901083032490975
33508,0.12156438026474127
33509,0.8230806257521059
33510,0.7346570397111913
33511,0.3869795427196149
33512,0.4953790613718412
33513,0.134705174488568
33514,0.3354993983152828
33515,0.558965102286402
33516,0.8476774969915764
33517,0.38086642599277976
33518,0.7079422382671481
33519,0.08659446450060168
33520,0.10084235860409146
33521,0.7975691937424789
33522,0.4634416365824308
33523,0.4605776173285199
33524,0.24712394705174487
33525,0.7193501805054152
33526,0.7698676293622142
33527,0.7472924187725631
33528,0.7442358604091456
33529,0.8022623345367028
33530,0.9954512635379061
33531,0.8264741275571601
33532,0.8273646209386282
33533,0.09275571600481347
33534,0.7864259927797834
33535,0.9346570397111913
33536,0.18813477737665463
33537,0.31015643802647413
33538,0.017352587244283995
33539,0.41244283995186526
33540,0.25626955475330926
33541,0.27140794223826714
33542,0.3376413959085439
33543,0.9503249097472923
33544,0.9857521058965102
33545,0.5525872442839952
33546,0.04430806257521059
33547,0.024404332129963898
33548,0.334849578820698
33549,0.6918170878459687
33550,0.9794223826714801
33551,0.4724428399518652
33552,0.2408182912154031
33553,0.33239470517448855
33554,0.040216606498194946
33555,0.36478941034897716
33556,0.3074368231046931
33557,0.56661853188929
33558,0.7980505415162455
33559,0.36235860409145604
33560,0.36888086642599277
33561,0.54
33562,0.5515042117930204
33563,0.7299157641395908
33564,0.3064259927797834
33565,0.9804572803850782
33566,0.7116486161251504
33567,0.9512154031287605
33568,0.1597352587244284
33569,0.3668832731648616
33570,0.7870276774969915
33571,0.33321299638989166
33572,0.7535018050541517
33573,0.7571600481347773
33574,0.13756919374247895
33575,0.9619735258724429
33576,0.49783393501805057
33577,0.1419494584837545
33578,0.938387484957882
33579,0.34512635379061374
33580,0.7390613718411553
33581,0.029265944645006016
33582,0.7385078219013237
33583,0.7453910950661853
33584,0.30445246690734057
33585,0.6383634175691938
33586,0.31564380264741276
33587,0.27087845968712393
33588,0.04144404332129964
33589,0.6048375451263538
33590,0.5647412755716005
33591,0.49338146811071
33592,0.9917930204572803
33593,0.6260890493381468
33594,0.7831528279181709
33595,0.4348977135980746
33596,0.15730445246690733
33597,0.9551143200962695
33598,0.8609145607701565
33599,0.828375451263538
33600,0.06628158844765343
33601,0.6986040914560769
33602,0.8657280385078219
33603,0.4108543922984356
33604,0.14897713598074608
33605,0.11614921780986763
33606,0.5302045728038508
33607,0.02645006016847172
33608,0.14736462093862818
33609,0.642936221419976
33610,0.3307099879663057
33611,0.9923706377858003
33612,0.5920096269554753
33613,0.9748255114320097
33614,0.7973044524669073
33615,0.5801684717208183
33616,0.9692178098676294
33617,0.30611311672683517
33618,0.29140794223826716
33619,0.38859205776173283
33620,0.41299638989169674
33621,0.5321540312876053
33622,0.64632972322503
33623,0.18551143200962694
33624,0.7243561973525873
33625,0.6568712394705174
33626,0.39932611311672683
33627,0.7936462093862816
33628,0.9146570397111913
33629,0.5354753309265945
33630,0.02115523465703971
33631,0.17160048134777375
33632,0.40498194945848376
33633,0.27829121540312873
33634,0.1539831528279182
33635,0.5463778580024068
33636,0.9706618531889291
33637,0.4837063778580024
33638,0.7779061371841156
33639,0.5240914560770156
33640,0.06259927797833935
33641,0.5916726835138387
33642,0.45997593261131164
33643,0.6088567990373044
33644,0.21244283995186522
33645,0.4860890493381468
33646,0.6871961492178098
33647,0.5382190132370638
33648,0.2987244283995186
33649,0.6267870036101083
33650,0.15764139590854392
33651,0.7891696750902527
33652,0.720216606498195
33653,0.4090493381468111
33654,0.007845968712394706
33655,0.37843561973525874
33656,0.9527316486161251
33657,0.5764861612515042
33658,0.598748495788207
33659,0.9735740072202166
33660,0.798604091456077
33661,0.35174488567990375
33662,0.11785800240673887
33663,0.8400722021660649
33664,0.5674849578820698
33665,0.20247894103489772
33666,0.27706377858002407
33667,0.6321780986762937
33668,0.04430806257521059
33669,0.862647412755716
33670,0.6664981949458484
33671,0.5051744885679903
33672,0.3951624548736462
33673,0.8882310469314079
33674,0.12423586040914561
33675,0.746257521058965
33676,0.22129963898916968
33677,0.24851985559566786
33678,0.6032972322503009
33679,0.3117208182912154
33680,0.715884476534296
33681,0.38024067388688326
33682,0.7548255114320097
33683,0.11951865222623345
33684,0.9136462093862816
33685,0.38868832731648617
33686,0.45788206979542717
33687,0.29253910950661854
33688,0.10161251504211793
33689,0.6870758122743683
33690,0.22471720818291216
33691,0.36683513838748494
33692,0.5977135980746089
33693,0.4961492178098676
33694,0.13217809867629363
33695,0.4971841155234657
33696,0.5294584837545127
33697,0.9656558363417569
33698,0.39352587244284
33699,0.08204572803850782
33700,0.6007942238267148
33701,0.9814199759326113
33702,0.7787966305655836
33703,0.2903008423586041
33704,0.3668832731648616
33705,0.6122984356197353
33706,0.8874368231046932
33707,0.7246690734055354
33708,0.021083032490974728
33709,0.5197593261131168
33710,0.26385078219013236
33711,0.041299638989169676
33712,0.7954512635379061
33713,0.039566787003610104
33714,0.36950661853188926
33715,0.6285920577617329
33716,0.052948255114320095
33717,0.11997593261131168
33718,0.41482551143200963
33719,0.7643802647412756
33720,0.4426955475330927
33721,0.9777135980746089
33722,0.43400722021660654
33723,0.30806257521058966
33724,0.9356438026474128
33725,0.6517208182912154
33726,0.6445487364620939
33727,0.06851985559566787
33728,0.8533333333333333
33729,0.8019975932611312
33730,0.15138387484957883
33731,0.10235860409145608
33732,0.2502045728038508
33733,0.9477256317689531
33734,0.6021901323706378
33735,0.010734055354993983
33736,0.40659446450060166
33737,0.6288808664259928
33738,0.37812274368231047
33739,0.13855595667870035
33740,0.5979783393501805
33741,0.9391576413959085
33742,0.28681107099879666
33743,0.11126353790613717
33744,0.8299398315282791
33745,0.027196149217809867
33746,0.1471480144404332
33747,0.3960529482551143
33748,0.8571119133574008
33749,0.3386522262334537
33750,0.8030565583634176
33751,0.43345367027677495
33752,0.07083032490974729
33753,0.011335740072202167
33754,0.8233453670276776
33755,0.7494584837545126
33756,0.2944404332129964
33757,0.6457521058965102
33758,0.3529001203369434
33759,0.4017087845968712
33760,0.8948495788206979
33761,0.22341756919374248
33762,0.4987244283995187
33763,0.7777617328519855
33764,0.9524187725631769
33765,0.3594464500601685
33766,0.5010589651022864
33767,0.35742478941034894
33768,0.6093622141997593
33769,0.07778580024067389
33770,0.0022141997593261133
33771,0.2908303249097473
33772,0.2724187725631769
33773,0.12772563176895307
33774,0.5777617328519855
33775,0.14077015643802648
33776,0.13364620938628158
33777,0.25925391095066186
33778,0.2927316486161251
33779,0.1711191335740072
33780,0.8696269554753309
33781,0.3323225030084236
33782,0.737352587244284
33783,0.2571119133574007
33784,0.6873405535499398
33785,0.9247894103489771
33786,0.25210589651022863
33787,0.19249097472924187
33788,0.12912154031287604
33789,0.2532129963898917
33790,0.6395667870036101
33791,0.020505415162454875
33792,0.6815162454873647
33793,0.43460890493381465
33794,0.7254151624548737
33795,0.7529482551143201
33796,0.13174488567990372
33797,0.3966546329723225
33798,0.9639951865222623
33799,0.08182912154031288
33800,0.6348736462093862
33801,0.2977858002406739
33802,0.9522262334536703
33803,0.7901564380264741
33804,0.858820697954272
33805,0.7877256317689532
33806,0.7129963898916967
33807,0.772057761732852
33808,0.8010348977135981
33809,0.16457280385078218
33810,0.5748977135980746
33811,0.4004572803850782
33812,0.08527075812274368
33813,0.04163658243080626
33814,0.08659446450060168
33815,0.49569193742478945
33816,0.07574007220216605
33817,0.5610348977135982
33818,0.47670276774969916
33819,0.4390373044524669
33820,0.1940072202166065
33821,0.5686161251504211
33822,0.20503008423586042
33823,0.25557160048134775
33824,0.7441395908543923
33825,0.5644283995186523
33826,0.9588929001203369
33827,0.17882069795427197
33828,0.9271480144404333
33829,0.5110950661853189
33830,0.27049338146811075
33831,0.07326113116726835
33832,0.8338628158844765
33833,0.8791095066185319
33834,0.20454873646209387
33835,0.8174969915764139
33836,0.6031528279181708
33837,0.7719374247894104
33838,0.7040673886883273
33839,0.22697954271961493
33840,0.29496991576413956
33841,0.8479903730445246
33842,0.7817328519855595
33843,0.7966305655836341
33844,0.4485920577617329
33845,0.5623826714801444
33846,0.41535499398315284
33847,0.36091456077015643
33848,0.024620938628158846
33849,0.39773766546329725
33850,0.4436341756919374
33851,0.1620216606498195
33852,0.35225030084235864
33853,0.8156678700361011
33854,0.6937424789410349
33855,0.10002406738868833
33856,0.16921780986762935
33857,0.646835138387485
33858,0.25034897713598075
33859,0.042262334536702764
33860,0.9330204572803851
33861,0.8910228640192539
33862,0.8662334536702768
33863,0.2127797833935018
33864,0.7833212996389891
33865,0.8516967509025271
33866,0.7699157641395908
33867,0.12572803850782188
33868,0.09383874849578822
33869,0.06146811070998797
33870,0.33297232250300846
33871,0.06681107099879663
33872,0.9628399518652226
33873,0.42943441636582436
33874,0.36279181708784597
33875,0.9076052948255113
33876,0.08199759326113117
33877,0.3059446450060168
33878,0.7710950661853189
33879,0.028929001203369435
33880,0.6086161251504212
33881,0.19181708784596874
33882,0.28762936221419977
33883,0.33583634175691934
33884,0.76676293622142
33885,0.015090252707581228
33886,0.5180024067388688
33887,0.7379542719614922
33888,0.7770156438026474
33889,0.2993742478941035
33890,0.3579302045728039
33891,0.04702767749699158
33892,0.09554753309265945
33893,0.8648134777376655
33894,0.5343682310469314
33895,0.20666666666666667
33896,0.7460890493381468
33897,0.8706859205776174
33898,0.9470517448856799
33899,0.256028880866426
33900,0.310517448856799
33901,0.3377135980746089
33902,0.7940072202166064
33903,0.07723225030084235
33904,0.18738868832731648
33905,0.5948736462093862
33906,0.055716004813477736
33907,0.794632972322503
33908,0.015403128760529482
33909,0.3634416365824308
33910,0.9451022864019254
33911,0.1346089049338147
33912,0.1895788206979543
33913,0.09275571600481348
33914,0.5541997593261131
33915,0.047460890493381466
33916,0.4336221419975933
33917,0.5796389891696752
33918,0.8981227436823105
33919,0.6790132370637786
33920,0.06948255114320095
33921,0.1061612515042118
33922,0.44613718411552344
33923,0.601395908543923
33924,0.8944404332129965
33925,0.6979783393501805
33926,0.849049338146811
33927,0.5886401925391095
33928,0.1187725631768953
33929,0.08741275571600482
33930,0.9028880866425992
33931,0.2822141997593261
33932,0.6543922984356197
33933,0.9091456077015644
33934,0.4794705174488568
33935,0.7246209386281588
33936,0.3500120336943442
33937,0.5113838748495788
33938,0.24957882069795428
33939,0.581323706377858
33940,0.8201925391095066
33941,0.5406498194945848
33942,0.13143200962695548
33943,0.8849097472924188
33944,0.054873646209386284
33945,0.9273164861612515
33946,0.549554753309266
33947,0.9489290012033694
33948,0.6266425992779783
33949,0.2698676293622142
33950,0.34746089049338147
33951,0.8448616125150421
33952,0.03155234657039711
33953,0.5314079422382672
33954,0.06714801444043322
33955,0.1789410348977136
33956,0.33557160048134776
33957,0.6536221419975932
33958,0.015379061371841156
33959,0.7026955475330927
33960,0.5848616125150421
33961,0.4151624548736462
33962,0.08765342960288808
33963,0.4317930204572804
33964,0.9205054151624549
33965,0.8259205776173285
33966,0.29809867629362213
33967,0.6220938628158845
33968,0.6465944645006017
33969,0.13229843561973526
33970,0.3269554753309266
33971,0.9190373044524669
33972,0.3681107099879663
33973,0.796028880866426
33974,0.8871239470517449
33975,0.5990132370637786
33976,0.4137665463297232
33977,0.005439229843561974
33978,0.6666666666666667
33979,0.3222141997593261
33980,0.09429602888086643
33981,0.8408182912154032
33982,0.9218531889290011
33983,0.3778820697954272
33984,0.5575451263537906
33985,0.25227436823104693
33986,0.20243080625752108
33987,0.01641395908543923
33988,0.08969915764139591
33989,0.3955234657039711
33990,0.9998796630565584
33991,0.9750180505415162
33992,0.8959326113116727
33993,0.33290012033694344
33994,0.4843561973525873
33995,0.6769675090252707
33996,0.06839951865222624
33997,0.6644765342960288
33998,0.6077256317689531
33999,0.2866425992779783
34000,0.7039229843561974
34001,0.20067388688327317
34002,0.7716726835138388
34003,0.10204572803850782
34004,0.39350180505415167
34005,0.15148014440433213
34006,0.6215643802647413
34007,0.8685198555956679
34008,0.6942238267148015
34009,0.777496991576414
34010,0.5967027677496992
34011,0.035571600481347776
34012,0.5903008423586041
34013,0.19882069795427196
34014,0.10803850782190133
34015,0.6348014440433213
34016,0.4482310469314079
34017,0.6495547533092659
34018,0.14262334536702767
34019,0.44986762936221425
34020,0.011432009626955475
34021,0.9533092659446449
34022,0.17290012033694346
34023,0.06832731648616125
34024,0.2787725631768953
34025,0.6954031287605296
34026,0.649049338146811
34027,0.9141516245487364
34028,0.7575210589651022
34029,0.5006016847172081
34030,0.8495306859205776
34031,0.9094344163658243
34032,0.3175451263537906
34033,0.9130204572803851
34034,0.5438026474127557
34035,0.24262334536702768
34036,0.4534777376654633
34037,0.09870036101083032
34038,0.7045487364620939
34039,0.9000240673886883
34040,0.03140794223826715
34041,0.5110709987966305
34042,0.2855595667870036
34043,0.16298435619735258
34044,0.9484717208182912
34045,0.9489049338146811
34046,0.8053910950661853
34047,0.014849578820697954
34048,0.481395908543923
34049,0.15128760529482552
34050,0.2703249097472924
34051,0.7251744885679903
34052,0.508231046931408
34053,0.4605776173285199
34054,0.40481347773766546
34055,0.3156678700361011
34056,0.5703971119133574
34057,0.843610108303249
34058,0.4510709987966306
34059,0.19521058965102286
34060,0.691768953068592
34061,0.3789651022864019
34062,0.2344404332129964
34063,0.430734055354994
34064,0.829338146811071
34065,0.1248375451263538
34066,0.9510469314079422
34067,0.060601684717208185
34068,0.0754271961492178
34069,0.9548255114320097
34070,0.24558363417569193
34071,0.1633694344163658
34072,0.4683273164861612
34073,0.05619735258724429
34074,0.455812274368231
34075,0.5273164861612515
34076,0.18914560770156438
34077,0.7825511432009626
34078,0.047629362214199764
34079,0.6754993983152828
34080,0.9993020457280385
34081,0.34490974729241874
34082,0.06336943441636582
34083,0.23484957882069796
34084,0.41354993983152827
34085,0.7525631768953069
34086,0.9902045728038508
34087,0.48948255114320094
34088,0.2791335740072202
34089,0.8288327316486162
34090,0.43249097472924186
34091,0.11270758122743682
34092,0.7354031287605294
34093,0.0033935018050541515
34094,0.21318892900120337
34095,0.27352587244283993
34096,0.2443080625752106
34097,0.6826233453670276
34098,0.3223104693140794
34099,0.1757641395908544
34100,0.4811552346570397
34101,0.35651022864019255
34102,0.9152105896510229
34103,0.2267870036101083
34104,0.30240673886883274
34105,0.2502045728038508
34106,0.6227436823104693
34107,0.062647412755716
34108,0.5170156438026474
34109,0.5367749699157641
34110,0.4190373044524669
34111,0.7298676293622142
34112,0.7832490974729243
34113,0.45617328519855593
34114,0.9116004813477738
34115,0.767942238267148
34116,0.29046931407942234
34117,0.009723225030084236
34118,0.9460409145607702
34119,0.5411793020457281
34120,0.8340312876052949
34121,0.209338146811071
34122,0.41747292418772564
34123,0.8570156438026475
34124,0.4857280385078219
34125,0.32613718411552345
34126,0.34729241877256317
34127,0.10620938628158845
34128,0.5027436823104693
34129,0.11658243080625752
34130,0.5770637785800241
34131,0.40746089049338147
34132,0.9350421179302046
34133,0.02072202166064982
34134,0.03927797833935018
34135,0.024283995186522262
34136,0.0766546329723225
34137,0.9518892900120337
34138,0.09610108303249099
34139,0.47687123947051746
34140,0.6796871239470517
34141,0.4764620938628159
34142,0.11716004813477737
34143,0.42577617328519857
34144,0.17191335740072203
34145,0.9762454873646209
34146,0.32847172081829124
34147,0.8586281588447653
34148,0.5915523465703971
34149,0.2848856799037305
34150,0.08659446450060168
34151,0.6396389891696751
34152,0.4738387484957882
34153,0.9446690734055355
34154,0.5909987966305656
34155,0.29434416365824306
34156,0.43138387484957885
34157,0.8227436823104692
34158,0.7053429602888086
34159,0.8669314079422383
34160,0.6664500601684717
34161,0.8418291215403129
34162,0.1565824308062575
34163,0.6592298435619734
34164,0.38567990373044525
34165,0.8196871239470518
34166,0.5026714801444043
34167,0.8998074608904933
34168,0.2142960288808664
34169,0.33140794223826714
34170,0.4804572803850782
34171,0.9165583634175691
34172,0.6426233453670277
34173,0.8571119133574008
34174,0.6643080625752106
34175,0.7357641395908544
34176,0.6685439229843562
34177,0.6605776173285198
34178,0.495956678700361
34179,0.8410830324909747
34180,0.8219494584837546
34181,0.5297954271961492
34182,0.37672683513838745
34183,0.278748495788207
34184,0.21362214199759325
34185,0.4788688327316486
34186,0.42531889290012037
34187,0.07075812274368232
34188,0.8664500601684717
34189,0.7814921780986763
34190,0.36129963898916967
34191,0.5199759326113117
34192,0.5339350180505416
34193,0.7205054151624548
34194,0.5104452466907341
34195,0.6596389891696751
34196,0.4553068592057762
34197,0.35848375451263537
34198,0.7370156438026474
34199,0.285511432009627
34200,0.5618050541516246
34201,0.9290252707581228
34202,0.40577617328519855
34203,0.5167509025270758
34204,0.6869554753309266
34205,0.19275571600481348
34206,0.8507099879663057
34207,0.9041395908543923
34208,0.7474368231046931
34209,0.5003369434416366
34210,0.8995667870036101
34211,0.15270758122743683
34212,0.2848856799037305
34213,0.32332129963898915
34214,0.1918892900120337
34215,0.9986281588447653
34216,0.15032490974729243
34217,0.17783393501805053
34218,0.9344645006016847
34219,0.5031528279181708
34220,0.22690734055354994
34221,0.19617328519855595
34222,0.2031046931407942
34223,0.41034897713598073
34224,0.0665222623345367
34225,0.37935018050541514
34226,0.7124187725631769
34227,0.2642358604091456
34228,0.4541997593261131
34229,0.20399518652226234
34230,0.20498194945848375
34231,0.8578339350180506
34232,0.9118170878459687
34233,0.2609626955475331
34234,0.5348014440433213
34235,0.3941997593261131
34236,0.07282791817087846
34237,0.43309265944645003
34238,0.5599037304452468
34239,0.20433212996389893
34240,0.6783874849578821
34241,0.47237063778580024
34242,0.7558363417569194
34243,0.7421901323706378
34244,0.8173044524669073
34245,0.6465703971119133
34246,0.11663056558363417
34247,0.8340072202166064
34248,0.5284717208182912
34249,0.6879663056558363
34250,0.6864019253910951
34251,0.7805294825511432
34252,0.8782190132370638
34253,0.3088808664259928
34254,0.5819494584837546
34255,0.09518652226233454
34256,0.7389410348977136
34257,0.145222623345367
34258,0.5493140794223826
34259,0.8047653429602888
34260,0.010565583634175691
34261,0.8157882069795428
34262,0.4712876052948255
34263,0.6987244283995186
34264,0.6832009626955475
34265,0.8697954271961492
34266,0.7492418772563176
34267,0.13614921780986763
34268,0.9064500601684717
34269,0.06979542719614922
34270,0.9313598074608904
34271,0.9374729241877257
34272,0.531696750902527
34273,0.776028880866426
34274,0.23157641395908543
34275,0.01003610108303249
34276,0.20430806257521059
34277,0.36774969915764144
34278,0.6161492178098676
34279,0.9831528279181709
34280,0.026425992779783393
34281,0.8314801444043322
34282,0.06274368231046931
34283,0.36305655836341755
34284,0.13730445246690737
34285,0.7151143200962695
34286,0.11561973525872442
34287,0.045198555956678696
34288,0.09477737665463298
34289,0.37294825511432006
34290,0.8642839951865222
34291,0.21405535499398315
34292,0.10960288808664259
34293,0.18981949458483754
34294,0.23703971119133574
34295,0.7702767749699158
34296,0.6810830324909747
34297,0.16835138387484958
34298,0.8364139590854391
34299,0.6067148014440433
34300,0.18567990373044524
34301,0.11752105896510229
34302,0.6536221419975933
34303,0.06069795427196149
34304,0.1510228640192539
34305,0.6349699157641395
34306,0.15241877256317687
34307,0.9393983152827918
34308,0.4682069795427196
34309,0.4461371841155235
34310,0.6473405535499398
34311,0.12517448856799038
34312,0.31537906137184113
34313,0.09131167268351384
34314,0.7747292418772562
34315,0.794055354993983
34316,0.7658243080625752
34317,0.7055354993983153
34318,0.1095066185318893
34319,0.49480144404332127
34320,0.3301564380264741
34321,0.5813718411552347
34322,0.6404572803850782
34323,0.563682310469314
34324,0.49547533092659446
34325,0.9459927797833935
34326,0.5083513838748496
34327,0.7833694344163659
34328,0.6086883273164863
34329,0.1392057761732852
34330,0.642719614921781
34331,0.25829121540312877
34332,0.16363417569193742
34333,0.05282791817087846
34334,0.5048134777376654
34335,0.5223345367027677
34336,0.26620938628158847
34337,0.8736462093862816
34338,0.2077496991576414
34339,0.17925391095066184
34340,0.37210589651022863
34341,0.44719614921780987
34342,0.4371841155234657
34343,0.07210589651022864
34344,0.6915523465703971
34345,0.9677978339350181
34346,0.8046931407942238
34347,0.7689049338146812
34348,0.6994464500601685
34349,0.8658243080625752
34350,0.5955475330926594
34351,0.3908303249097473
34352,0.3814199759326113
34353,0.5849338146811072
34354,0.1279181708784597
34355,0.6494584837545126
34356,0.2131407942238267
34357,0.8064259927797834
34358,0.13942238267148013
34359,0.7190373044524669
34360,0.7813959085439229
34361,0.9149458483754513
34362,0.5998315282791817
34363,0.06835138387484957
34364,0.45323706377858
34365,0.29379061371841153
34366,0.9826714801444043
34367,0.9029121540312877
34368,0.12151624548736462
34369,0.39179302045728037
34370,0.5812996389891697
34371,0.3983393501805054
34372,0.7225270758122744
34373,0.9237304452466908
34374,0.8302767749699158
34375,0.44620938628158846
34376,0.45708784596871244
34377,0.701107099879663
34378,0.7759566787003611
34379,0.06892900120336944
34380,0.4577135980746089
34381,0.4904693140794224
34382,0.42861612515042113
34383,0.21044524669073406
34384,0.20876052948255114
34385,0.6873405535499397
34386,0.15528279181708785
34387,0.4547292418772563
34388,0.4306137184115524
34389,0.5514801444043321
34390,0.221395908543923
34391,0.9462815884476534
34392,0.11961492178098676
34393,0.020938628158844765
34394,0.30110709987966305
34395,0.554632972322503
34396,0.832274368231047
34397,0.33607701564380266
34398,0.40146811070998795
34399,0.22625752105896513
34400,0.06767749699157641
34401,0.9347533092659446
34402,0.6737906137184115
34403,0.2886642599277978
34404,0.5065944645006017
34405,0.7574488567990373
34406,0.9343682310469315
34407,0.3766787003610108
34408,0.030252707581227438
34409,0.20418772563176896
34410,0.5915042117930205
34411,0.15528279181708785
34412,0.08941034897713598
34413,0.1368231046931408
34414,0.22327316486161253
34415,0.8190613718411552
34416,0.024717208182912155
34417,0.417352587244284
34418,0.4062093862815884
34419,0.8681347773766546
34420,0.6667148014440434
34421,0.48507821901323706
34422,0.6609386281588447
34423,0.5019253910950662
34424,0.9615162454873646
34425,0.7561973525872443
34426,0.6582190132370638
34427,0.8683513838748496
34428,0.38021660649819494
34429,0.15737665463297232
34430,0.6435619735258724
34431,0.31691937424789407
34432,0.3472683513838748
34433,0.4122743682310469
34434,0.009675090252707581
34435,0.1661853188929001
34436,0.7182430806257522
34437,0.6725872442839952
34438,0.4139831528279182
34439,0.24096269554753308
34440,0.5180024067388689
34441,0.8633935018050541
34442,0.6277015643802648
34443,0.6664981949458484
34444,0.25083032490974727
34445,0.5826233453670278
34446,0.6684957882069795
34447,0.8067388688327317
34448,0.36476534296028884
34449,0.5048134777376654
34450,0.01085439229843562
34451,0.22442839951865223
34452,0.02442839951865223
34453,0.0017328519855595668
34454,0.3798315282791817
34455,0.8278459687123947
34456,0.8180024067388688
34457,0.649121540312876
34458,0.7702286401925391
34459,0.37672683513838745
34460,0.9136462093862816
34461,0.409338146811071
34462,0.20519855595667869
34463,0.5698916967509025
34464,0.9548736462093863
34465,0.12144404332129964
34466,0.4904693140794224
34467,0.34137184115523467
34468,0.3404572803850782
34469,0.3367268351383875
34470,0.7535740072202166
34471,0.8713598074608905
34472,0.6271961492178099
34473,0.5339350180505416
34474,0.5786281588447654
34475,0.5610108303249097
34476,0.8744885679903731
34477,0.43894103489771363
34478,0.6928760529482552
34479,0.763826714801444
34480,0.4142478941034898
34481,0.0607942238267148
34482,0.890589651022864
34483,0.2481829121540313
34484,0.16661853188929
34485,0.9490012033694344
34486,0.13085439229843562
34487,0.16594464500601686
34488,0.8700601684717209
34489,0.8547533092659446
34490,0.1754993983152828
34491,0.06558363417569193
34492,0.5765102286401926
34493,0.0901323706377858
34494,0.9921299638989169
34495,0.4935740072202166
34496,0.9335258724428399
34497,0.3012033694344164
34498,0.6216365824308063
34499,0.5753068592057762
34500,0.45364620938628164
34501,0.023898916967509027
34502,0.5258483754512635
34503,0.035788206979542714
34504,0.9036101083032491
34505,0.7354993983152828
34506,0.45157641395908543
34507,0.005872442839951865
34508,0.3127075812274368
34509,0.52661853188929
34510,0.394560770156438
34511,0.21845968712394703
34512,0.4010589651022864
34513,0.8305655836341757
34514,0.061444043321299636
34515,0.5414681107099879
34516,0.19018050541516246
34517,0.3000240673886883
34518,0.3536702767749699
34519,0.8227436823104693
34520,0.9859927797833935
34521,0.06938628158844765
34522,0.9711191335740073
34523,0.9591817087845969
34524,0.06004813477737665
34525,0.4103249097472924
34526,0.08433212996389891
34527,0.9270758122743682
34528,0.4168471720818291
34529,0.9558604091456078
34530,0.11855595667870036
34531,0.9898194945848375
34532,0.8544404332129965
34533,0.5994223826714802
34534,0.2098676293622142
34535,0.6822864019253911
34536,0.35699157641395907
34537,0.6907581227436823
34538,0.8729723225030084
34539,0.016077015643802647
34540,0.0732129963898917
34541,0.10657039711191335
34542,0.8679181708784598
34543,0.36912154031287603
34544,0.515956678700361
34545,0.28613718411552347
34546,0.6155234657039712
34547,0.6130685920577618
34548,0.08154031287605296
34549,0.9594223826714801
34550,0.7681588447653429
34551,0.10206979542719616
34552,0.5670758122743682
34553,0.990878459687124
34554,0.5591335740072203
34555,0.6039229843561973
34556,0.5545367027677497
34557,0.7995186522262334
34558,0.6595186522262335
34559,0.2391095066185319
34560,0.0350661853188929
34561,0.6056799037304452
34562,0.23634175691937426
34563,0.9160770156438027
34564,0.7490974729241877
34565,0.6576895306859205
34566,0.10332129963898917
34567,0.8752346570397112
34568,0.045607701564380265
34569,0.739927797833935
34570,0.7455595667870036
34571,0.13694344163658245
34572,0.38878459687123945
34573,0.41352587244283995
34574,0.8505655836341757
34575,0.5955716004813478
34576,0.9945367027677496
34577,0.6065222623345368
34578,0.22048134777376655
34579,0.48259927797833935
34580,0.4812996389891697
34581,0.4095306859205776
34582,0.3337184115523466
34583,0.4238507821901324
34584,0.3005535499398315
34585,0.5022141997593261
34586,0.16194945848375453
34587,0.2831768953068592
34588,0.04779783393501805
34589,0.4498435619735259
34590,0.26086642599277976
34591,0.5889290012033694
34592,0.5166305655836342
34593,0.43614921780986765
34594,0.5967268351383874
34595,0.2445968712394705
34596,0.3074368231046931
34597,0.8088567990373045
34598,0.13706377858002405
34599,0.2758363417569194
34600,0.6607701564380264
34601,0.25018050541516246
34602,0.011191335740072202
34603,0.6270517448856799
34604,0.09865222623345367
34605,0.40924187725631767
34606,0.3818050541516246
34607,0.1683513838748496
34608,0.8995186522262335
34609,0.9962936221419976
34610,0.049747292418772564
34611,0.8411793020457281
34612,0.09793020457280385
34613,0.5094344163658243
34614,0.865222623345367
34615,0.2578339350180505
34616,0.9305655836341757
34617,0.14353790613718412
34618,0.7826714801444044
34619,0.9221901323706378
34620,0.04161251504211793
34621,0.1751624548736462
34622,0.06996389891696751
34623,0.7225270758122744
34624,0.026040914560770158
34625,0.8977376654632973
34626,0.2728519855595668
34627,0.5356919374247894
34628,0.7279663056558363
34629,0.5771600481347774
34630,0.2942478941034898
34631,0.8948495788206979
34632,0.626546329723225
34633,0.7359326113116726
34634,0.4035138387484958
34635,0.34411552346570395
34636,0.13376654632972323
34637,0.07749699157641396
34638,0.8056799037304453
34639,0.5070276774969915
34640,0.8114079422382672
34641,0.1674849578820698
34642,0.8172563176895307
34643,0.32033694344163655
34644,0.5516004813477737
34645,0.17475330926594465
34646,0.7420457280385078
34647,0.5102527075812274
34648,0.9189891696750903
34649,0.4117930204572804
34650,0.0692418772563177
34651,0.5964139590854393
34652,0.5296750902527076
34653,0.9732851985559567
34654,0.16197352587244285
34655,0.6071720818291215
34656,0.11063778580024068
34657,0.5494825511432009
34658,0.3392298435619735
34659,0.5335740072202166
34660,0.9779783393501805
34661,0.7082791817087846
34662,0.10878459687123947
34663,0.6417328519855596
34664,0.8698194945848375
34665,0.1859927797833935
34666,0.46286401925391096
34667,0.5917208182912155
34668,0.9627677496991576
34669,0.23487364620938628
34670,0.6924428399518652
34671,0.6598796630565584
34672,0.1383152827918171
34673,0.9709506618531889
34674,0.3765583634175692
34675,0.970517448856799
34676,0.6297472924187726
34677,0.9788688327316486
34678,0.22498194945848377
34679,0.982647412755716
34680,0.3706859205776173
34681,0.5954993983152828
34682,0.3357882069795427
34683,0.602647412755716
34684,0.5534777376654634
34685,0.01513838748495788
34686,0.5597833935018051
34687,0.8587966305655836
34688,0.010661853188929002
34689,0.509482551143201
34690,0.1509265944645006
34691,0.7036582430806257
34692,0.7829843561973526
34693,0.09446450060168471
34694,0.2990373044524669
34695,0.07569193742478941
34696,0.5865222623345367
34697,0.8673405535499399
34698,0.2553549939831528
34699,0.9235379061371841
34700,0.46941034897713596
34701,0.5832972322503008
34702,0.962575210589651
34703,0.9197352587244284
34704,0.4584115523465704
34705,0.1810348977135981
34706,0.7629602888086643
34707,0.7931648616125151
34708,0.8247172081829122
34709,0.42368231046931404
34710,0.5457039711191336
34711,0.044091456077015645
34712,0.40060168471720814
34713,0.6657521058965101
34714,0.7197111913357401
34715,0.5119374247894103
34716,0.4508784596871239
34717,0.2549699157641396
34718,0.24021660649819493
34719,0.601251504211793
34720,0.295956678700361
34721,0.38322503008423586
34722,0.2718170878459687
34723,0.489482551143201
34724,0.22067388688327316
34725,0.029025270758122744
34726,0.9346329723225031
34727,0.7713598074608905
34728,0.009939831528279182
34729,0.4422141997593261
34730,0.8363176895306859
34731,0.007412755716004813
34732,0.22137184115523467
34733,0.8328038507821902
34734,0.18572803850782188
34735,0.6297954271961492
34736,0.9297954271961493
34737,0.1691696750902527
34738,0.02332129963898917
34739,0.6653188929001204
34740,0.41239470517448856
34741,0.18129963898916968
34742,0.3514801444043322
34743,0.10004813477737666
34744,0.49636582430806253
34745,0.2362214199759326
34746,0.24361010830324908
34747,0.8180986762936222
34748,0.6285439229843561
34749,0.42623345367027676
34750,0.06673886883273165
34751,0.6294344163658243
34752,0.9365342960288809
34753,0.8284957882069794
34754,0.7313598074608905
34755,0.7618050541516246
34756,0.11275571600481347
34757,0.19870036101083033
34758,0.5677015643802648
34759,0.11085439229843562
34760,0.33788206979542723
34761,0.9147292418772563
34762,0.7132851985559567
34763,0.6249097472924188
34764,0.40825511432009626
34765,0.23829121540312875
34766,0.06305655836341757
34767,0.6606016847172083
34768,0.21407942238267147
34769,0.37578820697954274
34770,0.8950421179302046
34771,0.7886642599277979
34772,0.8353309265944645
34773,0.31309265944645004
34774,0.30700361010830324
34775,0.6383393501805055
34776,0.409338146811071
34777,0.9078459687123948
34778,0.9648856799037304
34779,0.9164139590854392
34780,0.822286401925391
34781,0.8403850782190132
34782,0.7834416365824308
34783,0.28924187725631767
34784,0.5317208182912154
34785,0.8912635379061371
34786,0.8651744885679904
34787,0.7479663056558363
34788,0.6967749699157642
34789,0.8141275571600481
34790,0.07961492178098677
34791,0.43280385078219014
34792,0.026233453670276775
34793,0.6141516245487364
34794,0.6316486161251504
34795,0.27660649819494587
34796,0.7710709987966307
34797,0.5875330926594464
34798,0.8135980746089049
34799,0.39441636582430806
34800,0.829121540312876
34801,0.2045968712394705
34802,0.28943441636582434
34803,0.3491456077015644
34804,0.8975210589651023
34805,0.5981949458483754
34806,0.11123947051744884
34807,0.9368471720818291
34808,0.15494584837545128
34809,0.5796149217809867
34810,0.8498676293622143
34811,0.31530685920577617
34812,0.20252707581227436
34813,0.3724428399518652
34814,0.3812755716004813
34815,0.1510950661853189
34816,0.5196389891696751
34817,0.05357400722021661
34818,0.19208182912154032
34819,0.6372081829121541
34820,0.5426714801444044
34821,0.9228399518652226
34822,0.22868832731648617
34823,0.5321058965102287
34824,0.007316486161251504
34825,0.7474127557160049
34826,0.6874608904933814
34827,0.34312876052948255
34828,0.2961973525872443
34829,0.8476293622141997
34830,0.6165342960288809
34831,0.917352587244284
34832,0.7518652226233453
34833,0.25691937424789413
34834,0.13554753309265943
34835,0.4663297232250301
34836,0.7999759326113116
34837,0.7794705174488568
34838,0.44618531889290014
34839,0.6038026474127558
34840,0.9810830324909747
34841,0.04748495788206979
34842,0.10423586040914562
34843,0.24567990373044524
34844,0.38601684717208185
34845,0.8544645006016847
34846,0.9568471720818291
34847,0.265367027677497
34848,0.4224789410348977
34849,0.05590854392298436
34850,0.04912154031287605
34851,0.3175451263537906
34852,0.39870036101083034
34853,0.21318892900120337
34854,0.19528279181708785
34855,0.10267148014440433
34856,0.19338146811071
34857,0.3436823104693141
34858,0.9261371841155235
34859,0.9173285198555956
34860,0.591913357400722
34861,0.31954271961492176
34862,0.5003369434416366
34863,0.21831528279181708
34864,0.6453429602888087
34865,0.7884957882069795
34866,0.6156678700361011
34867,0.6844765342960288
34868,0.4339350180505415
34869,0.9146570397111913
34870,0.2719614921780987
34871,0.3610589651022864
34872,0.39244283995186524
34873,0.6438989169675091
34874,0.055042117930204575
34875,0.7393501805054152
34876,0.5536943441636583
34877,0.06979542719614922
34878,0.6483995186522262
34879,0.2595427196149218
34880,0.7152827918170879
34881,0.570950661853189
34882,0.24440433212996387
34883,0.28462093862815885
34884,0.9395186522262335
34885,0.5736462093862815
34886,0.19174488567990372
34887,0.9372322503008423
34888,0.9829362214199759
34889,0.10851985559566787
34890,0.6327797833935018
34891,0.9158122743682311
34892,0.38661853188929
34893,0.7338387484957882
34894,0.34125150421179307
34895,0.9851504211793021
34896,0.14163658243080626
34897,0.5805294825511432
34898,0.4471961492178098
34899,0.2880385078219013
34900,0.698243080625752
34901,0.42377858002406743
34902,0.15282791817087846
34903,0.5238748495788207
34904,0.9816847172081828
34905,0.12719614921780986
34906,0.6684235860409146
34907,0.42409145607701565
34908,0.37051744885679905
34909,0.8641877256317689
34910,0.9896750902527076
34911,0.3184837545126354
34912,0.19504211793020457
34913,0.42919374247894104
34914,0.6244043321299639
34915,0.7435860409145607
34916,0.7647172081829121
34917,0.8219735258724428
34918,0.5273886883273164
34919,0.5317930204572804
34920,0.23364620938628158
34921,0.7741997593261132
34922,0.45338146811071
34923,0.6163658243080625
34924,0.8445968712394705
34925,0.4789410348977136
34926,0.5366787003610108
34927,0.9767268351383875
34928,0.6422623345367028
34929,0.280072202166065
34930,0.49626955475330925
34931,0.25740072202166064
34932,0.7678459687123946
34933,0.11472924187725632
34934,0.5901805054151625
34935,0.5607701564380265
34936,0.110661853188929
34937,0.5744645006016847
34938,0.4291215403128761
34939,0.9142478941034897
34940,0.8102767749699158
34941,0.6740794223826715
34942,0.4896750902527076
34943,0.3155716004813478
34944,0.45619735258724425
34945,0.16170878459687124
34946,0.6688808664259928
34947,0.1503249097472924
34948,0.8062334536702768
34949,0.21737665463297232
34950,0.8494344163658243
34951,0.34873646209386283
34952,0.874849578820698
34953,0.9920336943441637
34954,0.4718892900120337
34955,0.4978098676293622
34956,0.6005776173285198
34957,0.5364139590854392
34958,0.3778580024067389
34959,0.4608664259927798
34960,0.5721058965102286
34961,0.2784596871239471
34962,0.29670276774969917
34963,0.7187244283995187
34964,0.9035860409145607
34965,0.19619735258724427
34966,0.5531648616125151
34967,0.5821901323706378
34968,0.7486401925391095
34969,0.3035379061371841
34970,0.9343922984356197
34971,0.48454873646209384
34972,0.11588447653429604
34973,0.31809867629362215
34974,0.10560770156438026
34975,0.4447412755716005
34976,0.7406979542719614
34977,0.4155716004813478
34978,0.8046209386281589
34979,0.855740072202166
34980,0.37535499398315286
34981,0.9335258724428399
34982,0.11643802647412756
34983,0.1445006016847172
34984,0.26909747292418773
34985,0.04515042117930204
34986,0.8906137184115523
34987,0.25542719614921783
34988,0.6125872442839951
34989,0.618748495788207
34990,0.14385078219013236
34991,0.9735018050541516
34992,0.5619494584837545
34993,0.9190373044524669
34994,0.5889049338146811
34995,0.45046931407942237
34996,0.9893622141997593
34997,0.5765102286401925
34998,0.5257039711191336
34999,0.39910950661853184
35000,0.4940312876052948
35001,0.8727316486161252
35002,0.6410108303249098
35003,0.40495788206979544
35004,0.6280385078219013
35005,0.20389891696750903
35006,0.3849578820697954
35007,0.5514320096269555
35008,0.5268110709987966
35009,0.7618531889290012
35010,0.3672442839951865
35011,0.741179302045728
35012,0.12074608904933815
35013,0.6133092659446451
35014,0.40276774969915763
35015,0.8164861612515042
35016,0.7623104693140794
35017,0.31330926594464503
35018,0.2515523465703971
35019,0.18697954271961492
35020,0.8522984356197352
35021,0.420072202166065
35022,0.17381468110709988
35023,0.15049338146811073
35024,0.48363417569193745
35025,0.7468351383874849
35026,0.46332129963898916
35027,0.3575932611311673
35028,0.2137424789410349
35029,0.8203128760529483
35030,0.3390132370637786
35031,0.30871239470517453
35032,0.5593501805054152
35033,0.8317689530685921
35034,0.3512635379061372
35035,0.030204572803850784
35036,0.28163658243080625
35037,0.9184356197352588
35038,0.5632490974729242
35039,0.05102286401925391
35040,0.3255595667870036
35041,0.030036101083032493
35042,0.9944404332129964
35043,0.7373766546329723
35044,0.8238748495788206
35045,0.9302286401925391
35046,0.615740072202166
35047,0.7925872442839952
35048,0.4031768953068592
35049,0.6591817087845968
35050,0.5870276774969916
35051,0.10185318892900119
35052,0.6473405535499399
35053,0.8350661853188929
35054,0.2163898916967509
35055,0.8086161251504211
35056,0.9850541516245488
35057,0.1154993983152828
35058,0.9535258724428399
35059,0.988158844765343
35060,0.7135499398315284
35061,0.49906137184115523
35062,0.5617809867629362
35063,0.37314079422382673
35064,0.39328519855595667
35065,0.23456077015643803
35066,0.4190373044524669
35067,0.7716486161251503
35068,0.28794223826714804
35069,0.6461853188929001
35070,0.6653910950661853
35071,0.25342960288808664
35072,0.05879663056558364
35073,0.6572322503008423
35074,0.7810830324909748
35075,0.8622623345367028
35076,0.770950661853189
35077,0.9596871239470517
35078,0.7980024067388689
35079,0.9888808664259927
35080,0.3967509025270758
35081,0.45975932611311676
35082,0.3126835138387485
35083,0.9655836341756919
35084,0.7907821901323706
35085,0.43367027677496994
35086,0.11766546329723225
35087,0.9240192539109506
35088,0.7514079422382671
35089,0.8298916967509025
35090,0.6311913357400722
35091,0.05027677496991577
35092,0.5704693140794224
35093,0.7794705174488568
35094,0.8987725631768954
35095,0.41388688327316486
35096,0.24551143200962694
35097,0.45054151624548733
35098,0.3635379061371841
35099,0.7467870036101083
35100,0.7914801444043321
35101,0.8521540312876053
35102,0.9432009626955475
35103,0.4834897713598074
35104,0.6668592057761733
35105,0.8929482551143202
35106,0.9833694344163658
35107,0.42645006016847176
35108,0.8831768953068593
35109,0.786835138387485
35110,0.6928519855595667
35111,0.46892900120336944
35112,0.4398074608904934
35113,0.014392298435619736
35114,0.05424789410348978
35115,0.025222623345367026
35116,0.9980024067388689
35117,0.530517448856799
35118,0.6818531889290012
35119,0.50705174488568
35120,0.07997593261131167
35121,0.8326113116726835
35122,0.5170637785800241
35123,0.37018050541516245
35124,0.9516726835138387
35125,0.9929723225030085
35126,0.8815884476534297
35127,0.23444043321299637
35128,0.14902527075812275
35129,0.3237785800240674
35130,0.545294825511432
35131,0.22664259927797833
35132,0.12657039711191337
35133,0.19978339350180505
35134,0.8829362214199759
35135,0.07990373044524668
35136,0.17939831528279182
35137,0.20500601684717207
35138,0.2961973525872443
35139,0.7365583634175692
35140,0.8867388688327316
35141,0.6544645006016847
35142,0.4297472924187726
35143,0.006209386281588448
35144,0.7854151624548736
35145,0.7168712394705175
35146,0.5769193742478942
35147,0.34746089049338147
35148,0.9030324909747293
35149,0.8838989169675091
35150,0.8536462093862816
35151,0.4829843561973526
35152,0.8323465703971119
35153,0.29468110709987966
35154,0.8392057761732852
35155,0.6123225030084236
35156,0.3488086642599278
35157,0.5447412755716005
35158,0.1853910950661853
35159,0.3212996389891697
35160,0.0832490974729242
35161,0.9754993983152828
35162,0.3243080625752106
35163,0.23010830324909748
35164,0.05874849578820698
35165,0.33528279181708787
35166,0.6393020457280385
35167,0.8048616125150421
35168,0.3495306859205776
35169,0.9204572803850782
35170,0.47107099879663056
35171,0.18604091456077015
35172,0.6195427196149217
35173,0.9776895306859206
35174,0.7600962695547533
35175,0.13034897713598076
35176,0.00296028880866426
35177,0.2249338146811071
35178,0.28211793020457276
35179,0.8810830324909746
35180,0.8514079422382672
35181,0.034055354993983156
35182,0.17925391095066184
35183,0.7232490974729242
35184,0.35894103489771356
35185,0.8112394705174488
35186,0.6006257521058964
35187,0.59323706377858
35188,0.9928760529482551
35189,0.03056558363417569
35190,0.520962695547533
35191,0.9951383874849579
35192,0.9237304452466908
35193,0.8869073405535499
35194,0.36657039711191336
35195,0.6730445246690734
35196,0.7935018050541516
35197,0.17578820697954273
35198,0.43193742478941033
35199,0.4167268351383875
35200,0.1424548736462094
35201,0.031215403128760533
35202,0.954560770156438
35203,0.19985559566787003
35204,0.11104693140794222
35205,0.06081829121540313
35206,0.5032250300842358
35207,0.8753790613718412
35208,0.44912154031287604
35209,0.32712394705174486
35210,0.029362214199759325
35211,0.5704933814681108
35212,0.785655836341757
35213,0.3540312876052948
35214,0.977352587244284
35215,0.4872442839951865
35216,0.7395427196149218
35217,0.7105655836341758
35218,0.3238267148014441
35219,0.7648134777376655
35220,0.3712394705174489
35221,0.7828399518652227
35222,0.618965102286402
35223,0.17862815884476535
35224,0.8209867629362214
35225,0.6025030084235861
35226,0.16014440433212995
35227,0.9679663056558363
35228,0.060866425992779784
35229,0.7283273164861612
35230,0.25908543922984356
35231,0.7647172081829121
35232,0.2496028880866426
35233,0.24666666666666667
35234,0.903898916967509
35235,0.9011311672683513
35236,0.10197352587244285
35237,0.901468110709988
35238,0.6512635379061371
35239,0.5404091456077016
35240,0.08681107099879663
35241,0.54014440433213
35242,0.12900120336943444
35243,0.21410348977135982
35244,0.5140312876052948
35245,0.791913357400722
35246,0.013237063778580024
35247,0.04565583634175692
35248,0.538531889290012
35249,0.248014440433213
35250,0.9190613718411552
35251,0.18445246690734057
35252,0.6215643802647413
35253,0.6114801444043321
35254,0.3392298435619735
35255,0.7904933814681108
35256,0.5461853188929001
35257,0.9769193742478941
35258,0.19422382671480143
35259,0.1777135980746089
35260,0.11843561973525873
35261,0.8283032490974729
35262,0.33653429602888085
35263,0.739037304452467
35264,0.6413237063778581
35265,0.358748495788207
35266,0.7638748495788208
35267,0.3684235860409145
35268,0.6413959085439229
35269,0.2303008423586041
35270,0.8902045728038508
35271,0.9003610108303249
35272,0.1907581227436823
35273,0.19987966305655835
35274,0.8367268351383874
35275,0.7807701564380265
35276,0.3738868832731649
35277,0.6412996389891696
35278,0.5981949458483755
35279,0.8365102286401925
35280,0.5661131167268352
35281,0.6729241877256318
35282,0.22909747292418772
35283,0.09511432009626955
35284,0.6470758122743683
35285,0.4302286401925391
35286,0.1697713598074609
35287,0.8039951865222623
35288,0.8778339350180506
35289,0.8797593261131167
35290,0.12409145607701565
35291,0.7619494584837545
35292,0.3916967509025271
35293,0.2415643802647413
35294,0.09448856799037304
35295,0.9984596871239471
35296,0.27838748495788207
35297,0.571913357400722
35298,0.4128519855595668
35299,0.917280385078219
35300,0.6770397111913358
35301,0.6057039711191337
35302,0.0614921780986763
35303,0.5407942238267148
35304,0.442575210589651
35305,0.28892900120336945
35306,0.9105174488567991
35307,0.4477496991576414
35308,0.8890493381468111
35309,0.6380264741275572
35310,0.3519614921780987
35311,0.49776173285198555
35312,0.019759326113116725
35313,0.024645006016847174
35314,0.09302045728038508
35315,0.7299398315282792
35316,0.8785559566787005
35317,0.47764139590854393
35318,0.9987003610108303
35319,0.9985078219013237
35320,0.5750902527075812
35321,0.08594464500601684
35322,0.9409867629362214
35323,0.31518652226233457
35324,0.691913357400722
35325,0.5966546329723226
35326,0.437208182912154
35327,0.8671961492178099
35328,0.8344404332129964
35329,0.7253429602888086
35330,0.7862334536702767
35331,0.13749699157641396
35332,0.9010589651022864
35333,0.6050541516245487
35334,0.03429602888086643
35335,0.11975932611311672
35336,0.17160048134777378
35337,0.28233453670276776
35338,0.5378580024067389
35339,0.5735740072202166
35340,0.21817087845968713
35341,0.6290974729241877
35342,0.14180505415162453
35343,0.3338146811070999
35344,0.3523225030084236
35345,0.3686161251504212
35346,0.4843080625752106
35347,0.9656558363417569
35348,0.49978339350180506
35349,0.17581227436823105
35350,0.19968712394705174
35351,0.08787003610108303
35352,0.5562936221419976
35353,0.5129723225030084
35354,0.6204572803850783
35355,0.4368471720818291
35356,0.8488567990373044
35357,0.8995908543922985
35358,0.163971119133574
35359,0.4702527075812274
35360,0.635210589651023
35361,0.7148977135980746
35362,0.23667870036101085
35363,0.4742478941034898
35364,0.11545126353790613
35365,0.31482551143200965
35366,0.8543441636582432
35367,0.6008423586040914
35368,0.7245246690734055
35369,0.86
35370,0.8714320096269554
35371,0.014368231046931409
35372,0.8095066185318893
35373,0.5140312876052948
35374,0.5371119133574007
35375,0.20565583634175694
35376,0.4899157641395908
35377,0.09785800240673886
35378,0.036438026474127555
35379,0.4543682310469314
35380,0.9540312876052949
35381,0.5304211793020457
35382,0.4437304452466907
35383,0.07600481347773766
35384,0.6920336943441636
35385,0.09518652226233454
35386,0.27258724428399517
35387,0.38466907340553547
35388,0.90028880866426
35389,0.04772563176895307
35390,0.04305655836341757
35391,0.9434897713598074
35392,0.7311432009626955
35393,0.8510709987966305
35394,0.0013959085439229843
35395,0.18640192539109507
35396,0.6500361010830324
35397,0.9009867629362214
35398,0.5272442839951865
35399,0.8116004813477737
35400,0.8808904933814681
35401,0.0932129963898917
35402,0.8028640192539109
35403,0.8863056558363418
35404,0.07889290012033695
35405,0.39932611311672683
35406,0.15501805054151624
35407,0.6484235860409145
35408,0.02724428399518652
35409,0.24442839951865222
35410,0.49249097472924186
35411,0.5545607701564381
35412,0.3643321299638989
35413,0.9029362214199759
35414,0.5541275571600481
35415,0.665150421179302
35416,0.6259927797833935
35417,0.1959326113116727
35418,0.10697954271961493
35419,0.6698194945848375
35420,0.12447653429602888
35421,0.3165824308062575
35422,0.07261131167268352
35423,0.18753309265944645
35424,0.17711191335740073
35425,0.5946089049338147
35426,0.5281829121540313
35427,0.6274849578820698
35428,0.4962214199759326
35429,0.006425992779783393
35430,0.8353549939831528
35431,0.9766305655836343
35432,0.08876052948255114
35433,0.6937906137184116
35434,0.9483513838748496
35435,0.5245728038507822
35436,0.3707581227436823
35437,0.5230565583634176
35438,0.1769193742478941
35439,0.8465944645006016
35440,0.6713598074608904
35441,0.36734055354993983
35442,0.20180505415162456
35443,0.5820216606498194
35444,0.6994705174488568
35445,0.8527557160048135
35446,0.19932611311672682
35447,0.23157641395908543
35448,0.5531167268351384
35449,0.782503008423586
35450,0.18026474127557163
35451,0.38553549939831533
35452,0.35299638989169674
35453,0.4674127557160048
35454,0.9373044524669074
35455,0.1223826714801444
35456,0.3764861612515042
35457,0.310661853188929
35458,0.22274368231046932
35459,0.5347533092659447
35460,0.2017569193742479
35461,0.3753790613718412
35462,0.5457039711191336
35463,0.8768471720818292
35464,0.052924187725631774
35465,0.6236341756919375
35466,0.4259205776173285
35467,0.6732611311672684
35468,0.3021901323706378
35469,0.09439229843561973
35470,0.12252707581227437
35471,0.7382912154031287
35472,0.9052226233453671
35473,0.026257521058965103
35474,0.6804813477737666
35475,0.7493140794223827
35476,0.42888086642599277
35477,0.840361010830325
35478,0.2420216606498195
35479,0.4437785800240674
35480,0.6498916967509025
35481,0.39381468110709983
35482,0.7131167268351384
35483,0.9795186522262334
35484,0.49489771359807455
35485,0.2883513838748496
35486,0.41655836341756924
35487,0.7428640192539109
35488,0.9249578820697955
35489,0.6108303249097473
35490,0.49501805054151626
35491,0.8698194945848375
35492,0.6805054151624549
35493,0.34762936221419977
35494,0.4625511432009627
35495,0.3284476534296029
35496,0.2926113116726835
35497,0.2441395908543923
35498,0.19903730445246692
35499,0.3829843561973526
35500,0.31232250300842357
35501,0.6664741275571601
35502,0.890373044524669
35503,0.3067148014440433
35504,0.4449097472924187
35505,0.417280385078219
35506,0.4637785800240674
35507,0.7195427196149218
35508,0.4052707581227437
35509,0.9086401925391094
35510,0.9871720818291215
35511,0.08883273164861613
35512,0.014103489771359808
35513,0.8195186522262334
35514,0.8225992779783393
35515,0.6777858002406738
35516,0.30929001203369433
35517,0.7154993983152829
35518,0.7909025270758123
35519,0.9287845968712395
35520,0.8019253910950661
35521,0.36649819494584834
35522,0.3189651022864019
35523,0.1405294825511432
35524,0.970806257521059
35525,0.19407942238267148
35526,0.31034897713598075
35527,0.9428880866425993
35528,0.6301323706377857
35529,0.8421419975932611
35530,0.6507099879663056
35531,0.818531889290012
35532,0.6957882069795427
35533,0.3082791817087846
35534,0.7552827918170878
35535,0.44859205776173283
35536,0.05198555956678701
35537,0.7317448856799037
35538,0.20235860409145606
35539,0.8937665463297233
35540,0.2593020457280385
35541,0.2171119133574007
35542,0.6260649819494585
35543,0.20753309265944644
35544,0.14348977135980745
35545,0.9897472924187725
35546,0.60719614921781
35547,0.5392057761732852
35548,0.4686401925391095
35549,0.2045968712394705
35550,0.054945848375451266
35551,0.9306137184115524
35552,0.4887845968712395
35553,0.9732129963898917
35554,0.7272442839951865
35555,0.688086642599278
35556,0.6157641395908544
35557,0.4150902527075812
35558,0.2975691937424789
35559,0.8587725631768952
35560,0.9887845968712394
35561,0.1264259927797834
35562,0.5570637785800241
35563,0.1708303249097473
35564,0.9367749699157641
35565,0.1125150421179302
35566,0.8495066185318894
35567,0.5646690734055355
35568,0.8137906137184115
35569,0.03164861612515042
35570,0.11617328519855595
35571,0.7935740072202166
35572,0.6009386281588448
35573,0.2928279181708785
35574,0.39752105896510226
35575,0.1917930204572804
35576,0.2715523465703971
35577,0.4161973525872443
35578,0.6479181708784597
35579,0.6718170878459687
35580,0.9183152827918171
35581,0.2329482551143201
35582,0.008014440433212996
35583,0.024187725631768953
35584,0.014560770156438026
35585,0.9590132370637785
35586,0.8180986762936221
35587,0.6215884476534297
35588,0.857569193742479
35589,0.20293622141997594
35590,0.14902527075812275
35591,0.566546329723225
35592,0.5451263537906137
35593,0.0803610108303249
35594,0.7616847172081829
35595,0.012322503008423587
35596,0.8172563176895307
35597,0.43083032490974726
35598,0.16965102286401926
35599,0.505078219013237
35600,0.6122021660649819
35601,0.4303008423586041
35602,0.9707581227436823
35603,0.6916967509025271
35604,0.6060409145607701
35605,0.7054151624548737
35606,0.05280385078219013
35607,0.8831528279181708
35608,0.9983393501805053
35609,0.7516245487364621
35610,0.3046690734055355
35611,0.9496510228640193
35612,0.29552346570397114
35613,0.7121299638989169
35614,0.6019735258724428
35615,0.533309265944645
35616,0.8510709987966305
35617,0.031167268351383875
35618,0.31196149217809865
35619,0.6721058965102287
35620,0.34690734055354994
35621,0.8178339350180506
35622,0.05860409145607702
35623,0.9284235860409146
35624,0.7842358604091456
35625,0.5138628158844766
35626,0.12031287605294824
35627,0.03277978339350181
35628,0.6967027677496992
35629,0.7492659446450061
35630,0.20498194945848375
35631,0.7061371841155235
35632,0.5176173285198555
35633,0.10341756919374248
35634,0.44320096269554754
35635,0.5149939831528278
35636,0.9531889290012033
35637,0.5248134777376654
35638,0.3887123947051745
35639,0.20002406738868833
35640,0.5022382671480145
35641,0.14861612515042116
35642,0.33371841155234655
35643,0.9701805054151624
35644,0.7515282791817088
35645,0.43930204572803855
35646,0.012298435619735258
35647,0.36428399518652227
35648,0.6186522262334536
35649,0.24741275571600482
35650,0.4707581227436823
35651,0.1477496991576414
35652,0.5792057761732852
35653,0.8560529482551142
35654,0.7041395908543923
35655,0.5380505415162455
35656,0.004861612515042118
35657,0.9740072202166066
35658,0.8974488567990373
35659,0.1556919374247894
35660,0.4083754512635379
35661,0.9403369434416367
35662,0.37877256317689534
35663,0.49119133574007223
35664,0.5986040914560771
35665,0.8930926594464501
35666,0.059253910950661855
35667,0.42967509025270756
35668,0.17309265944645008
35669,0.5724187725631769
35670,0.7626233453670277
35671,0.7832009626955476
35672,0.6528760529482551
35673,0.8946811070998797
35674,0.5872442839951866
35675,0.5788929001203369
35676,0.18221419975932612
35677,0.030685920577617327
35678,0.577280385078219
35679,0.7399037304452467
35680,0.16137184115523465
35681,0.9273164861612515
35682,0.5818531889290013
35683,0.02681107099879663
35684,0.02500601684717208
35685,0.01569193742478941
35686,0.35896510228640194
35687,0.09359807460890493
35688,0.11995186522262334
35689,0.8851985559566786
35690,0.2212274368231047
35691,0.6261371841155234
35692,0.13764139590854393
35693,0.2548255114320096
35694,0.4602647412755716
35695,0.3961492178098676
35696,0.6838267148014441
35697,0.05927797833935018
35698,0.19434416365824309
35699,0.7651504211793021
35700,0.6541275571600482
35701,0.5449819494584838
35702,0.005824308062575211
35703,0.19547533092659447
35704,0.7283513838748495
35705,0.7676052948255114
35706,0.9103730445246692
35707,0.5853670276774969
35708,0.62
35709,0.8336221419975933
35710,0.8885679903730446
35711,0.4002888086642599
35712,0.02320096269554753
35713,0.027268351383874852
35714,0.15051744885679905
35715,0.8533814681107099
35716,0.545150421179302
35717,0.44356197352587245
35718,0.7507340553549939
35719,0.4703008423586041
35720,0.013044524669073406
35721,0.8924428399518652
35722,0.18936221419975932
35723,0.9419735258724429
35724,0.6630565583634176
35725,0.8460890493381468
35726,0.2320818291215403
35727,0.32503008423586044
35728,0.16028880866425993
35729,0.37381468110709987
35730,0.8691696750902527
35731,0.1025511432009627
35732,0.7623104693140794
35733,0.8932611311672684
35734,0.14298435619735259
35735,0.9055114320096269
35736,0.41403128760529484
35737,0.29518652226233455
35738,0.4941516245487364
35739,0.687870036101083
35740,0.4686883273164862
35741,0.07672683513838749
35742,0.21316486161251502
35743,0.7740072202166065
35744,0.7268832731648616
35745,0.48787003610108304
35746,0.5454632972322503
35747,0.06031287605294826
35748,0.29371841155234657
35749,0.9033212996389892
35750,0.7294344163658243
35751,0.2755956678700361
35752,0.10202166064981949
35753,0.2777617328519856
35754,0.04312876052948255
35755,0.6869795427196149
35756,0.16190132370637786
35757,0.534632972322503
35758,0.3490974729241877
35759,0.7234897713598074
35760,0.1593020457280385
35761,0.6726113116726835
35762,0.09102286401925391
35763,0.2235860409145608
35764,0.6569434416365825
35765,0.4774007220216606
35766,0.49417569193742483
35767,0.912202166064982
35768,0.4535018050541516
35769,0.30190132370637784
35770,0.9635138387484958
35771,0.3818291215403129
35772,0.05239470517448857
35773,0.8611311672683514
35774,0.9975932611311673
35775,0.5178580024067388
35776,0.7804091456077016
35777,0.7316004813477738
35778,0.6420457280385078
35779,0.5238748495788207
35780,0.4837063778580024
35781,0.7638507821901324
35782,0.9982671480144405
35783,0.8424548736462094
35784,0.0735740072202166
35785,0.18409145607701566
35786,0.3239229843561974
35787,0.7878459687123947
35788,0.024669073405535497
35789,0.843754512635379
35790,0.17001203369434414
35791,0.00977135980746089
35792,0.9951383874849579
35793,0.7258243080625753
35794,0.4683513838748496
35795,0.5452707581227437
35796,0.07752105896510228
35797,0.9148014440433213
35798,0.10154031287605295
35799,0.4840673886883273
35800,0.21771359807460888
35801,0.27588447653429604
35802,0.8153549939831528
35803,0.15776173285198555
35804,0.38170878459687124
35805,0.861684717208183
35806,0.8793261131167268
35807,0.018459687123947053
35808,0.8066907340553551
35809,0.9859205776173285
35810,0.09210589651022864
35811,0.03367027677496992
35812,0.1289771359807461
35813,0.2767749699157641
35814,0.27441636582430806
35815,0.3831287605294825
35816,0.8551143200962695
35817,0.04406738868832732
35818,0.6159326113116728
35819,0.810517448856799
35820,0.1281107099879663
35821,0.34182912154031286
35822,0.7461612515042118
35823,0.4703971119133574
35824,0.6219735258724428
35825,0.510589651022864
35826,0.019542719614921784
35827,0.9935499398315283
35828,0.9621901323706378
35829,0.6852226233453671
35830,0.9472924187725632
35831,0.07874849578820697
35832,0.9528519855595667
35833,0.0018050541516245488
35834,0.05080625752105897
35835,0.226690734055355
35836,0.8298676293622143
35837,0.5033453670276775
35838,0.3901083032490975
35839,0.6812033694344164
35840,0.47282791817087844
35841,0.39898916967509024
35842,0.8121058965102286
35843,0.7527075812274369
35844,0.11128760529482551
35845,0.1450782190132371
35846,0.242647412755716
35847,0.5015403128760529
35848,0.8920818291215403
35849,0.3641636582430806
35850,0.9681588447653429
35851,0.039542719614921784
35852,0.6369434416365825
35853,0.2547292418772563
35854,0.6769193742478941
35855,0.6513357400722022
35856,0.48637785800240674
35857,0.6852466907340553
35858,0.7883513838748495
35859,0.7165824308062576
35860,0.01865222623345367
35861,0.9318892900120337
35862,0.26888086642599274
35863,0.8605054151624549
35864,0.05862815884476534
35865,0.6216606498194945
35866,0.8188929001203369
35867,0.2939109506618532
35868,0.897569193742479
35869,0.04385078219013237
35870,0.9615403128760529
35871,0.9687123947051746
35872,0.4822141997593261
35873,0.45179302045728037
35874,0.1460649819494585
35875,0.7526594464500602
35876,0.4462334536702768
35877,0.8163658243080626
35878,0.9724187725631769
35879,0.5313357400722022
35880,0.5798796630565584
35881,0.570734055354994
35882,0.8349939831528279
35883,0.7046209386281588
35884,0.5350421179302045
35885,0.4268110709987966
35886,0.733309265944645
35887,0.1691456077015644
35888,0.9693622141997593
35889,0.4091456077015644
35890,0.06531889290012033
35891,0.3883995186522262
35892,0.007460890493381468
35893,0.905367027677497
35894,0.930878459687124
35895,0.7214921780986763
35896,0.004476534296028881
35897,0.7097472924187725
35898,0.3634657039711191
35899,0.7997111913357401
35900,0.6310469314079423
35901,0.9965824308062575
35902,0.47833935018050544
35903,0.9869795427196149
35904,0.1495066185318893
35905,0.7712876052948255
35906,0.6588447653429603
35907,0.9683273164861612
35908,0.5070036101083033
35909,0.420072202166065
35910,0.63367027677497
35911,0.2436823104693141
35912,0.5976173285198556
35913,0.5671720818291215
35914,0.13725631768953067
35915,0.6585559566787004
35916,0.5222623345367028
35917,0.7702527075812274
35918,0.7590854392298436
35919,0.6667148014440434
35920,0.5360770156438026
35921,0.5284717208182912
35922,0.6469314079422384
35923,0.7957160048134777
35924,0.4735018050541516
35925,0.4818291215403129
35926,0.2728760529482551
35927,0.6024548736462094
35928,0.4383152827918171
35929,0.8386281588447653
35930,0.28659446450060166
35931,0.607870036101083
35932,0.3952587244283995
35933,0.939927797833935
35934,0.8487364620938629
35935,0.1698676293622142
35936,0.5988206979542721
35937,0.30423586040914563
35938,0.17617328519855596
35939,0.41309265944645
35940,0.8327557160048135
35941,0.18799037304452465
35942,0.6669314079422383
35943,0.48697954271961497
35944,0.02296028880866426
35945,0.03641395908543923
35946,0.07087845968712395
35947,0.5910950661853189
35948,0.3568953068592058
35949,0.07997593261131167
35950,0.6997593261131168
35951,0.9441155234657039
35952,0.22373044524669072
35953,0.8093140794223828
35954,0.4763176895306859
35955,0.8078459687123947
35956,0.6802166064981949
35957,0.5752346570397112
35958,0.26796630565583635
35959,0.5774007220216606
35960,0.9137424789410349
35961,0.18938628158844767
35962,0.9544645006016848
35963,0.23205776173285197
35964,0.9330685920577617
35965,0.23314079422382672
35966,0.8491696750902527
35967,0.9051022864019254
35968,0.4289290012033694
35969,0.7316245487364621
35970,0.4180264741275571
35971,0.013333333333333334
35972,0.5984356197352587
35973,0.35256317689530686
35974,0.9642839951865223
35975,0.6738387484957882
35976,0.761540312876053
35977,0.10113116726835139
35978,0.5610830324909748
35979,0.09379061371841155
35980,0.7856077015643803
35981,0.23441636582430808
35982,0.5858483754512636
35983,0.5005776173285199
35984,0.3926113116726835
35985,0.7473646209386282
35986,0.8289771359807461
35987,0.9038748495788207
35988,0.4086642599277978
35989,0.3909265944645006
35990,0.027894103489771362
35991,0.03328519855595668
35992,0.5123225030084235
35993,0.7772322503008424
35994,0.07270758122743683
35995,0.9973285198555957
35996,0.1572563176895307
35997,0.8827436823104693
35998,0.7734296028880866
35999,0.24551143200962694
36000,0.40748495788206984
36001,0.7831768953068592
36002,0.8309747292418772
36003,0.30481347773766543
36004,0.020866425992779783
36005,0.9116486161251505
36006,0.9239229843561974
36007,0.8348736462093863
36008,0.056726835138387485
36009,0.7028399518652226
36010,0.8763176895306859
36011,0.8623345367027677
36012,0.5049578820697954
36013,0.016365824308062576
36014,0.681612515042118
36015,0.573309265944645
36016,0.8123225030084236
36017,0.9246690734055355
36018,0.28623345367027675
36019,0.8451985559566787
36020,0.3672202166064982
36021,0.028592057761732854
36022,0.9271720818291216
36023,0.5838026474127557
36024,0.5873886883273165
36025,0.11742478941034898
36026,0.994416365824308
36027,0.477280385078219
36028,0.5694825511432009
36029,0.9529723225030085
36030,0.1847894103489771
36031,0.3666425992779784
36032,0.07150421179302047
36033,0.3422382671480144
36034,0.6776413959085439
36035,0.3148977135980746
36036,0.32471720818291216
36037,0.06697954271961493
36038,0.6100120336943442
36039,0.747653429602888
36040,0.6677015643802647
36041,0.9279663056558363
36042,0.6079663056558363
36043,0.7688086642599279
36044,0.9738628158844764
36045,0.06274368231046931
36046,0.7208664259927797
36047,0.18876052948255115
36048,0.7881347773766546
36049,0.8289530685920578
36050,0.04584837545126354
36051,0.40678700361010833
36052,0.6486161251504212
36053,0.7639951865222623
36054,0.716028880866426
36055,0.3435138387484958
36056,0.9261131167268352
36057,0.8695547533092659
36058,0.20156438026474127
36059,0.4979783393501805
36060,0.7072924187725631
36061,0.029626955475330927
36062,0.5091456077015644
36063,0.866546329723225
36064,0.08645006016847173
36065,0.2671961492178099
36066,0.4139831528279182
36067,0.7502286401925391
36068,0.10697954271961493
36069,0.4749699157641396
36070,0.13010830324909747
36071,0.8869073405535499
36072,0.7615884476534296
36073,0.9477737665463297
36074,0.8044765342960289
36075,0.5647412755716005
36076,0.13042117930204572
36077,0.815812274368231
36078,0.7641395908543922
36079,0.9781708784596872
36080,0.5724187725631769
36081,0.7079181708784597
36082,0.6237304452466907
36083,0.4513838748495788
36084,0.698459687123947
36085,0.7952587244283995
36086,0.08608904933814682
36087,0.8502527075812274
36088,0.5667388688327317
36089,0.3318892900120337
36090,0.9834175691937425
36091,0.6597352587244284
36092,0.19381468110709987
36093,0.8167509025270758
36094,0.08074608904933814
36095,0.7939109506618531
36096,0.404043321299639
36097,0.6578820697954272
36098,0.1871239470517449
36099,0.1303008423586041
36100,0.9449097472924188
36101,0.5963176895306859
36102,0.799783393501805
36103,0.8674849578820698
36104,0.7004332129963899
36105,0.057593261131167264
36106,0.36628158844765346
36107,0.26859205776173284
36108,0.8291456077015644
36109,0.505511432009627
36110,0.7371359807460891
36111,0.62
36112,0.894849578820698
36113,0.8878941034897714
36114,0.582791817087846
36115,0.4183874849578821
36116,0.7804813477737665
36117,0.697496991576414
36118,0.6201203369434416
36119,0.2847653429602888
36120,0.7351624548736462
36121,0.5754512635379061
36122,0.21407942238267147
36123,0.1668592057761733
36124,0.9649097472924187
36125,0.26452466907340555
36126,0.5701805054151625
36127,0.8546089049338147
36128,0.782286401925391
36129,0.8898194945848374
36130,0.637135980746089
36131,0.3070758122743682
36132,0.4202166064981949
36133,0.03730445246690734
36134,0.576245487364621
36135,0.7530204572803851
36136,0.6510228640192539
36137,0.9553790613718411
36138,0.5480385078219013
36139,0.12734055354993984
36140,0.4311913357400722
36141,0.6288327316486162
36142,0.0984115523465704
36143,0.9833694344163658
36144,0.4469314079422383
36145,0.3590854392298436
36146,0.6251022864019253
36147,0.2710469314079422
36148,0.015282791817087847
36149,0.7693622141997594
36150,0.5827436823104692
36151,0.5173766546329723
36152,0.8326835138387485
36153,0.17056558363417568
36154,0.8577376654632973
36155,0.8802166064981949
36156,0.8477737665463297
36157,0.4057280385078219
36158,0.19747292418772563
36159,0.08377858002406738
36160,0.6556919374247894
36161,0.5330445246690734
36162,0.6394705174488569
36163,0.0754993983152828
36164,0.4490734055354994
36165,0.5108543922984357
36166,0.8002406738868832
36167,0.045102286401925394
36168,0.7336221419975932
36169,0.1304933814681107
36170,0.7869073405535499
36171,0.550445246690734
36172,0.39475330926594465
36173,0.3750421179302046
36174,0.4719614921780987
36175,0.47111913357400725
36176,0.05405535499398315
36177,0.045270758122743684
36178,0.5710228640192538
36179,0.6113116726835138
36180,0.05032490974729242
36181,0.29533092659446447
36182,0.5051022864019254
36183,0.5357882069795428
36184,0.7114079422382671
36185,0.42368231046931404
36186,0.3296750902527076
36187,0.41022864019253913
36188,0.6498194945848375
36189,0.867870036101083
36190,0.7121540312876053
36191,0.39044524669073405
36192,0.4056317689530686
36193,0.07850782190132372
36194,0.4256317689530686
36195,0.840216606498195
36196,0.001756919374247894
36197,0.6893381468110711
36198,0.18560770156438028
36199,0.9805054151624548
36200,0.21773766546329723
36201,0.6363898916967509
36202,0.5646450060168471
36203,0.3420938628158845
36204,0.20291215403128762
36205,0.5127075812274369
36206,0.10055354993983152
36207,0.6999759326113117
36208,0.8703971119133573
36209,0.5761251504211793
36210,0.9736702767749699
36211,0.5654151624548737
36212,0.3239229843561974
36213,0.13800240673886882
36214,0.9470276774969916
36215,0.30772563176895307
36216,0.8064259927797834
36217,0.2387003610108303
36218,0.4128279181708785
36219,0.3531407942238267
36220,0.4492178098676294
36221,0.3450541516245488
36222,0.5876534296028881
36223,0.8344885679903731
36224,0.18784596871239473
36225,0.16192539109506618
36226,0.5892659446450059
36227,0.32734055354993985
36228,0.1369915764139591
36229,0.9215643802647413
36230,0.6244043321299639
36231,0.22481347773766547
36232,0.7766305655836341
36233,0.07667870036101082
36234,0.49232250300842356
36235,0.32726835138387483
36236,0.5569193742478942
36237,0.2070517448856799
36238,0.5762936221419976
36239,0.4576413959085439
36240,0.48322503008423584
36241,0.9312394705174489
36242,0.12206979542719615
36243,0.21703971119133575
36244,0.6257761732851985
36245,0.7910469314079422
36246,0.714560770156438
36247,0.5477496991576414
36248,0.17855595667870036
36249,0.9491456077015644
36250,0.6756919374247894
36251,0.3693140794223827
36252,0.35535499398315284
36253,0.7783152827918172
36254,0.20433212996389893
36255,0.06748495788206979
36256,0.1963176895306859
36257,0.18558363417569193
36258,0.011889290012033694
36259,0.4660168471720818
36260,0.27386281588447653
36261,0.8750421179302046
36262,0.10115523465703971
36263,0.3795186522262335
36264,0.2777617328519856
36265,0.7462334536702768
36266,0.23906137184115522
36267,0.8538146811070999
36268,0.12760529482551144
36269,0.09939831528279182
36270,0.0303971119133574
36271,0.062117930204572805
36272,0.08654632972322504
36273,0.6038507821901324
36274,0.27687123947051745
36275,0.9318170878459687
36276,0.7277737665463297
36277,0.07034897713598075
36278,0.33932611311672684
36279,0.2662334536702768
36280,0.6717930204572804
36281,0.7080385078219014
36282,0.7638026474127557
36283,0.9206738868832731
36284,0.7430324909747292
36285,0.35814681107099877
36286,0.5800000000000001
36287,0.8060409145607701
36288,0.2603369434416366
36289,0.6944885679903731
36290,0.12604091456077016
36291,0.2698916967509025
36292,0.35836341756919377
36293,0.8769193742478941
36294,0.011961492178098675
36295,0.1346089049338147
36296,0.9200962695547533
36297,0.7129001203369434
36298,0.31872442839951864
36299,0.14592057761732852
36300,0.0018772563176895306
36301,0.921468110709988
36302,0.8163898916967509
36303,0.08791817087845968
36304,0.6260649819494585
36305,0.9315764139590854
36306,0.5898435619735258
36307,0.33241877256317687
36308,0.06382671480144404
36309,0.6917930204572804
36310,0.005703971119133574
36311,0.9682551143200963
36312,0.9614681107099879
36313,0.8348014440433214
36314,0.7983393501805054
36315,0.8499879663056558
36316,0.5104452466907341
36317,0.15265944645006016
36318,0.2904933814681107
36319,0.3476534296028881
36320,0.837135980746089
36321,0.6182190132370637
36322,0.3617087845968712
36323,0.9344163658243081
36324,0.841468110709988
36325,0.33785800240673886
36326,0.5630084235860409
36327,0.54661853188929
36328,0.4099879663056558
36329,0.29829121540312875
36330,0.22859205776173286
36331,0.3329963898916968
36332,0.8836341756919375
36333,0.7833694344163658
36334,0.04969915764139591
36335,0.498604091456077
36336,0.1787003610108303
36337,0.9136943441636582
36338,0.6897954271961493
36339,0.7939109506618531
36340,0.5850300842358604
36341,0.5420697954271961
36342,0.23316486161251504
36343,0.995812274368231
36344,0.3153549939831528
36345,0.6036101083032491
36346,0.7109265944645007
36347,0.7259927797833935
36348,0.3338628158844765
36349,0.3440192539109507
36350,0.5258002406738869
36351,0.36428399518652227
36352,0.003802647412755716
36353,0.9486161251504213
36354,0.2662093862815884
36355,0.21501805054151624
36356,0.24310469314079425
36357,0.6431046931407942
36358,0.8657761732851985
36359,0.2521540312876053
36360,0.046377858002406736
36361,0.22216606498194946
36362,0.25858002406738867
36363,0.11987966305655837
36364,0.3624308062575211
36365,0.731768953068592
36366,0.8814440433212997
36367,0.39143200962695546
36368,0.5320577617328519
36369,0.6674608904933814
36370,0.548086642599278
36371,0.48984356197352585
36372,0.9256317689530686
36373,0.8132611311672684
36374,0.6188688327316486
36375,0.29333333333333333
36376,0.1925150421179302
36377,0.8265222623345367
36378,0.08839951865222623
36379,0.6688567990373044
36380,0.6860890493381469
36381,0.8495066185318892
36382,0.20981949458483753
36383,0.9060168471720818
36384,0.05432009626955475
36385,0.8400240673886883
36386,0.06190132370637786
36387,0.5095788206979542
36388,0.19525872442839953
36389,0.6622864019253911
36390,0.14560770156438024
36391,0.985511432009627
36392,0.3129001203369435
36393,0.9168231046931408
36394,0.8620938628158845
36395,0.5171841155234657
36396,0.1346089049338147
36397,0.010709987966305654
36398,0.4552346570397112
36399,0.4498435619735259
36400,0.6752105896510229
36401,0.48385078219013233
36402,0.7177376654632972
36403,0.22012033694344163
36404,0.41318892900120335
36405,0.5256077015643803
36406,0.5958604091456077
36407,0.2624548736462094
36408,0.30594464500601687
36409,0.1374729241877256
36410,0.44676293622142
36411,0.2489049338146811
36412,0.7592539109506617
36413,0.03470517448856799
36414,0.8773044524669074
36415,0.7848856799037305
36416,0.9008664259927798
36417,0.6385078219013237
36418,0.5975932611311673
36419,0.05906137184115523
36420,0.5381949458483755
36421,0.8037785800240673
36422,0.9959566787003611
36423,0.492057761732852
36424,0.2051985559566787
36425,0.94661853188929
36426,0.08380264741275571
36427,0.6687605294825512
36428,0.1881107099879663
36429,0.33160048134777376
36430,0.1378820697954272
36431,0.630445246690734
36432,0.09653429602888086
36433,0.15504211793020456
36434,0.9064259927797834
36435,0.08327316486161251
36436,0.7437545126353791
36437,0.2258243080625752
36438,0.357569193742479
36439,0.41116726835138384
36440,0.38637785800240676
36441,0.9934777376654633
36442,0.07689530685920577
36443,0.13167268351383873
36444,0.1254632972322503
36445,0.7292900120336943
36446,0.20876052948255114
36447,0.4617569193742479
36448,0.5149458483754512
36449,0.16209386281588448
36450,0.3324428399518652
36451,0.394705174488568
36452,0.20649819494584837
36453,0.53338146811071
36454,0.08880866425992781
36455,0.6218291215403129
36456,0.2513838748495788
36457,0.5715042117930205
36458,0.47256317689530686
36459,0.4111913357400722
36460,0.933164861612515
36461,0.7634657039711191
36462,0.09080625752105898
36463,0.4904211793020457
36464,0.19679903730445247
36465,0.744548736462094
36466,0.8769434416365824
36467,0.541756919374248
36468,0.11581227436823105
36469,0.8011311672683514
36470,0.05870036101083032
36471,0.708086642599278
36472,0.20262334536702767
36473,0.42587244283995185
36474,0.9468110709987967
36475,0.5245728038507822
36476,0.8303008423586041
36477,0.5938387484957882
36478,0.17446450060168472
36479,0.3515282791817088
36480,0.8538628158844765
36481,0.8671239470517449
36482,0.43237063778580026
36483,0.16584837545126355
36484,0.5487364620938628
36485,0.2588688327316486
36486,0.6075330926594464
36487,0.4473886883273165
36488,0.9534296028880866
36489,0.39672683513838747
36490,0.02657039711191336
36491,0.777135980746089
36492,0.5130685920577618
36493,0.7266425992779784
36494,0.7283995186522263
36495,0.01756919374247894
36496,0.0994705174488568
36497,0.8344645006016846
36498,0.6509025270758122
36499,0.7087364620938628
36500,0.3377135980746089
36501,0.8589410348977136
36502,0.12125150421179302
36503,0.08981949458483754
36504,0.673453670276775
36505,0.06438026474127558
36506,0.2844043321299639
36507,0.4154993983152828
36508,0.4062093862815884
36509,0.8117689530685921
36510,0.09309265944645007
36511,0.07747292418772564
36512,0.20442839951865222
36513,0.3246209386281589
36514,0.43432009626955476
36515,0.12664259927797833
36516,0.282503008423586
36517,0.336101083032491
36518,0.590300842358604
36519,0.7607942238267148
36520,0.5219253910950662
36521,0.004019253910950662
36522,0.3498676293622142
36523,0.8027677496991577
36524,0.2328760529482551
36525,0.8057761732851985
36526,0.3166546329723225
36527,0.11345367027677497
36528,0.8003128760529483
36529,0.9697954271961492
36530,0.7624067388688327
36531,0.5259205776173286
36532,0.9038507821901324
36533,0.3677978339350181
36534,0.7395908543922984
36535,0.4738146811070999
36536,0.6701564380264742
36537,0.87985559566787
36538,0.08654632972322504
36539,0.7873405535499398
36540,0.5179783393501805
36541,0.5488808664259928
36542,0.44847172081829123
36543,0.43367027677496994
36544,0.3857280385078219
36545,0.27140794223826714
36546,0.7818291215403128
36547,0.3328760529482551
36548,0.7562214199759326
36549,0.6985078219013237
36550,0.08214199759326113
36551,0.9375451263537906
36552,0.8586762936221419
36553,0.1274127557160048
36554,0.809554753309266
36555,0.9653188929001204
36556,0.15419975932611313
36557,0.18813477737665463
36558,0.477352587244284
36559,0.5801925391095066
36560,0.5174488567990373
36561,0.5253910950661853
36562,0.5897472924187726
36563,0.1317208182912154
36564,0.6596871239470518
36565,0.1169193742478941
36566,0.7646450060168472
36567,0.12683513838748495
36568,0.24283995186522261
36569,0.3529001203369434
36570,0.990661853188929
36571,0.7251504211793021
36572,0.5787003610108303
36573,0.9968712394705175
36574,0.8994945848375451
36575,0.5092900120336944
36576,0.395956678700361
36577,0.4414440433212996
36578,0.7833694344163659
36579,0.0145367027677497
36580,0.6661131167268352
36581,0.5592298435619736
36582,0.3345367027677497
36583,0.9173766546329724
36584,0.3121540312876053
36585,0.7527075812274369
36586,0.24243080625752106
36587,0.48089049338146816
36588,0.05651022864019254
36589,0.9029362214199759
36590,0.29107099879663056
36591,0.8592298435619736
36592,0.8395667870036101
36593,0.0013237063778580025
36594,0.27239470517448855
36595,0.33800240673886883
36596,0.31010830324909744
36597,0.30488567990373044
36598,0.2896028880866426
36599,0.13034897713598076
36600,0.6434657039711191
36601,0.9538387484957882
36602,0.6282551143200963
36603,0.6801684717208183
36604,0.2911191335740072
36605,0.6782671480144404
36606,0.11133574007220218
36607,0.8576173285198556
36608,0.2251985559566787
36609,0.7091456077015643
36610,0.5684957882069795
36611,0.2776895306859206
36612,0.40223826714801447
36613,0.49944645006016847
36614,0.9807701564380265
36615,0.3107581227436823
36616,0.8681107099879664
36617,0.17121540312876052
36618,0.9424789410348977
36619,0.4052466907340554
36620,0.45790613718411555
36621,0.5867870036101083
36622,0.33256317689530684
36623,0.6152827918170878
36624,0.9963417569193742
36625,0.6985559566787003
36626,0.22036101083032492
36627,0.9213477737665463
36628,0.43598074608904935
36629,0.27922984356197356
36630,0.35720818291215406
36631,0.5984837545126354
36632,0.19460890493381466
36633,0.1611552346570397
36634,0.9603369434416367
36635,0.49677496991576414
36636,0.7260890493381469
36637,0.45150421179302047
36638,0.9379542719614922
36639,0.33689530685920577
36640,0.9207220216606498
36641,0.8939831528279182
36642,0.7067148014440433
36643,0.6907581227436823
36644,0.5886161251504212
36645,0.5527075812274368
36646,0.4999037304452467
36647,0.7943200962695547
36648,0.7007220216606498
36649,0.688158844765343
36650,0.863826714801444
36651,0.5935018050541516
36652,0.9416847172081829
36653,0.29831528279181707
36654,0.1800240673886883
36655,0.8410348977135981
36656,0.7005054151624549
36657,0.9504211793020457
36658,0.47663056558363415
36659,0.09164861612515043
36660,0.5767268351383875
36661,0.06209386281588447
36662,0.22750902527075811
36663,0.409338146811071
36664,0.537135980746089
36665,0.14057761732851987
36666,0.7535740072202166
36667,0.48993983152827925
36668,0.20464500601684715
36669,0.17453670276774969
36670,0.5555956678700361
36671,0.2810830324909747
36672,0.6737184115523466
36673,0.168014440433213
36674,0.7200962695547533
36675,0.03773766546329723
36676,0.7995908543922985
36677,0.8350902527075812
36678,0.7922262334536703
36679,0.4291696750902527
36680,0.012972322503008425
36681,0.49898916967509027
36682,0.43162454873646205
36683,0.15771359807460889
36684,0.5267148014440434
36685,0.9100601684717209
36686,0.6513838748495788
36687,0.5769675090252708
36688,0.4835619735258724
36689,0.8176895306859205
36690,0.7187003610108303
36691,0.40772563176895305
36692,0.07990373044524669
36693,0.5462334536702768
36694,0.30654632972322504
36695,0.20594464500601684
36696,0.568086642599278
36697,0.32385078219013236
36698,0.6641636582430805
36699,0.9300601684717208
36700,0.498604091456077
36701,0.17581227436823105
36702,0.8017569193742479
36703,0.27951865222623345
36704,0.6987725631768953
36705,0.01990373044524669
36706,0.8817087845968712
36707,0.1007942238267148
36708,0.9110228640192539
36709,0.4880385078219013
36710,0.8810589651022864
36711,0.4412274368231047
36712,0.17987966305655834
36713,0.5520577617328519
36714,0.11749699157641397
36715,0.3997593261131167
36716,0.3602406738868833
36717,0.3616606498194946
36718,0.4639229843561974
36719,0.23114320096269556
36720,0.5389169675090253
36721,0.814849578820698
36722,0.5692178098676294
36723,0.8656077015643803
36724,0.8354512635379061
36725,0.6129001203369434
36726,0.9221901323706378
36727,0.5895788206979543
36728,0.7744645006016847
36729,0.9044524669073406
36730,0.7240914560770157
36731,0.17085439229843563
36732,0.618315282791817
36733,0.08623345367027678
36734,0.8776895306859206
36735,0.918676293622142
36736,0.8236101083032491
36737,0.7677737665463298
36738,0.28117930204572805
36739,0.7578820697954272
36740,0.8898676293622142
36741,0.5424067388688327
36742,0.4175451263537906
36743,0.04760529482551143
36744,0.7419735258724428
36745,0.44567990373044525
36746,0.6624789410348977
36747,0.20825511432009627
36748,0.45872442839951866
36749,0.46084235860409145
36750,0.5969915764139591
36751,0.3539109506618532
36752,0.7449819494584837
36753,0.020577617328519857
36754,0.9692418772563177
36755,0.024885679903730445
36756,0.7115282791817088
36757,0.8616125150421179
36758,0.8824548736462094
36759,0.34839951865222624
36760,0.1210589651022864
36761,0.889338146811071
36762,0.8810830324909747
36763,0.5795186522262334
36764,0.3900361010830325
36765,0.3079181708784597
36766,0.5654151624548737
36767,0.8461853188929002
36768,0.22693140794223826
36769,0.5001684717208184
36770,0.5015403128760529
36771,0.2695066185318893
36772,0.581107099879663
36773,0.09338146811070999
36774,0.10101083032490975
36775,0.7193020457280385
36776,0.12697954271961492
36777,0.5588447653429602
36778,0.9882551143200963
36779,0.9025270758122743
36780,0.3780505415162455
36781,0.6798315282791817
36782,0.7892900120336943
36783,0.41042117930204575
36784,0.9987244283995187
36785,0.6360288808664261
36786,0.18296028880866427
36787,0.4898916967509025
36788,0.8155234657039712
36789,0.23297232250300842
36790,0.9582671480144405
36791,0.2680385078219013
36792,0.33968712394705175
36793,0.5300601684717208
36794,0.47220216606498194
36795,0.7581949458483754
36796,0.6855114320096269
36797,0.7667629362214199
36798,0.49593261131167266
36799,0.8347292418772563
36800,0.541251504211793
36801,0.9873164861612516
36802,0.06592057761732853
36803,0.28623345367027675
36804,0.9026955475330927
36805,0.7895547533092659
36806,0.4882791817087846
36807,0.931624548736462
36808,0.7072924187725631
36809,0.8033694344163658
36810,0.628904933814681
36811,0.7702045728038507
36812,0.3552346570397112
36813,0.9300361010830325
36814,0.1380505415162455
36815,0.5815643802647412
36816,0.03328519855595668
36817,0.45229843561973526
36818,0.3688086642599278
36819,0.5552587244283995
36820,0.2635379061371841
36821,0.08681107099879663
36822,0.5721780986762937
36823,0.17961492178098676
36824,0.28876052948255115
36825,0.9929001203369434
36826,0.37740072202166064
36827,0.24259927797833936
36828,0.2976895306859206
36829,0.36192539109506616
36830,0.02618531889290012
36831,0.7738628158844765
36832,0.7454632972322504
36833,0.6380505415162455
36834,0.7445728038507822
36835,0.9677737665463297
36836,0.8545367027677497
36837,0.5213477737665464
36838,0.4327316486161251
36839,0.7914079422382672
36840,0.4736221419975932
36841,0.8234175691937424
36842,0.49975932611311674
36843,0.3137184115523466
36844,0.27809867629362217
36845,0.9713357400722021
36846,0.5255836341756919
36847,0.058074608904933815
36848,0.07968712394705174
36849,0.9946811070998797
36850,0.18204572803850783
36851,0.6265703971119133
36852,0.8287605294825511
36853,0.3981227436823105
36854,0.7956919374247894
36855,0.3717208182912154
36856,0.5392298435619736
36857,0.7178580024067389
36858,0.7982430806257521
36859,0.6133814681107099
36860,0.9174007220216607
36861,0.104043321299639
36862,0.008303249097472924
36863,0.37018050541516245
36864,0.6519133574007221
36865,0.41629362214199755
36866,0.46397111913357403
36867,0.5111432009626955
36868,0.8607942238267148
36869,0.550445246690734
36870,0.8154031287605294
36871,0.737569193742479
36872,0.8646931407942238
36873,0.3741034897713598
36874,0.46500601684717213
36875,0.4258243080625752
36876,0.8843080625752106
36877,0.3992779783393502
36878,0.4627677496991576
36879,0.30803850782190134
36880,0.7974007220216607
36881,0.2897713598074609
36882,0.24199759326113118
36883,0.14729241877256316
36884,0.3836101083032491
36885,0.8243321299638988
36886,0.9848856799037304
36887,0.5076293622141997
36888,0.46101083032490975
36889,0.8592057761732852
36890,0.22098676293622144
36891,0.30815884476534294
36892,0.7741516245487365
36893,0.347942238267148
36894,0.37564380264741276
36895,0.18981949458483754
36896,0.21299638989169675
36897,0.9041395908543923
36898,0.9255114320096269
36899,0.12965102286401925
36900,0.0701323706377858
36901,0.13446450060168472
36902,0.9885679903730445
36903,0.8557160048134778
36904,0.7603128760529483
36905,0.7498916967509026
36906,0.3010108303249097
36907,0.4080385078219013
36908,0.18045728038507822
36909,0.6985559566787003
36910,0.6721058965102287
36911,0.0407942238267148
36912,0.5282551143200962
36913,0.742503008423586
36914,0.3328038507821901
36915,0.219927797833935
36916,0.38647412755716004
36917,0.8777135980746089
36918,0.7010830324909747
36919,0.30243080625752106
36920,0.2807701564380265
36921,0.3655354993983153
36922,0.08057761732851985
36923,0.2565102286401926
36924,0.7808904933814681
36925,0.2497713598074609
36926,0.9500361010830325
36927,0.5345848375451263
36928,0.9388688327316486
36929,0.7802406738868832
36930,0.8617569193742478
36931,0.8006979542719614
36932,0.3822864019253911
36933,0.7886642599277979
36934,0.5662334536702768
36935,0.24700361010830324
36936,0.2929482551143201
36937,0.8687123947051745
36938,0.2577135980746089
36939,0.411913357400722
36940,0.3794945848375451
36941,0.9369434416365825
36942,0.5710950661853189
36943,0.3538146811070999
36944,0.7522503008423587
36945,0.053622141997593256
36946,0.4834416365824308
36947,0.6925391095066185
36948,0.05968712394705174
36949,0.9024067388688328
36950,0.49328519855595665
36951,0.4665944645006017
36952,0.13432009626955474
36953,0.8045487364620938
36954,0.4991576413959085
36955,0.44156438026474126
36956,0.4784837545126354
36957,0.8445487364620938
36958,0.7279903730445246
36959,0.023080625752105895
36960,0.5258483754512635
36961,0.7103008423586041
36962,0.962575210589651
36963,0.2876534296028881
36964,0.38799037304452466
36965,0.026931407942238264
36966,0.049049338146811075
36967,0.8704933814681107
36968,0.8443802647412756
36969,0.6896510228640192
36970,0.892129963898917
36971,0.9071720818291216
36972,0.9734055354993983
36973,0.21145607701564378
36974,0.7210348977135981
36975,0.46883273164861616
36976,0.674993983152828
36977,0.5792779783393502
36978,0.06832731648616125
36979,0.9636823104693141
36980,0.7615884476534296
36981,0.7784837545126354
36982,0.7725631768953068
36983,0.5821179302045728
36984,0.38565583634175693
36985,0.4093140794223826
36986,0.0923225030084236
36987,0.2498676293622142
36988,0.6717930204572804
36989,0.8632972322503008
36990,0.1723465703971119
36991,0.4856558363417569
36992,0.198676293622142
36993,0.5299879663056559
36994,0.9754753309265944
36995,0.8795186522262335
36996,0.5550902527075812
36997,0.20929001203369435
36998,0.7361251504211792
36999,0.04363417569193742
37000,0.22734055354993982
37001,0.41679903730445245
37002,0.9392539109506619
37003,0.2393020457280385
37004,0.8783874849578821
37005,0.4605776173285198
37006,0.6002406738868833
37007,0.6129001203369435
37008,0.20929001203369435
37009,0.296028880866426
37010,0.4159085439229844
37011,0.4423345367027678
37012,0.5913116726835138
37013,0.7716967509025271
37014,0.4294584837545126
37015,0.7187003610108303
37016,0.278604091456077
37017,0.8922021660649819
37018,0.7381227436823105
37019,0.009338146811070999
37020,0.5917208182912154
37021,0.7770878459687124
37022,0.4994945848375451
37023,0.4487123947051745
37024,0.3499879663056559
37025,0.37381468110709987
37026,0.8044043321299639
37027,0.29783393501805056
37028,0.20536702767749698
37029,0.8290734055354994
37030,0.9725631768953069
37031,0.9919614921780986
37032,0.6869314079422382
37033,0.16495788206979542
37034,0.17992779783393503
37035,0.5245728038507822
37036,0.30553549939831526
37037,0.037111913357400717
37038,0.008375451263537906
37039,0.27838748495788207
37040,0.35176895306859207
37041,0.28137184115523467
37042,0.42620938628158844
37043,0.9195186522262335
37044,0.7037063778580024
37045,0.1328760529482551
37046,0.9187725631768953
37047,0.6658483754512635
37048,0.42175691937424786
37049,0.06645006016847171
37050,0.45643802647412757
37051,0.3136221419975933
37052,0.23951865222623345
37053,0.7605535499398315
37054,0.11215403128760529
37055,0.5196871239470517
37056,0.6432490974729241
37057,0.05667870036101083
37058,0.46332129963898916
37059,0.16806257521058965
37060,0.562936221419976
37061,0.234777376654633
37062,0.13754512635379063
37063,0.1328519855595668
37064,0.3403850782190132
37065,0.9386522262334536
37066,0.7645006016847171
37067,0.5722743682310469
37068,0.7636582430806258
37069,0.46231046931407943
37070,0.6127316486161252
37071,0.41831528279181707
37072,0.5178339350180505
37073,0.015740072202166062
37074,0.4625511432009627
37075,0.8939590854392299
37076,0.8387966305655836
37077,0.5773766546329723
37078,0.4005776173285199
37079,0.6882069795427196
37080,0.23049338146811071
37081,0.47747292418772563
37082,0.28471720818291213
37083,0.7005294825511432
37084,0.23619735258724428
37085,0.028038507821901322
37086,0.3897232250300843
37087,0.5199037304452467
37088,0.5431768953068592
37089,0.8489049338146811
37090,0.9553790613718411
37091,0.09660649819494585
37092,0.020577617328519857
37093,0.13350180505415163
37094,0.813309265944645
37095,0.7820938628158844
37096,0.7574729241877256
37097,0.12120336943441637
37098,0.4830084235860409
37099,0.8368231046931408
37100,0.5845246690734056
37101,0.8013477737665464
37102,0.28245487364620936
37103,0.039037304452466906
37104,0.6017569193742479
37105,0.4906137184115523
37106,0.827725631768953
37107,0.4098194945848376
37108,0.47203369434416365
37109,0.8454151624548736
37110,0.23607701564380265
37111,0.05256317689530686
37112,0.7758122743682311
37113,0.028110709987966304
37114,0.33229843561973527
37115,0.8479903730445246
37116,0.8696510228640193
37117,0.7608904933814681
37118,0.6593983152827918
37119,0.24421179302045729
37120,0.446690734055355
37121,0.6972322503008423
37122,0.21131167268351383
37123,0.7377135980746089
37124,0.2508303249097473
37125,0.8357160048134777
37126,0.08876052948255114
37127,0.7827436823104693
37128,0.1282791817087846
37129,0.8124428399518653
37130,0.4259927797833935
37131,0.7773044524669074
37132,0.11335740072202166
37133,0.2924909747292419
37134,0.7313116726835138
37135,0.5793261131167269
37136,0.12214199759326114
37137,0.514560770156438
37138,0.6252707581227437
37139,0.3677978339350181
37140,0.3938628158844765
37141,0.17607701564380265
37142,0.7454632972322504
37143,0.7474127557160049
37144,0.2584837545126354
37145,0.6263778580024068
37146,0.40185318892900124
37147,0.711239470517449
37148,0.2154753309265945
37149,0.6091456077015643
37150,0.5677015643802648
37151,0.4337424789410349
37152,0.9862093862815884
37153,0.034993983152827916
37154,0.81338146811071
37155,0.37282791817087846
37156,0.16004813477737667
37157,0.21942238267148015
37158,0.8462334536702768
37159,0.019061371841155236
37160,0.5417809867629362
37161,0.687797833935018
37162,0.7883513838748495
37163,0.6542478941034897
37164,0.24661853188929
37165,0.34613718411552347
37166,0.01937424789410349
37167,0.4263297232250301
37168,0.3355234657039711
37169,0.7496028880866425
37170,0.8009626955475331
37171,0.027605294825511432
37172,0.29371841155234657
37173,0.9916486161251504
37174,0.34938628158844764
37175,0.15335740072202164
37176,0.6890734055354995
37177,0.8538868832731649
37178,0.248014440433213
37179,0.7357641395908544
37180,0.2845487364620939
37181,0.6763176895306859
37182,0.7165824308062575
37183,0.07614921780986764
37184,0.9624308062575211
37185,0.24507821901323706
37186,0.4800481347773766
37187,0.10257521058965102
37188,0.02069795427196149
37189,0.04377858002406739
37190,0.7061853188929001
37191,0.370734055354994
37192,0.9795427196149218
37193,0.8538146811070999
37194,0.9196149217809868
37195,0.21557160048134777
37196,0.9182190132370638
37197,0.7556197352587244
37198,0.1968231046931408
37199,0.3477015643802648
37200,0.9182190132370638
37201,0.6728760529482551
37202,0.7717208182912154
37203,0.1951624548736462
37204,0.21412755716004817
37205,0.6254873646209387
37206,0.017833935018050542
37207,0.018219013237063778
37208,0.21379061371841154
37209,0.8238748495788207
37210,0.06825511432009627
37211,0.3445968712394705
37212,0.8824789410348977
37213,0.025679903730445246
37214,0.07133574007220217
37215,0.024187725631768953
37216,0.8182671480144404
37217,0.6950902527075813
37218,0.9619975932611311
37219,0.6195427196149218
37220,0.1223826714801444
37221,0.1662575210589651
37222,0.7884957882069796
37223,0.417352587244284
37224,0.48505415162454874
37225,0.9221179302045728
37226,0.5406016847172082
37227,0.053261131167268355
37228,0.23191335740072203
37229,0.8472442839951865
37230,0.44929001203369434
37231,0.7793742478941035
37232,0.8780024067388689
37233,0.9805054151624548
37234,0.5196630565583634
37235,0.19439229843561973
37236,0.27176895306859206
37237,0.5753309265944645
37238,0.7713116726835139
37239,0.7973525872442839
37240,0.024404332129963898
37241,0.6848616125150421
37242,0.25696750902527077
37243,0.8884476534296029
37244,0.5255595667870037
37245,0.07359807460890494
37246,0.2082069795427196
37247,0.9166787003610108
37248,0.182719614921781
37249,0.47607701564380267
37250,0.21971119133574007
37251,0.243971119133574
37252,0.3215162454873646
37253,0.4014440433212997
37254,0.21667870036101083
37255,0.22187725631768954
37256,0.6517930204572804
37257,0.9899879663056559
37258,0.9550421179302045
37259,0.1697713598074609
37260,0.3016847172081829
37261,0.3420216606498195
37262,0.4750661853188929
37263,0.06081829121540313
37264,0.7716726835138388
37265,0.665439229843562
37266,0.3097954271961492
37267,0.30640192539109506
37268,0.20647412755716005
37269,0.870300842358604
37270,0.5717208182912155
37271,0.8795427196149218
37272,0.67985559566787
37273,0.8652707581227437
37274,0.6406979542719615
37275,0.45263537906137186
37276,0.46052948255114323
37277,0.06235860409145608
37278,0.7650060168471721
37279,0.6110469314079422
37280,0.22462093862815885
37281,0.4043561973525872
37282,0.9672924187725631
37283,0.9179542719614922
37284,0.16606498194945848
37285,0.12457280385078219
37286,0.18310469314079422
37287,0.25249097472924187
37288,0.5303249097472924
37289,0.6184356197352587
37290,0.44320096269554754
37291,0.7006016847172082
37292,0.23776173285198554
37293,0.8963658243080626
37294,0.49598074608904935
37295,0.6985078219013237
37296,0.2812274368231047
37297,0.1749699157641396
37298,0.1116245487364621
37299,0.854199759326113
37300,0.33735258724428396
37301,0.522719614921781
37302,0.4917448856799037
37303,0.21547533092659446
37304,0.9980505415162455
37305,0.11619735258724428
37306,0.86014440433213
37307,0.1083754512635379
37308,0.5832009626955474
37309,0.9420216606498195
37310,0.12815884476534295
37311,0.43966305655836346
37312,0.47181708784596876
37313,0.9796871239470517
37314,0.3462093862815884
37315,0.001299638989169675
37316,0.8233453670276776
37317,0.056630565583634176
37318,0.701395908543923
37319,0.05200962695547533
37320,0.4655354993983153
37321,0.933309265944645
37322,0.5252466907340554
37323,0.4366305655836342
37324,0.8962936221419976
37325,0.4580746089049338
37326,0.7167990373044524
37327,0.3034416365824308
37328,0.7953549939831528
37329,0.29217809867629363
37330,0.4859687123947052
37331,0.8376173285198556
37332,0.6485920577617328
37333,0.7284476534296029
37334,0.31381468110709987
37335,0.047051744885679904
37336,0.021997593261131168
37337,0.8301564380264741
37338,0.16038507821901324
37339,0.009434416365824308
37340,0.4970397111913357
37341,0.7653429602888087
37342,0.6959326113116727
37343,0.0992057761732852
37344,0.016462093862815885
37345,0.2916486161251504
37346,0.8165583634175692
37347,0.6277496991576414
37348,0.03302045728038508
37349,0.6418531889290011
37350,0.6266666666666667
37351,0.5122021660649819
37352,0.2575451263537906
37353,0.6748736462093863
37354,0.5279663056558364
37355,0.5094344163658243
37356,0.08139590854392298
37357,0.11504211793020458
37358,0.6976173285198556
37359,0.24914560770156435
37360,0.7404091456077015
37361,0.052635379061371834
37362,0.729626955475331
37363,0.9071961492178098
37364,0.2779061371841155
37365,0.38276774969915767
37366,0.09034897713598075
37367,0.19971119133574006
37368,0.19208182912154032
37369,0.8742478941034898
37370,0.8540072202166065
37371,0.0918170878459687
37372,0.9631528279181709
37373,0.18226233453670276
37374,0.07070998796630565
37375,0.8755475330926594
37376,0.5956197352587245
37377,0.8041636582430807
37378,0.8156678700361011
37379,0.0109265944645006
37380,0.12866425992779784
37381,0.4131407942238267
37382,0.5001444043321299
37383,0.5173285198555957
37384,0.6790373044524669
37385,0.8366546329723225
37386,0.900962695547533
37387,0.1721540312876053
37388,0.3700361010830325
37389,0.9070758122743683
37390,0.1389651022864019
37391,0.7106137184115524
37392,0.6371600481347774
37393,0.6121780986762937
37394,0.2669314079422383
37395,0.4833694344163658
37396,0.02789410348977136
37397,0.9138146811071
37398,0.8755475330926594
37399,0.34490974729241874
37400,0.7613477737665464
37401,0.7728279181708785
37402,0.1308303249097473
37403,0.9470276774969916
37404,0.3798074608904934
37405,0.4409626955475331
37406,0.6923706377858003
37407,0.1508303249097473
37408,0.031793020457280385
37409,0.702791817087846
37410,0.35501805054151625
37411,0.5437304452466908
37412,0.358604091456077
37413,0.99338146811071
37414,0.7778339350180505
37415,0.4230084235860409
37416,0.5961492178098676
37417,0.5780746089049338
37418,0.6920096269554753
37419,0.8380264741275572
37420,0.6477737665463297
37421,0.746257521058965
37422,0.3175451263537906
37423,0.6463537906137184
37424,0.02888086642599278
37425,0.11407942238267149
37426,0.8945126353790613
37427,0.8296028880866426
37428,0.7220457280385079
37429,0.6167509025270759
37430,0.889699157641396
37431,0.9057521058965102
37432,0.10216606498194947
37433,0.7199037304452467
37434,0.7380024067388689
37435,0.9775932611311673
37436,0.49817087845968716
37437,0.28693140794223826
37438,0.621323706377858
37439,0.8745126353790613
37440,0.9112635379061371
37441,0.8471480144404333
37442,0.6238026474127557
37443,0.29677496991576413
37444,0.6707821901323706
37445,0.5843561973525873
37446,0.6989410348977136
37447,0.15516245487364622
37448,0.9490974729241877
37449,0.4315282791817088
37450,0.5645968712394706
37451,0.15008423586040914
37452,0.021877256317689532
37453,0.4650541516245488
37454,0.3745367027677497
37455,0.4051744885679903
37456,0.2949217809867629
37457,0.7892900120336943
37458,0.8502767749699158
37459,0.3896028880866426
37460,0.0831768953068592
37461,0.04339350180505415
37462,0.6197352587244285
37463,0.023826714801444042
37464,0.05499398315282791
37465,0.07239470517448857
37466,0.4017809867629362
37467,0.2524187725631769
37468,0.01858002406738869
37469,0.6982190132370638
37470,0.7538868832731649
37471,0.5571119133574007
37472,0.6978580024067389
37473,0.7065703971119133
37474,0.040385078219013236
37475,0.7227436823104694
37476,0.9593501805054152
37477,0.44413959085439225
37478,0.9152105896510229
37479,0.9397111913357401
37480,0.10690734055354993
37481,0.09432009626955476
37482,0.9029602888086643
37483,0.8275090252707581
37484,0.22202166064981949
37485,0.5391576413959085
37486,0.4925391095066185
37487,0.38435619735258725
37488,0.6769915764139591
37489,0.2292418772563177
37490,0.16373044524669073
37491,0.036004813477737665
37492,0.014320096269554753
37493,0.1148977135980746
37494,0.044428399518652226
37495,0.557424789410349
37496,0.06770156438026474
37497,0.9581949458483754
37498,0.3292178098676294
37499,0.32801444043321304
37500,0.48673886883273165
37501,0.9396149217809868
37502,0.4713357400722022
37503,0.9655595667870036
37504,0.6516967509025271
37505,0.3209386281588448
37506,0.15908543922984358
37507,0.9355234657039712
37508,0.09927797833935018
37509,0.33212996389891697
37510,0.7379302045728038
37511,0.061805054151624544
37512,0.7763658243080626
37513,0.22079422382671482
37514,0.18139590854392298
37515,0.4209867629362214
37516,0.5099398315282792
37517,0.3578098676293622
37518,0.19574007220216605
37519,0.9003128760529482
37520,0.2690734055354994
37521,0.2088808664259928
37522,0.5167027677496991
37523,0.6181949458483754
37524,0.9381468110709987
37525,0.8132611311672684
37526,0.3716967509025271
37527,0.29167268351383874
37528,0.4723465703971119
37529,0.7995427196149218
37530,0.8523465703971118
37531,0.9609145607701565
37532,0.6373285198555957
37533,0.6689290012033694
37534,0.7636341756919374
37535,0.0404332129963899
37536,0.9197593261131167
37537,0.3667870036101083
37538,0.16921780986762938
37539,0.7899879663056558
37540,0.059422382671480145
37541,0.6750661853188928
37542,0.6790373044524669
37543,0.6761251504211794
37544,0.09860409145607701
37545,0.8399518652226234
37546,0.7797352587244284
37547,0.7277496991576413
37548,0.4967027677496992
37549,0.12803850782190132
37550,0.329265944645006
37551,0.6792057761732853
37552,0.07841155234657039
37553,0.07826714801444043
37554,0.3068592057761733
37555,0.48084235860409147
37556,0.25578820697954274
37557,0.683754512635379
37558,0.6166305655836342
37559,0.28243080625752104
37560,0.23600481347773766
37561,0.5217328519855595
37562,0.15590854392298437
37563,0.21610108303249098
37564,0.44481347773766544
37565,0.26929001203369435
37566,0.2886161251504212
37567,0.5878219013237064
37568,0.8424548736462094
37569,0.48062575210589653
37570,0.6580746089049339
37571,0.24365824308062578
37572,0.987942238267148
37573,0.40050541516245486
37574,0.34425992779783393
37575,0.9499157641395908
37576,0.6646450060168472
37577,0.7788688327316486
37578,0.6902527075812275
37579,0.5393261131167268
37580,0.34524669073405534
37581,0.23663056558363416
37582,0.8178820697954272
37583,0.249265944645006
37584,0.24002406738868834
37585,0.25759326113116726
37586,0.753309265944645
37587,0.3724187725631769
37588,0.5189651022864019
37589,0.8299879663056559
37590,0.7529482551143201
37591,0.21920577617328518
37592,0.7642839951865223
37593,0.06616125150421179
37594,0.251841155234657
37595,0.1470517448856799
37596,0.6073164861612514
37597,0.20394705174488567
37598,0.10199759326113117
37599,0.44847172081829123
37600,0.15720818291215402
37601,0.7554031287605294
37602,0.7834416365824308
37603,0.05299638989169675
37604,0.8174488567990372
37605,0.6552827918170878
37606,0.4807220216606498
37607,0.15477737665463298
37608,0.5586281588447652
37609,0.7187966305655836
37610,0.9738628158844765
37611,0.13802647412755714
37612,0.0021179302045728036
37613,0.5592057761732852
37614,0.2770878459687124
37615,0.5105655836341757
37616,0.30243080625752106
37617,0.1101323706377858
37618,0.139927797833935
37619,0.42760529482551146
37620,0.6071239470517449
37621,0.6942478941034897
37622,0.8014921780986763
37623,0.46664259927797835
37624,0.5214440433212997
37625,0.7287123947051746
37626,0.3820938628158845
37627,0.026257521058965103
37628,0.4034416365824308
37629,0.2657521058965102
37630,0.590517448856799
37631,0.6931407942238267
37632,0.480216606498195
37633,0.11273164861612514
37634,0.9726835138387485
37635,0.05196149217809868
37636,0.4648856799037304
37637,0.43265944645006016
37638,0.42806257521058966
37639,0.7778098676293622
37640,0.003561973525872443
37641,0.15590854392298437
37642,0.4358363417569194
37643,0.10194945848375452
37644,0.9749699157641396
37645,0.3171600481347774
37646,0.40163658243080624
37647,0.9005535499398315
37648,0.27220216606498193
37649,0.060168471720818295
37650,0.8003850782190133
37651,0.08166064981949459
37652,0.6050300842358605
37653,0.18734055354993984
37654,0.29634175691937426
37655,0.11829121540312876
37656,0.9545367027677497
37657,0.28929001203369437
37658,0.8511913357400722
37659,0.6179542719614921
37660,0.9145367027677498
37661,0.2757882069795427
37662,0.9176413959085439
37663,0.33456077015643804
37664,0.4916004813477738
37665,0.8968953068592058
37666,0.9388447653429602
37667,0.9356438026474128
37668,0.6916726835138387
37669,0.8455354993983153
37670,0.34777376654632974
37671,0.43985559566787
37672,0.15518652226233454
37673,0.062141997593261125
37674,0.12664259927797833
37675,0.8615884476534296
37676,0.17104693140794225
37677,0.21939831528279183
37678,0.007484957882069795
37679,0.14373044524669074
37680,0.36555956678700363
37681,0.09509025270758123
37682,0.42057761732851984
37683,0.6605535499398316
37684,0.9299638989169675
37685,0.7489530685920578
37686,0.10685920577617328
37687,0.7990373044524669
37688,0.6570637785800241
37689,0.5622382671480144
37690,0.9385559566787003
37691,0.6723947051744885
37692,0.6902767749699158
37693,0.047220216606498194
37694,0.7642839951865222
37695,0.1449097472924188
37696,0.7042117930204572
37697,0.46279181708784595
37698,0.6884957882069795
37699,0.6257280385078219
37700,0.8641877256317689
37701,0.9888808664259928
37702,0.9498435619735259
37703,0.4334055354993983
37704,0.6902045728038508
37705,0.28924187725631767
37706,0.550661853188929
37707,0.5013718411552346
37708,0.2706859205776173
37709,0.5290012033694345
37710,0.7067870036101083
37711,0.6191095066185319
37712,0.39542719614921784
37713,0.5643080625752106
37714,0.17838748495788206
37715,0.3390132370637786
37716,0.3313598074608905
37717,0.22060168471720817
37718,0.9318892900120337
37719,0.12464500601684717
37720,0.9339350180505415
37721,0.8036582430806258
37722,0.34067388688327316
37723,0.36914560770156435
37724,0.7240192539109507
37725,0.7666425992779784
37726,0.22827918170878458
37727,0.0436101083032491
37728,0.570445246690734
37729,0.5583393501805054
37730,0.46868832731648613
37731,0.8984356197352588
37732,0.1884476534296029
37733,0.4922262334536702
37734,0.4208904933814681
37735,0.06912154031287605
37736,0.4273164861612515
37737,0.5124187725631768
37738,0.20368231046931407
37739,0.945367027677497
37740,0.3890974729241877
37741,0.12430806257521058
37742,0.41034897713598073
37743,0.8494584837545127
37744,0.5664981949458484
37745,0.2
37746,0.3272924187725632
37747,0.9283273164861613
37748,0.7256317689530686
37749,0.5902527075812274
37750,0.4598315282791817
37751,0.35975932611311673
37752,0.22062575210589652
37753,0.2523465703971119
37754,0.14890493381468112
37755,0.8408182912154032
37756,0.8997352587244284
37757,0.5441636582430807
37758,0.3231046931407942
37759,0.35448856799037304
37760,0.13754512635379063
37761,0.9465703971119133
37762,0.30897713598074605
37763,0.7957641395908543
37764,0.1391095066185319
37765,0.028495788206979546
37766,0.34640192539109504
37767,0.27530685920577613
37768,0.795066185318893
37769,0.501468110709988
37770,0.4421179302045728
37771,0.8513598074608906
37772,0.3850300842358604
37773,0.8859927797833935
37774,0.9101805054151625
37775,0.2570878459687124
37776,0.11602888086642599
37777,0.3621660649819495
37778,0.1589410348977136
37779,0.8919374247894103
37780,0.05128760529482551
37781,0.22861612515042118
37782,0.010300842358604092
37783,0.8833694344163658
37784,0.15001203369434415
37785,0.0658965102286402
37786,0.3444043321299639
37787,0.7020697954271962
37788,0.04296028880866426
37789,0.4568471720818291
37790,0.6988206979542719
37791,0.6311672683513838
37792,0.8403850782190132
37793,0.18074608904933814
37794,0.5748977135980746
37795,0.6132611311672683
37796,0.5010830324909747
37797,0.9141275571600482
37798,0.06077015643802647
37799,0.330734055354994
37800,0.8316726835138388
37801,0.5015162454873646
37802,0.06389891696750902
37803,0.5285679903730445
37804,0.38570397111913357
37805,0.921540312876053
37806,0.7344645006016847
37807,0.019975932611311673
37808,0.518820697954272
37809,0.025872442839951867
37810,0.15660649819494585
37811,0.8889530685920577
37812,0.8335740072202166
37813,0.50028880866426
37814,0.10382671480144404
37815,0.6985078219013237
37816,0.8644043321299639
37817,0.32734055354993985
37818,0.07193742478941034
37819,0.9000240673886883
37820,0.5937424789410349
37821,0.8216365824308063
37822,0.4622382671480144
37823,0.7070036101083033
37824,0.7581949458483754
37825,0.9841395908543923
37826,0.6884957882069795
37827,0.21379061371841157
37828,0.7516967509025271
37829,0.0817569193742479
37830,0.765583634175692
37831,0.0787725631768953
37832,0.07980746089049338
37833,0.06450060168471722
37834,0.38132370637785795
37835,0.6212274368231048
37836,0.06837545126353792
37837,0.25249097472924187
37838,0.927123947051745
37839,0.28115523465703973
37840,0.6044765342960289
37841,0.3232972322503008
37842,0.11176895306859205
37843,0.7751383874849579
37844,0.3987725631768953
37845,0.1405294825511432
37846,0.5403850782190132
37847,0.8967990373044524
37848,0.43689530685920575
37849,0.60661853188929
37850,0.9596149217809867
37851,0.9608664259927797
37852,0.8142960288808664
37853,0.33376654632972325
37854,0.5480385078219013
37855,0.036510228640192544
37856,0.5891696750902526
37857,0.022478941034897712
37858,0.8071961492178099
37859,0.7207460890493381
37860,0.3459927797833935
37861,0.827581227436823
37862,0.9558363417569193
37863,0.7899157641395909
37864,0.6579302045728039
37865,0.941612515042118
37866,0.013935018050541516
37867,0.23290012033694346
37868,0.5937665463297233
37869,0.534632972322503
37870,0.7247172081829121
37871,0.35237063778580024
37872,0.798820697954272
37873,0.1464259927797834
37874,0.8367027677496992
37875,0.8128519855595668
37876,0.9868110709987966
37877,0.17359807460890492
37878,0.006762936221419977
37879,0.7201925391095066
37880,0.8025270758122743
37881,0.9824789410348977
37882,0.23783393501805056
37883,0.5927316486161252
37884,0.8913116726835139
37885,0.21270758122743683
37886,0.07152827918170879
37887,0.5487123947051745
37888,0.05689530685920578
37889,0.4718170878459687
37890,0.7337906137184116
37891,0.5548977135980746
37892,0.4447653429602888
37893,0.8100120336943442
37894,0.3918892900120337
37895,0.16084235860409146
37896,0.1620216606498195
37897,0.7159566787003611
37898,0.43641395908543923
37899,0.2576654632972323
37900,0.1963176895306859
37901,0.5866425992779783
37902,0.8228158844765343
37903,0.46647412755716006
37904,0.7346811070998797
37905,0.15665463297232252
37906,0.020120336943441636
37907,0.4232731648616125
37908,0.5869795427196149
37909,0.2102045728038508
37910,0.21742478941034898
37911,0.015475330926594465
37912,0.5923947051744886
37913,0.0069795427196149215
37914,0.6007460890493381
37915,0.8329241877256317
37916,0.9184356197352588
37917,0.16902527075812274
37918,0.33903730445246694
37919,0.9733333333333334
37920,0.04209386281588448
37921,0.7964139590854393
37922,0.36457280385078217
37923,0.951022864019254
37924,0.18738868832731648
37925,0.9516486161251504
37926,0.5751143200962696
37927,0.6526594464500601
37928,0.3820938628158845
37929,0.9274368231046932
37930,0.4631046931407942
37931,0.5814921780986763
37932,0.9536462093862816
37933,0.0034416365824308064
37934,0.8416847172081829
37935,0.02134777376654633
37936,0.1281829121540313
37937,0.6553068592057762
37938,0.011311672683513838
37939,0.8555475330926594
37940,0.7440192539109507
37941,0.8424548736462094
37942,0.01174488567990373
37943,0.24570397111913359
37944,0.27504211793020455
37945,0.35949458483754515
37946,0.27388688327316485
37947,0.5056799037304452
37948,0.2843802647412756
37949,0.8236341756919374
37950,0.16250300842358606
37951,0.49728038507821903
37952,0.6604091456077016
37953,0.4668832731648616
37954,0.7561973525872443
37955,0.7809867629362215
37956,0.45263537906137186
37957,0.4701564380264741
37958,0.5217087845968713
37959,0.7438507821901323
37960,0.2446450060168472
37961,0.01802647412755716
37962,0.13037304452466908
37963,0.4877978339350181
37964,0.18541516245487363
37965,0.8337424789410349
37966,0.4307821901323706
37967,0.45701564380264736
37968,0.2512876052948255
37969,0.12279181708784596
37970,0.6447412755716004
37971,0.48247894103489775
37972,0.16527075812274367
37973,0.43939831528279183
37974,0.24267148014440434
37975,0.11270758122743682
37976,0.13482551143200963
37977,0.8180024067388688
37978,0.8088808664259928
37979,0.16440433212996391
37980,0.4300842358604091
37981,0.11419975932611312
37982,0.31884476534296025
37983,0.7644283995186523
37984,0.27475330926594466
37985,0.49148014440433213
37986,0.7007220216606498
37987,0.2681107099879663
37988,0.3764380264741276
37989,0.9567990373044525
37990,0.8271720818291215
37991,0.4076774969915764
37992,0.19114320096269555
37993,0.1081107099879663
37994,0.35484957882069795
37995,0.7966546329723225
37996,0.058676293622141995
37997,0.3711191335740072
37998,0.6654632972322503
37999,0.7635379061371841
38000,0.3297232250300842
38001,0.244043321299639
38002,0.8376654632972322
38003,0.6862093862815885
38004,0.18560770156438028
38005,0.47980746089049336
38006,0.5753068592057762
38007,0.1005294825511432
38008,0.9523947051744885
38009,0.12204572803850783
38010,0.7491215403128761
38011,0.6999518652226233
38012,0.042478941034897716
38013,0.8353309265944645
38014,0.06553549939831528
38015,0.5943441636582432
38016,0.4090252707581227
38017,0.8051985559566788
38018,0.6299879663056558
38019,0.7637545126353791
38020,0.12274368231046931
38021,0.8383393501805054
38022,0.2221179302045728
38023,0.7294344163658244
38024,0.5737424789410349
38025,0.6602166064981949
38026,0.26233453670276774
38027,0.11309265944645006
38028,0.2944163658243081
38029,0.9381708784596872
38030,0.2291696750902527
38031,0.3002166064981949
38032,0.22365824308062576
38033,0.5585800240673886
38034,0.3739350180505415
38035,0.1667870036101083
38036,0.9969193742478941
38037,0.19297232250300841
38038,0.19581227436823107
38039,0.6416125150421179
38040,0.5288808664259927
38041,0.46259927797833933
38042,0.5794223826714802
38043,0.8992298435619736
38044,0.5599037304452468
38045,0.9752827918170879
38046,0.6395908543922985
38047,0.09634175691937424
38048,0.014993983152827918
38049,0.21836341756919375
38050,0.9896991576413959
38051,0.04575210589651023
38052,0.5690012033694345
38053,0.04457280385078219
38054,0.595812274368231
38055,0.29042117930204575
38056,0.01362214199759326
38057,0.2145367027677497
38058,0.29116726835138385
38059,0.2130445246690734
38060,0.11545126353790613
38061,0.2469554753309266
38062,0.012442839951865223
38063,0.062647412755716
38064,0.7585559566787003
38065,0.5406498194945848
38066,0.5756438026474128
38067,0.07826714801444043
38068,0.4749939831528279
38069,0.3296028880866426
38070,0.6471239470517449
38071,0.15836341756919375
38072,0.6516967509025271
38073,0.4168471720818291
38074,0.23619735258724428
38075,0.757280385078219
38076,0.3824789410348977
38077,0.1152346570397112
38078,0.289482551143201
38079,0.6579302045728038
38080,0.7770878459687124
38081,0.8131889290012033
38082,0.14977135980746087
38083,0.6212755716004814
38084,0.56690734055355
38085,0.5892178098676293
38086,0.8380986762936222
38087,0.3577135980746089
38088,0.8441395908543923
38089,0.6827196149217809
38090,0.3975691937424789
38091,0.48478941034897716
38092,0.4
38093,0.38385078219013236
38094,0.5317930204572804
38095,0.37872442839951864
38096,0.9282069795427196
38097,0.15138387484957883
38098,0.6695788206979543
38099,0.65323706377858
38100,0.53352587244284
38101,0.6640673886883273
38102,0.36269554753309263
38103,0.6028399518652225
38104,0.0569193742478941
38105,0.07607701564380265
38106,0.60647412755716
38107,0.8714801444043321
38108,0.5992057761732852
38109,0.1726113116726835
38110,0.3978098676293622
38111,0.10791817087845969
38112,0.8987003610108303
38113,0.6352346570397112
38114,0.2168231046931408
38115,0.845439229843562
38116,0.2138387484957882
38117,0.25374247894103485
38118,0.23752105896510228
38119,0.13087845968712394
38120,0.11966305655836341
38121,0.19104693140794224
38122,0.06943441636582431
38123,0.10555956678700361
38124,0.3682791817087846
38125,0.31034897713598075
38126,0.6209386281588447
38127,0.6860409145607702
38128,0.9810348977135981
38129,0.6611552346570397
38130,0.7293622141997593
38131,0.35963898916967507
38132,0.2908543922984356
38133,0.3342960288808664
38134,0.397352587244284
38135,0.26974729241877254
38136,0.5078459687123947
38137,0.014055354993983152
38138,0.7627436823104693
38139,0.6353549939831529
38140,0.7614921780986763
38141,0.6282069795427196
38142,0.8876534296028882
38143,0.4095066185318893
38144,0.03208182912154031
38145,0.6422623345367028
38146,0.6380264741275572
38147,0.33196149217809867
38148,0.5624789410348977
38149,0.8614921780986763
38150,0.021564380264741275
38151,0.80014440433213
38152,0.8688327316486162
38153,0.009097472924187725
38154,0.14620938628158844
38155,0.7487845968712394
38156,0.12948255114320095
38157,0.8757160048134778
38158,0.6117208182912154
38159,0.9448856799037304
38160,0.40481347773766546
38161,0.9689530685920578
38162,0.09227436823104693
38163,0.052851985559566786
38164,0.7912154031287605
38165,0.9538146811070999
38166,0.804259927797834
38167,0.9231768953068593
38168,0.32912154031287605
38169,0.6617328519855595
38170,0.3922021660649819
38171,0.014921780986762936
38172,0.1318892900120337
38173,0.06647412755716005
38174,0.4030806257521059
38175,0.21095066185318892
38176,0.16036101083032492
38177,0.47306859205776175
38178,0.874560770156438
38179,0.22373044524669072
38180,0.12515042117930206
38181,0.4498676293622142
38182,0.12813477737665463
38183,0.6892418772563177
38184,0.4520096269554753
38185,0.7640914560770157
38186,0.19058965102286402
38187,0.37696750902527076
38188,0.22084235860409146
38189,0.7103489771359808
38190,0.9234897713598074
38191,0.22719614921780987
38192,0.8594945848375452
38193,0.39576413959085444
38194,0.1162936221419976
38195,0.5606738868832731
38196,0.5200481347773767
38197,0.28779783393501807
38198,0.7699638989169675
38199,0.20669073405535499
38200,0.06683513838748496
38201,0.718676293622142
38202,0.43894103489771363
38203,0.19316486161251503
38204,0.6610830324909748
38205,0.9966787003610109
38206,0.4446450060168472
38207,0.5302527075812274
38208,0.243971119133574
38209,0.06028880866425993
38210,0.5495066185318893
38211,0.5727075812274368
38212,0.2324187725631769
38213,0.6566305655836342
38214,0.1676534296028881
38215,0.26250300842358604
38216,0.5742719614921781
38217,0.007196149217809868
38218,0.6032972322503009
38219,0.7695547533092659
38220,0.008712394705174488
38221,0.0007220216606498195
38222,0.389338146811071
38223,0.29600481347773766
38224,0.777208182912154
38225,0.053285198555956675
38226,0.7108784596871239
38227,0.9873405535499398
38228,0.6136702767749699
38229,0.09220216606498194
38230,0.7121540312876053
38231,0.8982912154031287
38232,0.161323706377858
38233,0.09910950661853188
38234,0.7763417569193742
38235,0.3378580024067389
38236,0.1992298435619735
38237,0.1142719614921781
38238,0.9106859205776173
38239,0.3216606498194946
38240,0.9754512635379061
38241,0.013140794223826715
38242,0.1285679903730445
38243,0.1263537906137184
38244,0.4156919374247894
38245,0.6717208182912154
38246,0.8765824308062575
38247,0.6059446450060169
38248,0.8680385078219013
38249,0.6401444043321299
38250,0.30750902527075813
38251,0.22587244283995186
38252,0.909193742478941
38253,0.3018531889290012
38254,0.2258243080625752
38255,0.7198315282791816
38256,0.5524428399518652
38257,0.07783393501805054
38258,0.22859205776173286
38259,0.8138628158844765
38260,0.38122743682310467
38261,0.17660649819494584
38262,0.7956197352587244
38263,0.02871239470517449
38264,0.18697954271961492
38265,0.02729241877256318
38266,0.44630565583634174
38267,0.6170878459687124
38268,0.6159085439229843
38269,0.8562214199759326
38270,0.34077015643802644
38271,0.5468110709987966
38272,0.4072202166064982
38273,0.5096750902527076
38274,0.9025030084235861
38275,0.1737424789410349
38276,0.3796630565583634
38277,0.8178098676293621
38278,0.44883273164861615
38279,0.7071480144404332
38280,0.8862815884476534
38281,0.6664981949458484
38282,0.06401925391095066
38283,0.6183634175691937
38284,0.9323465703971119
38285,0.07730445246690734
38286,0.24873646209386283
38287,0.6464259927797833
38288,0.3344885679903731
38289,0.9302767749699158
38290,0.6483754512635379
38291,0.5484235860409146
38292,0.1296028880866426
38293,0.009530685920577616
38294,0.6009867629362214
38295,0.561107099879663
38296,0.4834897713598075
38297,0.07708784596871239
38298,0.6033935018050541
38299,0.13653429602888087
38300,0.0664259927797834
38301,0.9510709987966306
38302,0.33470517448856796
38303,0.18623345367027677
38304,0.29716004813477737
38305,0.5384115523465705
38306,0.27845968712394703
38307,0.8349699157641396
38308,0.8901083032490975
38309,0.44931407942238266
38310,0.1750661853188929
38311,0.7368712394705175
38312,0.14527075812274368
38313,0.6994705174488568
38314,0.43744885679903733
38315,0.5582912154031288
38316,0.7212755716004814
38317,0.7636101083032492
38318,0.5687845968712395
38319,0.6835379061371841
38320,0.12734055354993984
38321,0.1275812274368231
38322,0.5624789410348977
38323,0.17470517448856798
38324,0.16991576413959086
38325,0.9925631768953069
38326,0.022719614921780987
38327,0.414777376654633
38328,0.7847894103489772
38329,0.7233453670276775
38330,0.20348977135980745
38331,0.9070276774969916
38332,0.45436823104693136
38333,0.4859687123947052
38334,0.13210589651022864
38335,0.20746089049338148
38336,0.853164861612515
38337,0.7745848375451263
38338,0.4119614921780987
38339,0.5633212996389891
38340,0.38729241877256315
38341,0.17663056558363416
38342,0.5090252707581228
38343,0.4688567990373045
38344,0.5040673886883273
38345,0.7598074608904934
38346,0.09595667870036101
38347,0.022743682310469315
38348,0.4207701564380265
38349,0.590517448856799
38350,0.480216606498195
38351,0.9070758122743683
38352,0.9088086642599278
38353,0.7156438026474128
38354,0.32454873646209387
38355,0.7941516245487364
38356,0.03352587244283995
38357,0.8768231046931408
38358,0.04373044524669073
38359,0.06274368231046931
38360,0.8141997593261131
38361,0.12324909747292419
38362,0.4881829121540313
38363,0.17494584837545127
38364,0.7521780986762936
38365,0.8070276774969916
38366,0.3458965102286402
38367,0.844115523465704
38368,0.6712635379061371
38369,0.7360529482551144
38370,0.08729241877256318
38371,0.3935018050541516
38372,0.12851985559566786
38373,0.27535499398315283
38374,0.056823104693140794
38375,0.7240192539109507
38376,0.15935018050541516
38377,0.4162695547533093
38378,0.02921780986762936
38379,0.13157641395908543
38380,0.7314320096269555
38381,0.5631046931407941
38382,0.5783393501805054
38383,0.7912154031287606
38384,0.13104693140794224
38385,0.8552587244283996
38386,0.6726353790613718
38387,0.23509025270758122
38388,0.6389410348977136
38389,0.891768953068592
38390,0.8686161251504212
38391,0.12392298435619736
38392,0.35398315282791815
38393,0.30989169675090256
38394,0.3862575210589651
38395,0.06327316486161252
38396,0.5923706377858002
38397,0.570734055354994
38398,0.8508543922984356
38399,0.1983393501805054
38400,0.9139831528279181
38401,0.7726594464500601
38402,0.24938628158844767
38403,0.25063778580024065
38404,0.22086642599277978
38405,0.7543682310469314
38406,0.7278459687123947
38407,0.23138387484957884
38408,0.15684717208182913
38409,0.40365824308062576
38410,0.6450060168471721
38411,0.15521058965102286
38412,0.9922503008423587
38413,0.6123706377858003
38414,0.3016847172081829
38415,0.07785800240673887
38416,0.12688327316486162
38417,0.7252466907340553
38418,0.3800240673886883
38419,0.1303249097472924
38420,0.4763417569193743
38421,0.8801444043321299
38422,0.3362454873646209
38423,0.2685439229843562
38424,0.06031287605294826
38425,0.5440914560770156
38426,0.0729482551143201
38427,0.7205294825511432
38428,0.45689530685920576
38429,0.3261371841155235
38430,0.5563658243080626
38431,0.46197352587244284
38432,0.24452466907340553
38433,0.4598074608904934
38434,0.35174488567990375
38435,0.6358122743682311
38436,0.4412033694344164
38437,0.9525872442839951
38438,0.9275812274368231
38439,0.3244283995186522
38440,0.11212996389891697
38441,0.8365583634175693
38442,0.3989169675090253
38443,0.4689049338146811
38444,0.9751865222623346
38445,0.22346570397111915
38446,0.8698676293622143
38447,0.6847653429602889
38448,0.5509265944645005
38449,0.02539109506618532
38450,0.06734055354993983
38451,0.1162214199759326
38452,0.6148014440433213
38453,0.657135980746089
38454,0.973598074608905
38455,0.6820457280385077
38456,0.7102767749699157
38457,0.9294344163658244
38458,0.7904452466907341
38459,0.7104693140794225
38460,0.8537184115523466
38461,0.4445728038507822
38462,0.12991576413959086
38463,0.2200962695547533
38464,0.37484957882069797
38465,0.17951865222623348
38466,0.8953309265944644
38467,0.5792298435619736
38468,0.5762695547533092
38469,0.6148014440433214
38470,0.12245487364620938
38471,0.3009626955475331
38472,0.12329723225030084
38473,0.2630806257521059
38474,0.8542719614921781
38475,0.9173766546329722
38476,0.2697472924187726
38477,0.1778820697954272
38478,0.3818050541516245
38479,0.3036582430806257
38480,0.8164139590854392
38481,0.18673886883273166
38482,0.997424789410349
38483,0.4073405535499398
38484,0.9502767749699158
38485,0.27966305655836343
38486,0.7557400722021661
38487,0.1156919374247894
38488,0.07220216606498195
38489,0.40823104693140794
38490,0.48178098676293624
38491,0.9994223826714801
38492,0.9107581227436823
38493,0.3936702767749699
38494,0.9047172081829122
38495,0.9626233453670276
38496,0.53309265944645
38497,0.29764139590854394
38498,0.38007220216606497
38499,0.4218531889290012
38500,0.7695788206979544
38501,0.025391095066185317
38502,0.6339109506618532
38503,0.6395908543922983
38504,0.06950661853188929
38505,0.052105896510228636
38506,0.8676052948255114
38507,0.23342960288808665
38508,0.13133574007220217
38509,0.5281347773766546
38510,0.45179302045728037
38511,0.6619253910950662
38512,0.5701564380264741
38513,0.5289530685920577
38514,0.7091456077015643
38515,0.02156438026474128
38516,0.3407220216606498
38517,0.8424548736462094
38518,0.8566064981949458
38519,0.6140072202166065
38520,0.5795186522262334
38521,0.5714560770156438
38522,0.13845968712394705
38523,0.7776895306859206
38524,0.45008423586040913
38525,0.9689049338146811
38526,0.8906859205776173
38527,0.3680625752105896
38528,0.03352587244283995
38529,0.7596630565583635
38530,0.47304452466907343
38531,0.35465703971119134
38532,0.027918170878459686
38533,0.4701564380264741
38534,0.47306859205776175
38535,0.1757641395908544
38536,0.9437304452466907
38537,0.40348977135980746
38538,0.4805294825511432
38539,0.9480625752105897
38540,0.10587244283995187
38541,0.132057761732852
38542,0.4593501805054152
38543,0.11446450060168473
38544,0.04844765342960289
38545,0.31653429602888083
38546,0.7533574007220216
38547,0.09393501805054151
38548,0.19237063778580024
38549,0.31826714801444045
38550,0.3409626955475331
38551,0.7254873646209387
38552,0.12137184115523467
38553,0.36074608904933814
38554,0.3528038507821901
38555,0.4642117930204573
38556,0.7917208182912154
38557,0.30753309265944645
38558,0.09482551143200962
38559,0.9569193742478941
38560,0.6680625752105896
38561,0.6689771359807462
38562,0.8218772563176895
38563,0.01903730445246691
38564,0.88
38565,0.17215403128760529
38566,0.30799037304452465
38567,0.4411552346570397
38568,0.1475571600481348
38569,0.9367990373044526
38570,0.6621419975932612
38571,0.6215884476534296
38572,0.5354753309265945
38573,0.23898916967509024
38574,0.44681107099879663
38575,0.6006016847172082
38576,0.2261853188929001
38577,0.23025270758122746
38578,0.7589891696750903
38579,0.021468110709987966
38580,0.8633453670276775
38581,0.5355475330926595
38582,0.19217809867629362
38583,0.36235860409145604
38584,0.9653910950661853
38585,0.5843321299638988
38586,0.30209386281588446
38587,0.22084235860409146
38588,0.7250060168471721
38589,0.5632490974729242
38590,0.24031287605294827
38591,0.12139590854392299
38592,0.28117930204572805
38593,0.8847894103489771
38594,0.9412996389891697
38595,0.3070758122743682
38596,0.6858483754512635
38597,0.11913357400722022
38598,0.7928760529482551
38599,0.8587725631768953
38600,0.2899398315282792
38601,0.6089771359807461
38602,0.1317930204572804
38603,0.1725872442839952
38604,0.04883273164861613
38605,0.2182430806257521
38606,0.5044524669073406
38607,0.6873886883273165
38608,0.07913357400722021
38609,0.5195908543922985
38610,0.569554753309266
38611,0.9669554753309266
38612,0.930445246690734
38613,0.28772563176895305
38614,0.7403610108303249
38615,0.14356197352587244
38616,0.3868832731648616
38617,0.7420457280385078
38618,0.0017087845968712396
38619,0.6836341756919374
38620,0.8416606498194945
38621,0.9181708784596871
38622,0.42194945848375454
38623,0.856173285198556
38624,0.14375451263537906
38625,0.16955475330926595
38626,0.8926594464500601
38627,0.31078219013237063
38628,0.39073405535499395
38629,0.7006016847172082
38630,0.22488567990373046
38631,0.5099157641395908
38632,0.31184115523465705
38633,0.07405535499398315
38634,0.9503730445246691
38635,0.33114320096269556
38636,0.45554753309265944
38637,0.6449338146811071
38638,0.5133574007220216
38639,0.4378580024067389
38640,0.08936221419975933
38641,0.38693140794223824
38642,0.4983874849578821
38643,0.3465944645006017
38644,0.6834657039711192
38645,0.17123947051744887
38646,0.1060890493381468
38647,0.8057761732851986
38648,0.2197352587244284
38649,0.6000962695547534
38650,0.025631768953068595
38651,0.8901323706377858
38652,0.7100601684717208
38653,0.0758604091456077
38654,0.6186762936221419
38655,0.7129723225030085
38656,0.7515764139590855
38657,0.14570397111913358
38658,0.1361973525872443
38659,0.20048134777376653
38660,0.7597352587244284
38661,0.44421179302045727
38662,0.051335740072202166
38663,0.7709747292418773
38664,0.038676293622142
38665,0.8295066185318893
38666,0.8745848375451264
38667,0.19261131167268353
38668,0.028953068592057762
38669,0.037521058965102286
38670,0.9113598074608904
38671,0.6738146811070999
38672,0.49766546329723227
38673,0.4525150421179302
38674,0.9116726835138387
38675,0.4155716004813478
38676,0.4233453670276775
38677,0.5780024067388688
38678,0.4264259927797834
38679,0.3083513838748496
38680,0.7851504211793021
38681,0.816028880866426
38682,0.909265944645006
38683,0.010830324909747292
38684,0.3529241877256318
38685,0.6075571600481348
38686,0.8719614921780987
38687,0.9005054151624549
38688,0.5831768953068592
38689,0.7817328519855595
38690,0.20974729241877255
38691,0.4915042117930205
38692,0.3415884476534296
38693,0.4488086642599278
38694,0.5689771359807461
38695,0.6507581227436823
38696,0.3970156438026474
38697,0.6843080625752106
38698,0.17181708784596872
38699,0.15138387484957883
38700,0.04296028880866426
38701,0.293309265944645
38702,0.947797833935018
38703,0.7146570397111913
38704,0.01614921780986763
38705,0.41013237063778585
38706,0.4521058965102286
38707,0.7422623345367028
38708,0.10267148014440433
38709,0.4553309265944645
38710,0.18871239470517448
38711,0.5140553549939831
38712,0.2828399518652226
38713,0.782719614921781
38714,0.474632972322503
38715,0.1668592057761733
38716,0.26040914560770156
38717,0.20640192539109506
38718,0.9103489771359807
38719,0.2548255114320096
38720,0.9401203369434417
38721,0.4772322503008424
38722,0.9892418772563176
38723,0.23056558363417567
38724,0.49417569193742483
38725,0.042575210589651025
38726,0.1630806257521059
38727,0.9199518652226234
38728,0.43740072202166064
38729,0.3607220216606498
38730,0.5917930204572803
38731,0.010541516245487364
38732,0.8363417569193743
38733,0.9608904933814681
38734,0.03237063778580024
38735,0.29530685920577615
38736,0.6832972322503008
38737,0.32551143200962696
38738,0.3272683513838749
38739,0.28587244283995183
38740,0.5090012033694344
38741,0.12146811070998798
38742,0.47309265944645007
38743,0.5756197352587245
38744,0.06515042117930205
38745,0.6770637785800241
38746,0.4688808664259928
38747,0.6043802647412756
38748,0.2960770156438026
38749,0.15939831528279183
38750,0.1523465703971119
38751,0.08498194945848375
38752,0.9367027677496991
38753,0.7113116726835138
38754,0.8793501805054151
38755,0.12036101083032491
38756,0.9743200962695548
38757,0.48040914560770154
38758,0.47299638989169673
38759,0.10714801444043322
38760,0.5154271961492178
38761,0.1801925391095066
38762,0.26753309265944647
38763,0.6990373044524669
38764,0.9367027677496992
38765,0.6087123947051745
38766,0.4818772563176895
38767,0.16245487364620936
38768,0.7746811070998796
38769,0.44849578820697955
38770,0.36787003610108304
38771,0.15229843561973527
38772,0.1343682310469314
38773,0.9455595667870036
38774,0.763826714801444
38775,0.6911913357400723
38776,0.33927797833935014
38777,0.2887123947051745
38778,0.0664259927797834
38779,0.8473164861612514
38780,0.9761973525872443
38781,0.2651263537906137
38782,0.544043321299639
38783,0.8244524669073405
38784,0.2811311672683514
38785,0.4957400722021661
38786,0.05675090252707581
38787,0.4086401925391095
38788,0.49429602888086643
38789,0.9335258724428399
38790,0.11886883273164861
38791,0.8140312876052949
38792,0.15244283995186522
38793,0.22457280385078218
38794,0.6249338146811071
38795,0.09196149217809868
38796,0.04835138387484958
38797,0.000457280385078219
38798,0.7759326113116727
38799,0.9449097472924188
38800,0.38257521058965105
38801,0.7817328519855595
38802,0.2425511432009627
38803,0.6156438026474127
38804,0.29759326113116724
38805,0.6670276774969917
38806,0.8658965102286402
38807,0.7485679903730444
38808,0.863080625752106
38809,0.30286401925391093
38810,0.41879663056558364
38811,0.5818772563176895
38812,0.09749699157641395
38813,0.11561973525872443
38814,0.27504211793020455
38815,0.4995667870036101
38816,0.9315042117930205
38817,0.1429121540312876
38818,0.3397352587244284
38819,0.675066185318893
38820,0.6339109506618532
38821,0.09273164861612515
38822,0.3202647412755716
38823,0.12185318892900121
38824,0.6790373044524669
38825,0.45800240673886883
38826,0.41658243080625756
38827,0.7851022864019255
38828,0.8791817087845969
38829,0.3989169675090253
38830,0.8878219013237064
38831,0.4245968712394705
38832,0.6111191335740072
38833,0.353453670276775
38834,0.2805776173285198
38835,0.411985559566787
38836,0.801540312876053
38837,0.34767749699157646
38838,0.7611070998796631
38839,0.7281588447653429
38840,0.6187003610108304
38841,0.7485439229843562
38842,0.9383874849578822
38843,0.8829602888086643
38844,0.5605535499398315
38845,0.9318652226233454
38846,0.8504693140794224
38847,0.14064981949458483
38848,0.45412755716004816
38849,0.7467870036101083
38850,0.09403128760529483
38851,0.8006498194945848
38852,0.17872442839951866
38853,0.8445728038507823
38854,0.562575210589651
38855,0.5513116726835139
38856,0.15143200962695547
38857,0.6553068592057761
38858,0.2890012033694344
38859,0.019109506618531887
38860,0.770589651022864
38861,0.4714801444043321
38862,0.13783393501805055
38863,0.797424789410349
38864,0.102719614921781
38865,0.7974729241877256
38866,0.7513838748495789
38867,0.9170156438026474
38868,0.6671239470517449
38869,0.6456558363417569
38870,0.06291215403128761
38871,0.7210348977135981
38872,0.5129723225030084
38873,0.19910950661853188
38874,0.15405535499398315
38875,0.5918892900120336
38876,0.060770156438026475
38877,0.5554753309265945
38878,0.39725631768953074
38879,0.053357400722021664
38880,0.5380264741275571
38881,0.48950661853188926
38882,0.44709987966305653
38883,0.5807942238267148
38884,0.16163658243080625
38885,0.5237785800240674
38886,0.26765342960288807
38887,0.31212996389891695
38888,0.8601684717208182
38889,0.550661853188929
38890,0.9755234657039711
38891,0.4934777376654633
38892,0.5895306859205776
38893,0.6246450060168471
38894,0.35535499398315284
38895,0.816028880866426
38896,0.985439229843562
38897,0.10806257521058965
38898,0.3376173285198556
38899,0.2503730445246691
38900,0.38156438026474127
38901,0.730806257521059
38902,0.5396630565583634
38903,0.4738146811070999
38904,0.4993742478941035
38905,0.5585318892900121
38906,0.24336943441636583
38907,0.7901564380264742
38908,0.40859205776173285
38909,0.2115282791817088
38910,0.6729241877256318
38911,0.4848134777376655
38912,0.7658724428399518
38913,0.6335499398315283
38914,0.185294825511432
38915,0.16861612515042118
38916,0.9457039711191336
38917,0.13891696750902527
38918,0.12401925391095067
38919,0.005728038507821901
38920,0.5765342960288808
38921,0.5959807460890494
38922,0.1929482551143201
38923,0.6348736462093862
38924,0.539783393501805
38925,0.30141997593261133
38926,0.4780746089049338
38927,0.7333333333333334
38928,0.6619975932611312
38929,0.8341034897713597
38930,0.45836341756919374
38931,0.8660890493381468
38932,0.7965342960288808
38933,0.9388688327316486
38934,0.016919374247894105
38935,0.8383393501805054
38936,0.567797833935018
38937,0.6675571600481348
38938,0.0727797833935018
38939,0.6592057761732852
38940,0.7374007220216606
38941,0.6655595667870036
38942,0.36965102286401924
38943,0.4360048134777377
38944,0.40577617328519855
38945,0.3772563176895307
38946,0.3552827918170879
38947,0.1664259927797834
38948,0.509482551143201
38949,0.41670276774969917
38950,0.33042117930204573
38951,0.33326113116726835
38952,0.5233212996389891
38953,0.128014440433213
38954,0.653598074608905
38955,0.0854632972322503
38956,0.05458483754512636
38957,0.7310469314079422
38958,0.7183874849578821
38959,0.7471961492178099
38960,0.27422382671480144
38961,0.9371600481347774
38962,0.24141997593261133
38963,0.26784596871239474
38964,0.4166305655836342
38965,0.3082069795427196
38966,0.919109506618532
38967,0.512129963898917
38968,0.7842839951865223
38969,0.9869795427196149
38970,0.49602888086642605
38971,0.7895547533092659
38972,0.16346570397111915
38973,0.06166064981949459
38974,0.35104693140794224
38975,0.23783393501805056
38976,0.5348736462093863
38977,0.3574729241877256
38978,0.6763658243080626
38979,0.35963898916967507
38980,0.40921780986762935
38981,0.9105415162454873
38982,0.025968712394705176
38983,0.6732129963898916
38984,0.9405294825511432
38985,0.8061131167268352
38986,0.7479903730445246
38987,0.5886883273164862
38988,0.7777858002406739
38989,0.42471720818291214
38990,0.7109987966305655
38991,0.0796389891696751
38992,0.9152105896510229
38993,0.47968712394705176
38994,0.756173285198556
38995,0.07858002406738869
38996,0.30986762936221424
38997,0.284043321299639
38998,0.9153068592057761
38999,0.261395908543923
39000,0.7215403128760529
39001,0.3446931407942238
39002,0.8136462093862816
39003,0.08584837545126354
39004,0.15870036101083032
39005,0.9134055354993983
39006,0.8151865222623346
39007,0.8158604091456076
39008,0.29660649819494583
39009,0.24522262334536704
39010,0.2883273164861613
39011,0.22252707581227438
39012,0.8667870036101084
39013,0.1069554753309266
39014,0.9820216606498195
39015,0.03444043321299639
39016,0.761179302045728
39017,0.8937906137184115
39018,0.7461371841155235
39019,0.48240673886883273
39020,0.8819494584837545
39021,0.4499157641395909
39022,0.389338146811071
39023,0.6204091456077016
39024,0.7473405535499398
39025,0.1385800240673887
39026,0.07634175691937425
39027,0.8551143200962696
39028,0.6577376654632973
39029,0.3869795427196149
39030,0.4365102286401925
39031,0.7657521058965102
39032,0.7973285198555957
39033,0.04825511432009627
39034,0.00026474127557160046
39035,0.34577617328519855
39036,0.17465703971119134
39037,0.19610108303249096
39038,0.2310950661853189
39039,0.28127557160048133
39040,0.7318170878459687
39041,0.6248134777376655
39042,0.5004091456077016
39043,0.6649819494584838
39044,0.09542719614921781
39045,0.07985559566787004
39046,0.6001203369434416
39047,0.9315764139590854
39048,0.07980746089049337
39049,0.2530685920577617
39050,0.5407220216606499
39051,0.29126353790613724
39052,0.12305655836341757
39053,0.5122503008423586
39054,0.9583393501805054
39055,0.8898676293622142
39056,0.8423345367027677
39057,0.9814440433212996
39058,0.7827436823104693
39059,0.3450541516245488
39060,0.3664259927797834
39061,0.01354993983152828
39062,0.1341756919374248
39063,0.2654151624548736
39064,0.464043321299639
39065,0.6723947051744885
39066,0.7729723225030085
39067,0.2502527075812274
39068,0.35867629362214204
39069,0.08091456077015644
39070,0.9429362214199759
39071,0.35947051744885683
39072,0.946690734055355
39073,0.7523706377858003
39074,0.6471720818291216
39075,0.21814681107099881
39076,0.6591576413959086
39077,0.44851985559566787
39078,0.6795186522262335
39079,0.6634657039711191
39080,0.661179302045728
39081,0.5264981949458484
39082,0.7461853188929002
39083,0.5998315282791817
39084,0.5097713598074609
39085,0.9434175691937425
39086,0.9424067388688327
39087,0.9779302045728039
39088,0.9255114320096269
39089,0.4913838748495788
39090,0.9925631768953069
39091,0.49915764139590857
39092,0.9767027677496991
39093,0.8846209386281588
39094,0.3941516245487364
39095,0.058411552346570396
39096,0.08820697954271961
39097,0.08238267148014441
39098,0.8320336943441637
39099,0.09874849578820699
39100,0.3373044524669073
39101,0.9272924187725632
39102,0.7045246690734055
39103,0.4220457280385078
39104,0.5669795427196149
39105,0.5651744885679904
39106,0.68632972322503
39107,0.9973285198555957
39108,0.35626955475330924
39109,0.4467870036101083
39110,0.2228880866425993
39111,0.8197833935018051
39112,0.8105655836341756
39113,0.10709987966305656
39114,0.9778339350180505
39115,0.08507821901323706
39116,0.8025511432009627
39117,0.71323706377858
39118,0.679638989169675
39119,0.3039470517448857
39120,0.11164861612515042
39121,0.14553549939831528
39122,0.43634175691937427
39123,0.44469314079422384
39124,0.09706377858002407
39125,0.7693381468110709
39126,0.7881347773766547
39127,0.21951865222623346
39128,0.885367027677497
39129,0.6048856799037305
39130,0.11829121540312876
39131,0.7174729241877256
39132,0.5164139590854393
39133,0.5387966305655836
39134,0.05619735258724429
39135,0.49638989169675085
39136,0.2303008423586041
39137,0.870445246690734
39138,0.11111913357400721
39139,0.13280385078219012
39140,0.6160048134777376
39141,0.20255114320096268
39142,0.325439229843562
39143,0.6830565583634176
39144,0.24974729241877258
39145,0.13968712394705174
39146,0.046377858002406736
39147,0.37232250300842357
39148,0.8701564380264741
39149,0.7029602888086642
39150,0.0030806257521058967
39151,0.4890734055354994
39152,0.9011552346570397
39153,0.38726835138387483
39154,0.47099879663056554
39155,0.043080625752105896
39156,0.1351624548736462
39157,0.5752587244283995
39158,0.6793020457280385
39159,0.3388688327316486
39160,0.15359807460890493
39161,0.7028158844765343
39162,0.5904693140794224
39163,0.8161732851985559
39164,0.46729241877256317
39165,0.2797352587244284
39166,0.0397352587244284
39167,0.5365102286401926
39168,0.8486883273164861
39169,0.6615403128760529
39170,0.03184115523465704
39171,0.92676293622142
39172,0.5819975932611312
39173,0.3356919374247894
39174,0.32885679903730447
39175,0.7978580024067389
39176,0.24953068592057762
39177,0.129338146811071
39178,0.8946811070998797
39179,0.5439951865222623
39180,0.1970156438026474
39181,0.4540794223826715
39182,0.86647412755716
39183,0.09482551143200962
39184,0.7437304452466907
39185,0.1945367027677497
39186,0.17432009626955475
39187,0.698459687123947
39188,0.7257521058965102
39189,0.06941034897713598
39190,0.16170878459687124
39191,0.2515523465703971
39192,0.8778339350180505
39193,0.8455354993983153
39194,0.03157641395908544
39195,0.0096028880866426
39196,0.9683995186522263
39197,0.903826714801444
39198,0.297280385078219
39199,0.5069554753309267
39200,0.3219735258724428
39201,0.9860890493381468
39202,0.9616606498194946
39203,0.8908543922984355
39204,0.790661853188929
39205,0.590517448856799
39206,0.035836341756919375
39207,0.99338146811071
39208,0.8189891696750902
39209,0.2660890493381468
39210,0.6393501805054151
39211,0.5883273164861612
39212,0.8146570397111913
39213,0.04168471720818291
39214,0.5377858002406739
39215,0.725294825511432
39216,0.8016606498194945
39217,0.1788447653429603
39218,0.035740072202166066
39219,0.42803850782190134
39220,0.18517448856799038
39221,0.8313598074608906
39222,0.4317930204572804
39223,0.47237063778580024
39224,0.048953068592057766
39225,0.9422864019253911
39226,0.01624548736462094
39227,0.5431287605294826
39228,0.16844765342960288
39229,0.7406016847172081
39230,0.9294344163658244
39231,0.632057761732852
39232,0.34558363417569193
39233,0.5326113116726835
39234,0.9243321299638989
39235,0.47482551143200963
39236,0.015090252707581228
39237,0.6713838748495788
39238,0.48490974729241876
39239,0.6077256317689531
39240,0.7976173285198556
39241,0.17595667870036102
39242,0.8825511432009627
39243,0.575595667870036
39244,0.749193742478941
39245,0.7242117930204572
39246,0.2556438026474127
39247,0.4997111913357401
39248,0.05128760529482551
39249,0.8171119133574007
39250,0.12108303249097474
39251,0.7616847172081829
39252,0.2781227436823105
39253,0.5667148014440433
39254,0.622575210589651
39255,0.8249097472924187
39256,0.3216365824308063
39257,0.3523225030084236
39258,0.4470517448856799
39259,0.02823104693140794
39260,0.8390613718411553
39261,0.4266425992779783
39262,0.4476534296028881
39263,0.7395427196149218
39264,0.32652226233453674
39265,0.23184115523465704
39266,0.01684717208182912
39267,0.9208664259927798
39268,0.3743441636582431
39269,0.6460168471720817
39270,0.4381468110709988
39271,0.10269554753309267
39272,0.9398074608904934
39273,0.6442117930204573
39274,0.9585800240673887
39275,0.0832490974729242
39276,0.7465463297232251
39277,0.6037063778580024
39278,0.16859205776173286
39279,0.02941034897713598
39280,0.33364620938628153
39281,0.41966305655836345
39282,0.29730445246690734
39283,0.061323706377858
39284,0.7346570397111913
39285,0.5522503008423587
39286,0.5110950661853189
39287,0.27797833935018046
39288,0.914344163658243
39289,0.44998796630565585
39290,0.7145126353790614
39291,0.9429843561973525
39292,0.07790613718411551
39293,0.7458002406738868
39294,0.8393020457280385
39295,0.2743200962695548
39296,0.7138146811070999
39297,0.7444524669073406
39298,0.9005294825511432
39299,0.1535740072202166
39300,0.5928760529482551
39301,0.8447172081829122
39302,0.3254151624548737
39303,0.3946811070998797
39304,0.7285198555956678
39305,0.38120336943441635
39306,0.6510950661853189
39307,0.05270758122743682
39308,0.7662815884476535
39309,0.022960288808664263
39310,0.6746811070998797
39311,0.1759326113116727
39312,0.30640192539109506
39313,0.9086401925391094
39314,0.8938387484957881
39315,0.10815884476534296
39316,0.41766546329723225
39317,0.6729723225030084
39318,0.5830084235860409
39319,0.28991576413959086
39320,0.6563417569193744
39321,0.9377617328519856
39322,0.7439229843561974
39323,0.6928038507821901
39324,0.5085679903730445
39325,0.1557882069795427
39326,0.0526835138387485
39327,0.24163658243080627
39328,0.013309265944645005
39329,0.8141034897713598
39330,0.46779783393501806
39331,0.552129963898917
39332,0.4542719614921781
39333,0.9341275571600481
39334,0.39737665463297234
39335,0.44093862815884477
39336,0.5466425992779783
39337,0.6383634175691937
39338,0.56014440433213
39339,0.29732851985559566
39340,0.42736462093862815
39341,0.8981708784596871
39342,0.7332611311672683
39343,0.9209626955475332
39344,0.2224548736462094
39345,0.2912635379061372
39346,0.5281347773766546
39347,0.21338146811071
39348,0.5199518652226234
39349,0.48577617328519856
39350,0.4989410348977136
39351,0.9813477737665464
39352,0.418676293622142
39353,0.10517448856799036
39354,0.37039711191335745
39355,0.6060409145607701
39356,0.18445246690734057
39357,0.6309265944645006
39358,0.4331167268351384
39359,0.07046931407942239
39360,0.027773766546329723
39361,0.09679903730445247
39362,0.061107099879663056
39363,0.8450300842358605
39364,0.44563176895306855
39365,0.6782190132370638
39366,0.9255595667870036
39367,0.06454873646209386
39368,0.2143441636582431
39369,0.6252466907340554
39370,0.23966305655836342
39371,0.12955475330926594
39372,0.7380746089049338
39373,0.622430806257521
39374,0.7979061371841155
39375,0.1841395908543923
39376,0.701829121540313
39377,0.9027677496991577
39378,0.26329723225030083
39379,0.8990373044524669
39380,0.38820697954271965
39381,0.13939831528279184
39382,0.3791817087845969
39383,0.421251504211793
39384,0.38305655836341757
39385,0.4815403128760529
39386,0.9708303249097472
39387,0.6541034897713598
39388,0.46490974729241874
39389,0.10808664259927799
39390,0.06876052948255114
39391,0.3295788206979543
39392,0.9971359807460891
39393,0.36211793020457284
39394,0.6740794223826715
39395,0.9033935018050542
39396,0.9257280385078219
39397,0.7393261131167268
39398,0.14483754512635377
39399,0.04892900120336943
39400,0.10890493381468111
39401,0.5121780986762936
39402,0.14206979542719617
39403,0.015643802647412754
39404,0.5945126353790614
39405,0.9688567990373045
39406,0.20796630565583635
39407,0.7232972322503008
39408,0.928303249097473
39409,0.8981227436823105
39410,0.5806498194945848
39411,0.4370397111913358
39412,0.2835860409145608
39413,0.9407942238267148
39414,0.2558604091456077
39415,0.2952587244283995
39416,0.9434657039711192
39417,0.638820697954272
39418,0.02808664259927798
39419,0.3270758122743682
39420,0.24305655836341755
39421,0.3990613718411552
39422,0.050926594464500596
39423,0.7722021660649819
39424,0.2055595667870036
39425,0.3967509025270758
39426,0.3524187725631769
39427,0.9183152827918171
39428,0.2537424789410349
39429,0.24551143200962694
39430,0.06190132370637786
39431,0.15338146811071
39432,0.6115042117930205
39433,0.6298916967509025
39434,0.0010830324909747292
39435,0.937713598074609
39436,0.8108543922984356
39437,0.18245487364620938
39438,0.45590854392298436
39439,0.030517448856799037
39440,0.0690734055354994
39441,0.04707581227436823
39442,0.23939831528279182
39443,0.7370397111913358
39444,0.9370637785800241
39445,0.3762936221419976
39446,0.03995186522262334
39447,0.9121780986762936
39448,0.5565583634175693
39449,0.05569193742478941
39450,0.8750421179302046
39451,0.8927316486161252
39452,0.26957882069795425
39453,0.7857521058965102
39454,0.889554753309266
39455,0.2555234657039711
39456,0.2532129963898917
39457,0.4127075812274368
39458,0.1742478941034898
39459,0.5634897713598075
39460,0.5059446450060169
39461,0.27506618531889293
39462,0.18722021660649818
39463,0.8700842358604092
39464,0.17896510228640194
39465,0.8097232250300842
39466,0.7359085439229844
39467,0.08438026474127558
39468,0.9267388688327316
39469,0.8149939831528279
39470,0.41439229843561975
39471,0.8046690734055355
39472,0.5219735258724428
39473,0.06864019253910951
39474,0.30806257521058966
39475,0.04885679903730445
39476,0.8208182912154032
39477,0.5231528279181709
39478,0.7959326113116727
39479,0.8628880866425993
39480,0.682647412755716
39481,0.6635138387484958
39482,0.18084235860409148
39483,0.10604091456077015
39484,0.18043321299638987
39485,0.8065222623345367
39486,0.4378580024067389
39487,0.4171119133574007
39488,0.5031768953068592
39489,0.6397593261131167
39490,0.537135980746089
39491,0.7685679903730445
39492,0.7527557160048135
39493,0.7763898916967509
39494,0.9861853188929002
39495,0.1140072202166065
39496,0.1130445246690734
39497,0.23660649819494584
39498,0.3051022864019254
39499,0.7169193742478941
39500,0.22594464500601685
39501,0.7478219013237064
39502,0.278604091456077
39503,0.8545367027677497
39504,0.015932611311672683
39505,0.8488808664259928
39506,0.5855114320096269
39507,0.3247653429602888
39508,0.3842599277978339
39509,0.12368231046931408
39510,0.4061853188929001
39511,0.5943441636582432
39512,0.6592298435619736
39513,0.6602406738868833
39514,0.8965583634175692
39515,0.508231046931408
39516,0.2795667870036101
39517,0.08664259927797834
39518,0.26286401925391095
39519,0.5428399518652226
39520,0.7769434416365824
39521,0.07764139590854392
39522,0.6679181708784596
39523,0.48243080625752105
39524,0.8270036101083033
39525,0.9130685920577617
39526,0.2792539109506619
39527,0.4431768953068592
39528,0.5385559566787004
39529,0.07764139590854392
39530,0.7953309265944646
39531,0.429338146811071
39532,0.16794223826714802
39533,0.5426233453670277
39534,0.7669554753309267
39535,0.37696750902527076
39536,0.7843802647412756
39537,0.17381468110709988
39538,0.5834175691937424
39539,0.41287605294825513
39540,0.13208182912154032
39541,0.022430806257521058
39542,0.7636582430806258
39543,0.7867870036101083
39544,0.8140072202166064
39545,0.10914560770156437
39546,0.841107099879663
39547,0.9736702767749699
39548,0.350734055354994
39549,0.7293140794223827
39550,0.8976895306859205
39551,0.16048134777376655
39552,0.04060168471720818
39553,0.5366787003610107
39554,0.09995186522262334
39555,0.7243561973525873
39556,0.5496510228640192
39557,0.3664500601684717
39558,0.6838748495788207
39559,0.21742478941034898
39560,0.8837063778580024
39561,0.3898676293622142
39562,0.41968712394705177
39563,0.08916967509025271
39564,0.7306618531889291
39565,0.7785318892900119
39566,0.09318892900120336
39567,0.5989891696750902
39568,0.4420216606498195
39569,0.16274368231046932
39570,0.02565583634175692
39571,0.867725631768953
39572,0.7995186522262334
39573,0.8520818291215403
39574,0.6775210589651023
39575,0.7636582430806258
39576,0.8863056558363418
39577,0.20907340553549938
39578,0.06233453670276775
39579,0.7438026474127557
39580,0.03995186522262334
39581,0.8326353790613719
39582,0.39838748495788207
39583,0.6411552346570397
39584,0.4044043321299639
39585,0.002671480144404332
39586,0.1129482551143201
39587,0.46673886883273163
39588,0.9328519855595667
39589,0.3277737665463297
39590,0.18909747292418772
39591,0.7496028880866425
39592,0.14832731648616126
39593,0.5348255114320096
39594,0.8095788206979543
39595,0.7167509025270757
39596,0.8503730445246691
39597,0.6614921780986762
39598,0.6934296028880866
39599,0.5393020457280385
39600,0.4927797833935018
39601,0.13725631768953067
39602,0.9515042117930205
39603,0.7368953068592058
39604,0.8950661853188928
39605,0.5641395908543922
39606,0.8827918170878459
39607,0.765583634175692
39608,0.5562695547533092
39609,0.24876052948255112
39610,0.9676052948255114
39611,0.25412755716004815
39612,0.3846690734055355
39613,0.13790613718411554
39614,0.6771600481347774
39615,0.6727075812274368
39616,0.0997352587244284
39617,0.7371359807460891
39618,0.046137184115523464
39619,0.3777858002406739
39620,0.2958604091456077
39621,0.3143441636582431
39622,0.1712635379061372
39623,0.6326835138387485
39624,0.9026714801444042
39625,0.30488567990373044
39626,0.4662334536702768
39627,0.7830565583634176
39628,0.24038507821901323
39629,0.9593261131167268
39630,0.9370397111913358
39631,0.1591095066185319
39632,0.02358604091456077
39633,0.3907099879663056
39634,0.33107099879663054
39635,0.938676293622142
39636,0.5410108303249097
39637,0.4179783393501805
39638,0.31744885679903734
39639,0.7819013237063779
39640,0.1886161251504212
39641,0.23208182912154032
39642,0.3461853188929001
39643,0.06021660649819495
39644,0.13140794223826716
39645,0.06897713598074609
39646,0.39807460890493385
39647,0.8382912154031288
39648,0.778315282791817
39649,0.910661853188929
39650,0.8609145607701565
39651,0.9615643802647413
39652,0.0254632972322503
39653,0.7943682310469314
39654,0.1375451263537906
39655,0.9113357400722022
39656,0.43944645006016847
39657,0.5397111913357401
39658,0.6547292418772563
39659,0.5698676293622142
39660,0.03022864019253911
39661,0.8265944645006017
39662,0.6160529482551143
39663,0.20108303249097473
39664,0.6451022864019254
39665,0.7840673886883274
39666,0.8899398315282792
39667,0.8518170878459688
39668,0.793309265944645
39669,0.006522262334536702
39670,0.6021660649819494
39671,0.8013718411552346
39672,0.8869554753309266
39673,0.8242117930204573
39674,0.12548736462093862
39675,0.6399518652226233
39676,0.5995908543922984
39677,0.9175932611311672
39678,0.8245006016847172
39679,0.884115523465704
39680,0.04016847172081829
39681,0.23480144404332132
39682,0.6602647412755716
39683,0.20657039711191338
39684,0.9704452466907341
39685,0.10762936221419976
39686,0.7359326113116726
39687,0.9422141997593261
39688,0.9022623345367028
39689,0.8839470517448857
39690,0.32435619735258725
39691,0.016389891696750904
39692,0.8729723225030084
39693,0.0904933814681107
39694,0.7817087845968712
39695,0.7323706377858001
39696,0.10799037304452466
39697,0.16753309265944646
39698,0.7847894103489772
39699,0.501395908543923
39700,0.8538146811070999
39701,0.11352587244283996
39702,0.8366546329723226
39703,0.829265944645006
39704,0.6816606498194946
39705,0.9642358604091457
39706,0.6223104693140794
39707,0.6342719614921781
39708,0.521756919374248
39709,0.3346089049338147
39710,0.8900842358604091
39711,0.27044524669073405
39712,0.8853910950661853
39713,0.6128760529482551
39714,0.44989169675090257
39715,0.17901323706377859
39716,0.17756919374247893
39717,0.49150421179302045
39718,0.38202166064981946
39719,0.5229121540312877
39720,0.6143922984356198
39721,0.9866425992779784
39722,0.1442358604091456
39723,0.6431768953068593
39724,0.2007220216606498
39725,0.6740312876052948
39726,0.6879181708784596
39727,0.8206979542719615
39728,0.345222623345367
39729,0.5645487364620938
39730,0.3069795427196149
39731,0.15689530685920577
39732,0.30375451263537906
39733,0.20048134777376656
39734,0.21256317689530685
39735,0.01696750902527076
39736,0.7858724428399518
39737,0.9337424789410349
39738,0.15862815884476533
39739,0.9045968712394705
39740,0.9034657039711191
39741,0.9265222623345367
39742,0.023706377858002406
39743,0.9098435619735259
39744,0.5029121540312876
39745,0.734921780986763
39746,0.4328519855595668
39747,0.3248856799037304
39748,0.6221901323706378
39749,0.8381708784596871
39750,0.8243802647412756
39751,0.8928760529482551
39752,0.8925631768953068
39753,0.39013237063778583
39754,0.6413959085439229
39755,0.9672442839951865
39756,0.4335740072202166
39757,0.08401925391095065
39758,0.5249097472924188
39759,0.7435619735258725
39760,0.7800240673886883
39761,0.5421901323706377
39762,0.08577617328519856
39763,0.7334777376654633
39764,0.5058483754512635
39765,0.7343922984356197
39766,0.7430806257521059
39767,0.4715282791817088
39768,0.03915764139590854
39769,0.7098676293622141
39770,0.5298916967509025
39771,0.10351383874849579
39772,0.035932611311672684
39773,0.6689049338146811
39774,0.6612274368231047
39775,0.4286161251504212
39776,0.03371841155234657
39777,0.062647412755716
39778,0.1855354993983153
39779,0.8310469314079423
39780,0.26336943441636584
39781,0.10411552346570396
39782,0.13756919374247895
39783,0.09711191335740071
39784,0.6343441636582431
39785,0.8737906137184115
39786,0.5975451263537906
39787,0.8134777376654634
39788,0.9909025270758123
39789,0.8188447653429602
39790,0.7782912154031287
39791,0.11992779783393502
39792,0.07629362214199759
39793,0.7981468110709988
39794,0.9436341756919374
39795,0.7683754512635379
39796,0.5155716004813478
39797,0.8122984356197352
39798,0.28004813477737667
39799,0.8914320096269555
39800,0.4022864019253911
39801,0.7146570397111913
39802,0.15140794223826715
39803,0.34859205776173285
39804,0.8356678700361011
39805,0.36238267148014436
39806,0.6176173285198556
39807,0.4336221419975933
39808,0.4459205776173285
39809,0.8470036101083033
39810,0.9682791817087846
39811,0.8198796630565583
39812,0.9677737665463297
39813,0.734705174488568
39814,0.6423104693140794
39815,0.3032009626955475
39816,0.5775932611311673
39817,0.43379061371841154
39818,0.05415162454873646
39819,0.5239229843561974
39820,0.4419975932611312
39821,0.8442117930204573
39822,0.9070517448856799
39823,0.6580986762936221
39824,0.5277737665463298
39825,0.15506618531889288
39826,0.7507099879663056
39827,0.589554753309266
39828,0.7969193742478942
39829,0.6933333333333334
39830,0.4874608904933815
39831,0.48062575210589653
39832,0.9296510228640193
39833,0.15350180505415162
39834,0.09102286401925391
39835,0.4254632972322503
39836,0.9545126353790614
39837,0.12038507821901324
39838,0.9427436823104693
39839,0.08057761732851985
39840,0.1345367027677497
39841,0.017545126353790613
39842,0.6730926594464501
39843,0.5449578820697955
39844,0.397135980746089
39845,0.7352346570397112
39846,0.348158844765343
39847,0.17778580024067386
39848,0.8199037304452467
39849,0.3760770156438027
39850,0.6170397111913357
39851,0.15275571600481347
39852,0.946546329723225
39853,0.6179061371841155
39854,0.7693140794223827
39855,0.7759085439229844
39856,0.8679663056558363
39857,0.8416606498194946
39858,0.4472683513838749
39859,0.617135980746089
39860,0.18693140794223828
39861,0.1988447653429603
39862,0.055860409145607706
39863,0.6992057761732853
39864,0.9375451263537906
39865,0.6325150421179302
39866,0.6703971119133574
39867,0.7254632972322503
39868,0.09249097472924188
39869,0.36478941034897716
39870,0.31841155234657037
39871,0.8466666666666667
39872,0.17188929001203368
39873,0.16447653429602888
39874,0.5768953068592058
39875,0.14276774969915765
39876,0.7271480144404332
39877,0.996101083032491
39878,0.9760288808664259
39879,0.3150180505415162
39880,0.655956678700361
39881,0.5748736462093862
39882,0.36
39883,0.40529482551143203
39884,0.7360770156438026
39885,0.061708784596871236
39886,0.1303971119133574
39887,0.341395908543923
39888,0.09302045728038508
39889,0.026233453670276775
39890,0.5623345367027677
39891,0.31253910950661856
39892,0.12832731648616125
39893,0.44717208182912155
39894,0.9002406738868833
39895,0.6556438026474127
39896,0.12551143200962694
39897,0.1696750902527076
39898,0.1600962695547533
39899,0.25578820697954274
39900,0.319927797833935
39901,0.007196149217809868
39902,0.6792298435619735
39903,0.42495788206979546
39904,0.4551865222623346
39905,0.9296510228640192
39906,0.9454151624548737
39907,0.45574007220216606
39908,0.1495306859205776
39909,0.14091456077015646
39910,0.14760529482551143
39911,0.18955475330926594
39912,0.508086642599278
39913,0.27720818291215404
39914,0.12565583634175692
39915,0.028303249097472925
39916,0.627725631768953
39917,0.021034897713598073
39918,0.9698194945848375
39919,0.6724669073405536
39920,0.1727797833935018
39921,0.9902045728038509
39922,0.8488086642599277
39923,0.19492178098676294
39924,0.9603610108303249
39925,0.297424789410349
39926,0.7599518652226234
39927,0.7471961492178099
39928,0.501395908543923
39929,0.5662093862815885
39930,0.3725391095066185
39931,0.15971119133574008
39932,0.6899157641395908
39933,0.5484717208182912
39934,0.4996630565583634
39935,0.16445246690734056
39936,0.5707581227436823
39937,0.2988929001203369
39938,0.3557882069795427
39939,0.6752587244283995
39940,0.4047172081829121
39941,0.3015162454873646
39942,0.8073405535499398
39943,0.36510228640192544
39944,0.9149939831528279
39945,0.44688327316486165
39946,0.6010348977135981
39947,0.7564380264741275
39948,0.5807701564380265
39949,0.8236582430806257
39950,0.8170156438026475
39951,0.5063778580024068
39952,0.5595427196149219
39953,0.4114801444043321
39954,0.08495788206979543
39955,0.7458724428399519
39956,0.910445246690734
39957,0.3554271961492178
39958,0.42404332129963895
39959,0.11157641395908544
39960,0.7209626955475331
39961,0.9313116726835138
39962,0.8811311672683514
39963,0.9089049338146811
39964,0.25624548736462094
39965,0.4399518652226233
39966,0.7460409145607702
39967,0.8046450060168472
39968,0.01785800240673887
39969,0.752202166064982
39970,0.2576895306859206
39971,0.312057761732852
39972,0.0888086642599278
39973,0.4657521058965103
39974,0.4597352587244284
39975,0.6469554753309266
39976,0.6068592057761732
39977,0.799783393501805
39978,0.5744885679903731
39979,0.9837785800240674
39980,0.49617328519855597
39981,0.729843561973526
39982,0.31237063778580026
39983,0.29302045728038506
39984,0.5542238267148014
39985,0.48397111913357405
39986,0.5022382671480145
39987,0.6995186522262334
39988,0.3592298435619735
39989,0.4263297232250301
39990,0.18743682310469315
39991,0.9268832731648616
39992,0.17915764139590853
39993,0.46700361010830327
39994,0.802936221419976
39995,0.5856077015643804
39996,0.27655836341756923
39997,0.46055354993983155
39998,0.2336462093862816
39999,0.994777376654633
40000,0.36259927797833935
40001,0.14375451263537906
40002,0.15521058965102286
40003,0.17939831528279182
40004,0.9197593261131167
40005,0.882864019253911
40006,0.15658243080625753
40007,0.9225030084235861
40008,0.9636823104693142
40009,0.7388688327316486
40010,0.23925391095066184
40011,0.31939831528279183
40012,0.6012996389891696
40013,0.2208904933814681
40014,0.7155234657039711
40015,0.9431528279181709
40016,0.9452226233453671
40017,0.0404332129963899
40018,0.1388447653429603
40019,0.7153068592057762
40020,0.977280385078219
40021,0.5403128760529483
40022,0.8701805054151626
40023,0.7199037304452467
40024,0.6729963898916967
40025,0.7463778580024067
40026,0.8530926594464501
40027,0.5762936221419976
40028,0.12594464500601685
40029,0.42438026474127555
40030,0.4539590854392298
40031,0.6861612515042118
40032,0.31025270758122747
40033,0.12062575210589652
40034,0.09239470517448857
40035,0.058074608904933815
40036,0.8783634175691937
40037,0.6536462093862816
40038,0.0755956678700361
40039,0.15039711191335742
40040,0.47687123947051746
40041,0.46916967509025276
40042,0.4714320096269555
40043,0.4014440433212996
40044,0.4317930204572804
40045,0.2428158844765343
40046,0.4824067388688328
40047,0.0459927797833935
40048,0.28592057761732853
40049,0.7696269554753309
40050,0.9181708784596871
40051,0.8792539109506619
40052,0.2365583634175692
40053,0.45593261131167273
40054,0.6050782190132371
40055,0.7982671480144404
40056,0.12074608904933815
40057,0.5636582430806257
40058,0.810445246690734
40059,0.18346570397111914
40060,0.41896510228640194
40061,0.6715523465703972
40062,0.12635379061371843
40063,0.729626955475331
40064,0.14418772563176896
40065,0.32945848375451264
40066,0.6443080625752106
40067,0.3497954271961492
40068,0.6436823104693141
40069,0.7978820697954272
40070,0.1303008423586041
40071,0.7300842358604092
40072,0.3701323706377858
40073,0.11111913357400721
40074,0.8265944645006016
40075,0.6253188929001203
40076,0.47845968712394704
40077,0.2551865222623345
40078,0.6311672683513838
40079,0.343826714801444
40080,0.015691937424789408
40081,0.20156438026474127
40082,0.716317689530686
40083,0.23352587244283995
40084,0.5451263537906137
40085,0.530734055354994
40086,0.14635379061371842
40087,0.2594464500601685
40088,0.749410348977136
40089,0.3575451263537906
40090,0.7500601684717207
40091,0.9633935018050541
40092,0.11456077015643802
40093,0.7552105896510228
40094,0.6773044524669074
40095,0.9927557160048135
40096,0.011672683513838749
40097,0.7764139590854392
40098,0.6665703971119133
40099,0.2077496991576414
40100,0.2028158844765343
40101,0.2550661853188929
40102,0.939638989169675
40103,0.8477256317689531
40104,0.5353549939831528
40105,0.5429121540312876
40106,0.8751143200962695
40107,0.15465703971119132
40108,0.3285439229843562
40109,0.032876052948255116
40110,0.1537424789410349
40111,0.1775451263537906
40112,0.9611552346570398
40113,0.9918411552346571
40114,0.10974729241877257
40115,0.09959085439229844
40116,0.24428399518652227
40117,0.2528519855595668
40118,0.22125150421179302
40119,0.2601203369434416
40120,0.07306859205776173
40121,0.4695306859205776
40122,0.9767027677496991
40123,0.6098676293622142
40124,0.27740072202166066
40125,0.5841395908543923
40126,0.00555956678700361
40127,0.4303008423586041
40128,0.3743441636582431
40129,0.9297954271961493
40130,0.9297232250300842
40131,0.7982912154031288
40132,0.9938628158844766
40133,0.9085679903730446
40134,0.24411552346570398
40135,0.6038989169675091
40136,0.6563898916967509
40137,0.03436823104693141
40138,0.6322503008423586
40139,0.6271480144404331
40140,0.6766305655836342
40141,0.7667870036101083
40142,0.8649338146811072
40143,0.44551143200962695
40144,0.31528279181708785
40145,0.7793742478941035
40146,0.02762936221419976
40147,0.22182912154031287
40148,0.08223826714801444
40149,0.5900120336943442
40150,0.048303249097472925
40151,0.15564380264741273
40152,0.7826714801444044
40153,0.07477737665463297
40154,0.3444043321299639
40155,0.9475090252707581
40156,0.25160048134777374
40157,0.7163658243080626
40158,0.3126113116726835
40159,0.5750180505415163
40160,0.28808664259927796
40161,0.07018050541516246
40162,0.907509025270758
40163,0.8980746089049338
40164,0.6611793020457281
40165,0.6056317689530686
40166,0.42370637785800236
40167,0.3606738868832732
40168,0.03814681107099879
40169,0.2508303249097473
40170,0.21614921780986762
40171,0.6039470517448857
40172,0.29954271961492174
40173,0.9686161251504212
40174,0.539927797833935
40175,0.7556197352587244
40176,0.7863778580024068
40177,0.5615162454873646
40178,0.09263537906137184
40179,0.04876052948255114
40180,0.500216606498195
40181,0.39867629362214196
40182,0.689193742478941
40183,0.7074368231046931
40184,0.9808664259927797
40185,0.04618531889290012
40186,0.7753549939831528
40187,0.9949699157641396
40188,0.5256077015643803
40189,0.8080385078219012
40190,0.4957641395908544
40191,0.9365583634175692
40192,0.8454873646209387
40193,0.42909747292418776
40194,0.24336943441636583
40195,0.9157882069795427
40196,0.18895306859205777
40197,0.48541516245487365
40198,0.8790373044524669
40199,0.7627918170878459
40200,0.8199759326113116
40201,0.9692900120336944
40202,0.6969193742478941
40203,0.2022864019253911
40204,0.22462093862815885
40205,0.1291696750902527
40206,0.7342960288808664
40207,0.17975932611311674
40208,0.6441395908543923
40209,0.30719614921780986
40210,0.365439229843562
40211,0.47699157641395906
40212,0.5492418772563177
40213,0.10685920577617329
40214,0.6388447653429603
40215,0.4076534296028881
40216,0.8167268351383875
40217,0.5030324909747292
40218,0.4282791817087846
40219,0.09689530685920578
40220,0.8626233453670277
40221,0.30784596871239467
40222,0.1796630565583634
40223,0.059085439229843564
40224,0.9730445246690734
40225,0.0011070998796630564
40226,0.5905655836341757
40227,0.17663056558363416
40228,0.12014440433212997
40229,0.11598074608904935
40230,0.5533574007220217
40231,0.7077015643802648
40232,0.6609386281588447
40233,0.7888808664259928
40234,0.12596871239470517
40235,0.9822623345367028
40236,0.3745848375451264
40237,0.31102286401925394
40238,0.28036101083032494
40239,0.18399518652226232
40240,0.15971119133574008
40241,0.7922503008423587
40242,0.9146089049338146
40243,0.9725391095066185
40244,0.5107099879663056
40245,0.4000962695547533
40246,0.9338146811070999
40247,0.04931407942238267
40248,0.15634175691937424
40249,0.8088808664259928
40250,0.23867629362214202
40251,0.07728038507821901
40252,0.1949699157641396
40253,0.5670276774969916
40254,0.5366546329723225
40255,0.3818050541516246
40256,0.7861371841155235
40257,0.5005294825511433
40258,0.86014440433213
40259,0.5126835138387484
40260,0.2851744885679904
40261,0.8101083032490974
40262,0.21044524669073406
40263,0.0785078219013237
40264,0.32996389891696754
40265,0.6686161251504212
40266,0.30296028880866427
40267,0.9785318892900121
40268,0.17314079422382672
40269,0.9235860409145608
40270,0.9326113116726835
40271,0.05949458483754513
40272,0.3149939831528279
40273,0.7584115523465704
40274,0.714705174488568
40275,0.15987966305655837
40276,0.7635379061371841
40277,0.08683513838748497
40278,0.9387966305655837
40279,0.01246690734055355
40280,0.42529482551143205
40281,0.04067388688327316
40282,0.4780505415162455
40283,0.9513357400722022
40284,0.10040914560770156
40285,0.1077496991576414
40286,0.8712876052948255
40287,0.1238748495788207
40288,0.9128760529482551
40289,0.4148014440433213
40290,0.7635138387484958
40291,0.3262575210589651
40292,0.5145848375451263
40293,0.6608423586040915
40294,0.982864019253911
40295,0.634777376654633
40296,0.032129963898916966
40297,0.11229843561973527
40298,0.22839951865222624
40299,0.3133574007220217
40300,0.5667148014440433
40301,0.7385078219013237
40302,0.7188688327316486
40303,0.6207942238267148
40304,0.15903730445246692
40305,0.8620938628158845
40306,0.6948255114320097
40307,0.06777376654632972
40308,0.6010589651022864
40309,0.6919614921780987
40310,0.1996389891696751
40311,0.4795427196149218
40312,0.17376654632972321
40313,0.60014440433213
40314,0.8838989169675091
40315,0.9342719614921782
40316,0.595884476534296
40317,0.29379061371841153
40318,0.0534777376654633
40319,0.5682310469314079
40320,0.5992057761732852
40321,0.23323706377858003
40322,0.20134777376654633
40323,0.9264500601684718
40324,0.3110950661853189
40325,0.46673886883273163
40326,0.49629362214199757
40327,0.5362695547533093
40328,0.2367509025270758
40329,0.9397352587244284
40330,0.7234897713598074
40331,0.7014199759326113
40332,0.8100601684717208
40333,0.8798796630565584
40334,0.44182912154031284
40335,0.8823345367027677
40336,0.7248616125150421
40337,0.49034897713598075
40338,0.8466425992779784
40339,0.051696750902527074
40340,0.18690734055354996
40341,0.6782190132370638
40342,0.8623345367027677
40343,0.7860890493381467
40344,0.5888086642599277
40345,0.9264981949458484
40346,0.8282069795427196
40347,0.05829121540312876
40348,0.38223826714801445
40349,0.9840192539109507
40350,0.9474368231046931
40351,0.10503008423586041
40352,0.14880866425992778
40353,0.8397352587244284
40354,0.04370637785800241
40355,0.5148255114320097
40356,0.6137424789410348
40357,0.10067388688327317
40358,0.025150421179302045
40359,0.937208182912154
40360,0.4048856799037305
40361,0.5367268351383875
40362,0.3845968712394705
40363,0.012587244283995186
40364,0.053285198555956675
40365,0.4041395908543923
40366,0.3299157641395909
40367,0.03925391095066185
40368,0.11990373044524669
40369,0.07116726835138387
40370,0.6051263537906137
40371,0.20163658243080626
40372,0.7481829121540313
40373,0.5895306859205776
40374,0.15405535499398315
40375,0.8282791817087846
40376,0.07265944645006017
40377,0.5053429602888087
40378,0.278820697954272
40379,0.4579542719614922
40380,0.397352587244284
40381,0.14770156438026472
40382,0.8432731648616125
40383,0.1742719614921781
40384,0.49874849578820696
40385,0.7327797833935018
40386,0.6613477737665463
40387,0.9804813477737666
40388,0.2776413959085439
40389,0.8616606498194945
40390,0.06108303249097473
40391,0.4905655836341757
40392,0.9764861612515042
40393,0.15600481347773767
40394,0.34991576413959086
40395,0.050348977135980744
40396,0.313164861612515
40397,0.8668592057761733
40398,0.19306859205776172
40399,0.4019013237063779
40400,0.385294825511432
40401,0.41716004813477736
40402,0.5965342960288809
40403,0.05610108303249097
40404,0.01345367027677497
40405,0.37793020457280385
40406,0.6906377858002406
40407,0.03104693140794224
40408,0.6207220216606498
40409,0.7031768953068591
40410,0.6445246690734054
40411,0.22637785800240676
40412,0.6916486161251504
40413,0.8971119133574007
40414,0.634632972322503
40415,0.24755716004813477
40416,0.7771600481347773
40417,0.531913357400722
40418,0.7246209386281588
40419,0.7100842358604091
40420,0.8367027677496992
40421,0.5405054151624549
40422,0.11545126353790613
40423,0.117280385078219
40424,0.8470036101083033
40425,0.5773044524669073
40426,0.40430806257521057
40427,0.05350180505415163
40428,0.2840192539109506
40429,0.3443080625752106
40430,0.08144404332129965
40431,0.24734055354993983
40432,0.21448856799037302
40433,0.721612515042118
40434,0.9431768953068592
40435,0.1363176895306859
40436,0.08700361010830324
40437,0.3924909747292419
40438,0.13752105896510228
40439,0.011624548736462095
40440,0.42194945848375454
40441,0.48478941034897716
40442,0.5817569193742479
40443,0.982141997593261
40444,0.9488086642599278
40445,0.7149699157641396
40446,0.6939590854392298
40447,0.06989169675090252
40448,0.8026955475330926
40449,0.39191335740072203
40450,0.28425992779783393
40451,0.8036101083032491
40452,0.2686161251504212
40453,0.8910709987966305
40454,0.8378580024067389
40455,0.46312876052948254
40456,0.33174488567990373
40457,0.14632972322503007
40458,0.386546329723225
40459,0.7609867629362215
40460,0.45352587244283993
40461,0.43516245487364624
40462,0.1650300842358604
40463,0.5806498194945848
40464,0.40103489771359807
40465,0.007918170878459687
40466,0.8223826714801443
40467,0.9329241877256318
40468,0.8014681107099879
40469,0.49328519855595665
40470,0.8077256317689531
40471,0.09908543922984356
40472,0.9003850782190133
40473,0.48132370637785804
40474,0.4130685920577617
40475,0.025078219013237063
40476,0.9635860409145608
40477,0.7926113116726835
40478,0.3893140794223827
40479,0.9354271961492178
40480,0.33078219013237065
40481,0.5244283995186523
40482,0.4726594464500602
40483,0.2228880866425993
40484,0.5823826714801443
40485,0.30904933814681107
40486,0.49744885679903733
40487,0.45227436823104694
40488,0.026040914560770158
40489,0.05383874849578821
40490,0.705367027677497
40491,0.6704211793020457
40492,0.6488327316486161
40493,0.9581227436823105
40494,0.30753309265944645
40495,0.6128038507821901
40496,0.5793742478941035
40497,0.440072202166065
40498,0.1292418772563177
40499,0.3001925391095066
40500,0.9662575210589651
40501,0.030541516245487364
40502,0.17968712394705175
40503,0.22736462093862816
40504,0.9280385078219013
40505,0.8264500601684717
40506,0.7604813477737665
40507,0.60014440433213
40508,0.25773766546329724
40509,0.6660168471720818
40510,0.324043321299639
40511,0.15870036101083032
40512,0.25545126353790615
40513,0.5519374247894103
40514,0.6318170878459687
40515,0.4876534296028881
40516,0.9253188929001204
40517,0.8432009626955475
40518,0.6389651022864019
40519,0.8966305655836342
40520,0.17470517448856798
40521,0.4530445246690734
40522,0.04630565583634176
40523,0.8074849578820698
40524,0.7870998796630566
40525,0.5655595667870036
40526,0.46709987966305655
40527,0.3824789410348977
40528,0.6468110709987966
40529,0.829554753309266
40530,0.3022141997593261
40531,0.8950902527075812
40532,0.4279663056558364
40533,0.9724669073405535
40534,0.6771119133574007
40535,0.5606257521058966
40536,0.016004813477737665
40537,0.4555475330926595
40538,0.8864259927797834
40539,0.12515042117930203
40540,0.8900361010830324
40541,0.11263537906137183
40542,0.005728038507821901
40543,0.11172081829121541
40544,0.653309265944645
40545,0.7908784596871239
40546,0.485150421179302
40547,0.026209386281588448
40548,0.7916486161251504
40549,0.804043321299639
40550,0.24731648616125151
40551,0.038267148014440436
40552,0.9208423586040915
40553,0.8290734055354994
40554,0.6918170878459686
40555,0.7916245487364622
40556,0.6758363417569193
40557,0.7068110709987967
40558,0.9326113116726835
40559,0.6767509025270758
40560,0.9267870036101082
40561,0.5973044524669073
40562,0.4106859205776173
40563,0.9194223826714801
40564,0.9420697954271962
40565,0.6722262334536703
40566,0.6382912154031288
40567,0.1580746089049338
40568,0.11925391095066185
40569,0.8451022864019254
40570,0.16796630565583634
40571,0.17901323706377859
40572,0.5955716004813478
40573,0.4784115523465704
40574,0.35848375451263537
40575,0.5701564380264741
40576,0.31128760529482546
40577,0.13290012033694346
40578,0.0675812274368231
40579,0.1366546329723225
40580,0.35882069795427196
40581,0.7541516245487365
40582,0.8705655836341757
40583,0.7656077015643803
40584,0.6665703971119133
40585,0.8411311672683514
40586,0.28876052948255115
40587,0.8885920577617328
40588,0.5009867629362215
40589,0.8686161251504212
40590,0.7231768953068591
40591,0.3437304452466907
40592,0.9623345367027678
40593,0.1464259927797834
40594,0.4399759326113116
40595,0.9453188929001204
40596,0.4222141997593261
40597,0.7184837545126355
40598,0.3353309265944645
40599,0.3839229843561973
40600,0.5360048134777377
40601,0.8357400722021661
40602,0.4577858002406739
40603,0.10305655836341757
40604,0.11085439229843563
40605,0.9375451263537906
40606,0.14320096269554755
40607,0.038628158844765344
40608,0.23684717208182915
40609,0.3651504211793021
40610,0.9110469314079422
40611,0.46594464500601684
40612,0.3979302045728038
40613,0.41766546329723225
40614,0.0922503008423586
40615,0.33359807460890495
40616,0.7433453670276775
40617,0.21535499398315283
40618,0.07574007220216607
40619,0.7971841155234658
40620,0.4752346570397112
40621,0.8891696750902527
40622,0.8376654632972322
40623,0.3017087845968712
40624,0.5929001203369435
40625,0.6312876052948255
40626,0.7256799037304452
40627,0.7406738868832732
40628,0.41749699157641396
40629,0.523826714801444
40630,0.3783393501805054
40631,0.5434175691937424
40632,0.33176895306859205
40633,0.3376173285198556
40634,0.541540312876053
40635,0.09237063778580024
40636,0.12262334536702768
40637,0.8177617328519855
40638,0.3336462093862816
40639,0.6467148014440434
40640,0.5817328519855596
40641,0.29338146811071
40642,0.4136462093862816
40643,0.8777135980746089
40644,0.03966305655836341
40645,0.12931407942238268
40646,0.9193261131167269
40647,0.9230324909747292
40648,0.9580986762936221
40649,0.0063056558363417566
40650,0.8096028880866426
40651,0.705367027677497
40652,0.44503008423586043
40653,0.3473646209386282
40654,0.4168471720818291
40655,0.3862575210589651
40656,0.6179061371841155
40657,0.6864500601684718
40658,0.49987966305655834
40659,0.9703489771359808
40660,0.06327316486161251
40661,0.16657039711191335
40662,0.19528279181708785
40663,0.9634657039711192
40664,0.9244524669073406
40665,0.2137424789410349
40666,0.39660649819494587
40667,0.06628158844765343
40668,0.22392298435619734
40669,0.1694584837545126
40670,0.03487364620938628
40671,0.024909747292418773
40672,0.5850782190132371
40673,0.1372563176895307
40674,0.06926594464500602
40675,0.2354993983152828
40676,0.7213237063778579
40677,0.12736462093862816
40678,0.9721780986762936
40679,0.8167509025270758
40680,0.8613718411552347
40681,0.014127557160048135
40682,0.2934055354993983
40683,0.24688327316486164
40684,0.9276774969915764
40685,0.3516245487364621
40686,0.37379061371841155
40687,0.6056799037304452
40688,0.2909987966305656
40689,0.7483513838748496
40690,0.5520336943441637
40691,0.4070036101083032
40692,0.08601684717208183
40693,0.5909747292418772
40694,0.4739590854392298
40695,0.8077737665463297
40696,0.31665463297232255
40697,0.7140072202166066
40698,0.21889290012033696
40699,0.7825752105896511
40700,0.04296028880866426
40701,0.5283032490974728
40702,0.6055595667870035
40703,0.20103489771359806
40704,0.9956919374247895
40705,0.906835138387485
40706,0.4193742478941035
40707,0.5847412755716005
40708,0.4683032490974729
40709,0.6215162454873646
40710,0.7272924187725631
40711,0.9953068592057761
40712,0.7712154031287606
40713,0.62
40714,0.469482551143201
40715,0.6713598074608904
40716,0.49456077015643807
40717,0.07075812274368232
40718,0.2668592057761733
40719,0.47862815884476534
40720,0.23309265944645005
40721,0.11793020457280386
40722,0.46146811070998794
40723,0.19157641395908542
40724,0.19277978339350182
40725,0.8191817087845968
40726,0.4020938628158845
40727,0.24883273164861613
40728,0.7129723225030085
40729,0.3796389891696751
40730,0.5638748495788206
40731,0.29222623345367027
40732,0.25845968712394707
40733,0.6832009626955475
40734,0.38014440433213
40735,0.2616125150421179
40736,0.8909987966305656
40737,0.7680866425992781
40738,0.07773766546329723
40739,0.3224789410348977
40740,0.2966064981949459
40741,0.9875812274368231
40742,0.5706137184115523
40743,0.11646209386281589
40744,0.10178098676293622
40745,0.5378820697954272
40746,0.8325391095066186
40747,0.289338146811071
40748,0.6207460890493381
40749,0.6760770156438027
40750,0.14483754512635377
40751,0.1508303249097473
40752,0.027942238267148013
40753,0.13554753309265943
40754,0.4751624548736462
40755,0.21600481347773767
40756,0.08474127557160048
40757,0.6445246690734054
40758,0.9858002406738868
40759,0.5964620938628159
40760,0.9161973525872442
40761,0.6551624548736462
40762,0.07865222623345366
40763,0.13643802647412756
40764,0.21114320096269554
40765,0.8260649819494585
40766,0.605511432009627
40767,0.3066425992779783
40768,0.48098676293622145
40769,0.08565583634175691
40770,0.8201684717208183
40771,0.9394705174488568
40772,0.45229843561973526
40773,0.7831046931407942
40774,0.3798074608904934
40775,0.6466666666666667
40776,0.15095066185318892
40777,0.18481347773766546
40778,0.04844765342960289
40779,0.15451263537906137
40780,0.12483754512635378
40781,0.8515764139590853
40782,0.30423586040914563
40783,0.865583634175692
40784,0.26089049338146814
40785,0.009891696750902526
40786,0.9665944645006017
40787,0.26120336943441635
40788,0.7204091456077015
40789,0.6540072202166065
40790,0.5650300842358604
40791,0.40283995186522265
40792,0.9436823104693141
40793,0.718531889290012
40794,0.11759326113116726
40795,0.35316486161251504
40796,0.14560770156438027
40797,0.4401925391095066
40798,0.7330204572803851
40799,0.18459687123947052
40800,0.21114320096269554
40801,0.4552105896510229
40802,0.7541997593261132
40803,0.8752587244283996
40804,0.08024067388688327
40805,0.5054632972322504
40806,0.08652226233453669
40807,0.2822623345367028
40808,0.37501805054151627
40809,0.44105896510228637
40810,0.11150421179302045
40811,0.06685920577617328
40812,0.3477496991576414
40813,0.21723225030084237
40814,0.34904933814681105
40815,0.223971119133574
40816,0.2393020457280385
40817,0.008712394705174488
40818,0.2703008423586041
40819,0.11492178098676294
40820,0.6545126353790613
40821,0.2668832731648616
40822,0.0989410348977136
40823,0.018676293622141998
40824,0.1235379061371841
40825,0.7558363417569194
40826,0.850589651022864
40827,0.255956678700361
40828,0.11463297232250301
40829,0.4896269554753309
40830,0.30471720818291215
40831,0.13901323706377858
40832,0.8530445246690734
40833,0.3923706377858003
40834,0.858820697954272
40835,0.6785318892900121
40836,0.7535980746089049
40837,0.8501564380264741
40838,0.037930204572803855
40839,0.9080385078219013
40840,0.26914560770156437
40841,0.917280385078219
40842,0.7180746089049338
40843,0.31054151624548737
40844,0.5128279181708784
40845,0.2826233453670277
40846,0.664043321299639
40847,0.503898916967509
40848,0.23800240673886883
40849,0.12594464500601685
40850,0.16406738868832732
40851,0.39198555956678705
40852,0.45778580024067383
40853,0.4339831528279182
40854,0.3973044524669074
40855,0.07663056558363418
40856,0.8173766546329724
40857,0.4600240673886883
40858,0.17927797833935016
40859,0.805511432009627
40860,0.4271239470517449
40861,0.48512635379061375
40862,0.4918892900120337
40863,0.26902527075812277
40864,0.2360529482551143
40865,0.25200962695547535
40866,0.037448856799037304
40867,0.5205054151624549
40868,0.02830324909747292
40869,0.7145367027677497
40870,0.018580024067388685
40871,0.09901323706377857
40872,0.46363417569193743
40873,0.7085920577617328
40874,0.2955716004813478
40875,0.16989169675090254
40876,0.20399518652226234
40877,0.6301083032490975
40878,0.35764139590854394
40879,0.24392298435619736
40880,0.16543922984356196
40881,0.2140072202166065
40882,0.6605776173285198
40883,0.2165824308062575
40884,0.9954993983152829
40885,0.0465222623345367
40886,0.5906377858002407
40887,0.46712394705174487
40888,0.5308062575210589
40889,0.1553309265944645
40890,0.44170878459687124
40891,0.12953068592057762
40892,0.8078459687123947
40893,0.4754271961492178
40894,0.49362214199759324
40895,0.41537906137184116
40896,0.7551865222623345
40897,0.7257039711191335
40898,0.9737184115523465
40899,0.3284476534296029
40900,0.03528279181708785
40901,0.25314079422382674
40902,0.11552346570397112
40903,0.6594464500601684
40904,0.1763898916967509
40905,0.42031287605294826
40906,0.04478941034897714
40907,0.8570637785800241
40908,0.2743441636582431
40909,0.427797833935018
40910,0.7430565583634176
40911,0.3431046931407942
40912,0.17882069795427197
40913,0.5750902527075812
40914,0.6453910950661853
40915,0.22517448856799038
40916,0.03022864019253911
40917,0.3928519855595668
40918,0.24243080625752106
40919,0.784187725631769
40920,0.8703249097472925
40921,0.46250300842358605
40922,0.10462093862815885
40923,0.5739590854392298
40924,0.8859927797833935
40925,0.3698676293622142
40926,0.9496269554753309
40927,0.03371841155234657
40928,0.2009626955475331
40929,0.3785078219013237
40930,0.4621179302045728
40931,0.8537906137184116
40932,0.5923947051744886
40933,0.10750902527075812
40934,0.9039951865222624
40935,0.5564380264741275
40936,0.8097954271961492
40937,0.3888567990373044
40938,0.9282551143200963
40939,0.8127797833935018
40940,0.28442839951865223
40941,0.7393501805054152
40942,0.006642599277978339
40943,0.8995908543922984
40944,0.794271961492178
40945,0.334777376654633
40946,0.19121540312876054
40947,0.4438026474127557
40948,0.2068832731648616
40949,0.20750902527075812
40950,0.41037304452466905
40951,0.6251985559566787
40952,0.3157160048134777
40953,0.8734777376654633
40954,0.8270517448856799
40955,0.22702767749699157
40956,0.9878459687123947
40957,0.999037304452467
40958,0.06036101083032491
40959,0.04659446450060169
40960,0.03831528279181709
40961,0.5029121540312875
40962,0.19306859205776172
40963,0.7278219013237064
40964,0.16454873646209386
40965,0.24373044524669074
40966,0.5103249097472924
40967,0.5555716004813478
40968,0.8309987966305656
40969,0.41090252707581226
40970,0.8242839951865223
40971,0.9052707581227437
40972,0.11768953068592058
40973,0.510661853188929
40974,0.02459687123947052
40975,0.06411552346570397
40976,0.2321540312876053
40977,0.14488567990373047
40978,0.4458243080625752
40979,0.9109747292418773
40980,0.13027677496991577
40981,0.7523225030084235
40982,0.6745848375451264
40983,0.7697472924187725
40984,0.5736221419975933
40985,0.06859205776173286
40986,0.9676052948255114
40987,0.07256317689530686
40988,0.2273164861612515
40989,0.6095066185318894
40990,0.7396149217809868
40991,0.1108303249097473
40992,0.10226233453670278
40993,0.6260890493381468
40994,0.18060168471720817
40995,0.6193261131167268
40996,0.3897713598074609
40997,0.16474127557160048
40998,0.3516486161251504
40999,0.9374007220216607
41000,0.2966064981949459
41001,0.5434175691937424
41002,0.7212996389891697
41003,0.5343441636582431
41004,0.6587966305655837
41005,0.6496269554753309
41006,0.4171841155234657
41007,0.12031287605294824
41008,0.02194945848375451
41009,0.2489771359807461
41010,0.20558363417569195
41011,0.5474608904933815
41012,0.45475330926594465
41013,0.14955475330926593
41014,0.14567990373044526
41015,0.03578820697954272
41016,0.22216606498194946
41017,0.26577617328519854
41018,0.5701323706377858
41019,0.7525150421179302
41020,0.5616606498194945
41021,0.742575210589651
41022,0.5365824308062574
41023,0.555956678700361
41024,0.6934777376654633
41025,0.6876052948255115
41026,0.8198315282791817
41027,0.8598074608904933
41028,0.8059687123947052
41029,0.9593983152827918
41030,0.7114079422382671
41031,0.6101805054151624
41032,0.12469314079422383
41033,0.1631768953068592
41034,0.902791817087846
41035,0.41172081829121543
41036,0.7432009626955476
41037,0.7882551143200963
41038,0.7523225030084235
41039,0.9463778580024067
41040,0.14806257521058963
41041,0.28859205776173286
41042,0.20483754512635377
41043,0.13561973525872442
41044,0.2583874849578821
41045,0.2379783393501805
41046,0.49237063778580026
41047,0.9743441636582431
41048,0.3548255114320096
41049,0.7991095066185319
41050,0.016895306859205775
41051,0.3321058965102286
41052,0.4353549939831528
41053,0.9983152827918171
41054,0.7120818291215403
41055,0.9912394705174489
41056,0.3021901323706378
41057,0.021227436823104694
41058,0.7754031287605295
41059,0.6527797833935018
41060,0.7647894103489772
41061,0.6009386281588447
41062,0.632274368231047
41063,0.605511432009627
41064,0.2576895306859206
41065,0.2340794223826715
41066,0.31087845968712396
41067,0.6228399518652226
41068,0.41915764139590855
41069,0.47008423586040915
41070,0.005607701564380264
41071,0.108014440433213
41072,0.4578820697954272
41073,0.4312394705174489
41074,0.7740794223826715
41075,0.989410348977136
41076,0.562719614921781
41077,0.17164861612515042
41078,0.40957882069795426
41079,0.18445246690734057
41080,0.9414440433212996
41081,0.7796389891696751
41082,0.48409145607701565
41083,0.28851985559566784
41084,0.13725631768953067
41085,0.7422382671480144
41086,0.5516726835138388
41087,0.20125150421179303
41088,0.4949699157641396
41089,0.6061853188929001
41090,0.6097713598074609
41091,0.73971119133574
41092,0.8709025270758123
41093,0.6257521058965102
41094,0.9696991576413959
41095,0.7806738868832732
41096,0.6996630565583635
41097,0.8920818291215403
41098,0.12772563176895307
41099,0.6181227436823105
41100,0.6453910950661853
41101,0.5296750902527076
41102,0.033237063778580024
41103,0.9090252707581228
41104,0.26842358604091454
41105,0.7618531889290012
41106,0.9787966305655836
41107,0.9413718411552348
41108,0.2696510228640192
41109,0.645367027677497
41110,0.15468110709987967
41111,0.037617328519855595
41112,0.7344645006016848
41113,0.41172081829121543
41114,0.6724669073405536
41115,0.4663537906137184
41116,0.46986762936221416
41117,0.25853188929001203
41118,0.2634175691937425
41119,0.09845968712394705
41120,0.2148736462093863
41121,0.4298435619735259
41122,0.12373044524669073
41123,0.8055836341756919
41124,0.7556438026474127
41125,0.10296028880866426
41126,0.46962695547533095
41127,0.8428158844765343
41128,0.6927557160048134
41129,0.8611311672683515
41130,0.04262334536702768
41131,0.8925150421179302
41132,0.8149699157641396
41133,0.6608182912154031
41134,0.8385078219013238
41135,0.33273164861612514
41136,0.24019253910950664
41137,0.9275571600481348
41138,0.4714320096269555
41139,0.6544163658243081
41140,0.4957400722021661
41141,0.3537184115523466
41142,0.7611070998796631
41143,0.2790613718411552
41144,0.4131648616125151
41145,0.2702045728038508
41146,0.39451263537906134
41147,0.025463297232250298
41148,0.1508543922984356
41149,0.45561973525872446
41150,0.5604813477737666
41151,0.9854392298435619
41152,0.05995186522262334
41153,0.4990613718411552
41154,0.8083513838748495
41155,0.8026714801444044
41156,0.7731889290012034
41157,0.7509265944645005
41158,0.03181708784596871
41159,0.3514560770156438
41160,0.9980746089049338
41161,0.8745848375451264
41162,0.9462575210589652
41163,0.7846690734055355
41164,0.41850782190132374
41165,0.49843561973525874
41166,0.2045728038507822
41167,0.06962695547533093
41168,0.647942238267148
41169,0.022743682310469315
41170,0.5441636582430807
41171,0.4360529482551143
41172,0.3590613718411553
41173,0.9405776173285199
41174,0.2580264741275572
41175,0.7506137184115524
41176,0.16447653429602888
41177,0.6765824308062576
41178,0.18425992779783396
41179,0.38286401925391095
41180,0.0018772563176895306
41181,0.6246209386281589
41182,0.6619735258724428
41183,0.6905655836341758
41184,0.23321299638989168
41185,0.3677978339350181
41186,0.8779061371841155
41187,0.7961492178098677
41188,0.37636582430806254
41189,0.6559085439229844
41190,0.5967749699157641
41191,0.47882069795427196
41192,0.6429362214199759
41193,0.4740072202166065
41194,0.6307581227436823
41195,0.2571119133574007
41196,0.442575210589651
41197,0.43660649819494585
41198,0.9229843561973525
41199,0.42803850782190134
41200,0.6870998796630565
41201,0.8715523465703972
41202,0.006377858002406739
41203,0.8975210589651024
41204,0.1966546329723225
41205,0.7910950661853189
41206,0.9051744885679904
41207,0.5210108303249097
41208,0.8416125150421179
41209,0.15583634175691938
41210,0.6889530685920577
41211,0.7630084235860409
41212,0.7416606498194946
41213,0.8659687123947052
41214,0.9637063778580024
41215,0.6631287605294826
41216,0.8972563176895307
41217,0.097352587244284
41218,0.3976173285198556
41219,0.09407942238267147
41220,0.538676293622142
41221,0.8041877256317689
41222,0.47321299638989167
41223,0.13525872442839953
41224,0.14825511432009628
41225,0.4416847172081829
41226,0.569338146811071
41227,0.8676534296028882
41228,0.7466666666666667
41229,0.2962936221419976
41230,0.7351865222623346
41231,0.7095306859205777
41232,0.9328519855595667
41233,0.1770156438026474
41234,0.22373044524669072
41235,0.9345367027677498
41236,0.06955475330926594
41237,0.46125150421179306
41238,0.9814440433212996
41239,0.9451985559566787
41240,0.7142478941034898
41241,0.6686883273164861
41242,0.26028880866425996
41243,0.2987244283995186
41244,0.1156919374247894
41245,0.3206016847172082
41246,0.2714801444043321
41247,0.9463778580024067
41248,0.5509265944645005
41249,0.22770156438026473
41250,0.009121540312876052
41251,0.35432009626955474
41252,0.8803850782190132
41253,0.15285198555956678
41254,0.00457280385078219
41255,0.08389891696750904
41256,0.5725391095066186
41257,0.654705174488568
41258,0.5749699157641396
41259,0.5281107099879663
41260,0.17215403128760529
41261,0.0985800240673887
41262,0.41487364620938627
41263,0.6835138387484958
41264,0.10657039711191335
41265,0.6593983152827918
41266,0.3461131167268351
41267,0.06587244283995186
41268,0.7663537906137183
41269,0.04500601684717208
41270,0.7198074608904934
41271,0.3515282791817088
41272,0.3781468110709988
41273,0.26647412755716005
41274,0.5593742478941035
41275,0.6590132370637786
41276,0.9073164861612515
41277,0.16929001203369434
41278,0.13742478941034897
41279,0.7721058965102287
41280,0.35323706377858
41281,0.7406257521058965
41282,0.5101805054151625
41283,0.916173285198556
41284,0.9473405535499398
41285,0.6583152827918171
41286,0.3829843561973526
41287,0.915884476534296
41288,0.6825511432009628
41289,0.6048375451263538
41290,0.34067388688327316
41291,0.9617087845968713
41292,0.6461131167268351
41293,0.45010830324909745
41294,0.3063297232250301
41295,0.9998074608904933
41296,0.5877737665463297
41297,0.42955475330926596
41298,0.7420457280385078
41299,0.29501805054151625
41300,0.8123947051744886
41301,0.24731648616125151
41302,0.09436823104693141
41303,0.3125872442839952
41304,0.014969915764139592
41305,0.8519374247894103
41306,0.789410348977136
41307,0.8113598074608905
41308,0.309482551143201
41309,0.044861612515042115
41310,0.5338868832731649
41311,0.8726353790613719
41312,0.16310469314079423
41313,0.9350421179302046
41314,0.5237545126353791
41315,0.9420697954271962
41316,0.5936221419975932
41317,0.29809867629362213
41318,0.618531889290012
41319,0.9285679903730445
41320,0.24736462093862815
41321,0.3861853188929001
41322,0.9525391095066185
41323,0.4210108303249097
41324,0.053694344163658245
41325,0.6728519855595667
41326,0.8494584837545126
41327,0.4995186522262335
41328,0.7318170878459687
41329,0.4170637785800241
41330,0.020697954271961493
41331,0.46801444043321294
41332,0.7658724428399519
41333,0.6035860409145608
41334,0.25785800240673884
41335,0.06871239470517448
41336,0.9009386281588447
41337,0.6497232250300842
41338,0.9793501805054152
41339,0.30955475330926596
41340,0.9717930204572804
41341,0.04303249097472924
41342,0.374560770156438
41343,0.3867388688327317
41344,0.8295306859205775
41345,0.4608182912154031
41346,0.23708784596871238
41347,0.009073405535499398
41348,0.40048134777376654
41349,0.5819975932611312
41350,0.3711191335740072
41351,0.7887605294825512
41352,0.04647412755716005
41353,0.7354271961492178
41354,0.6352105896510228
41355,0.4498676293622142
41356,0.9212755716004813
41357,0.26796630565583635
41358,0.2828158844765343
41359,0.8920336943441636
41360,0.981395908543923
41361,0.10365824308062574
41362,0.667870036101083
41363,0.8098194945848376
41364,0.23740072202166063
41365,0.5452707581227436
41366,0.37237063778580026
41367,0.23583634175691937
41368,0.7180264741275572
41369,0.7575210589651022
41370,0.8487845968712395
41371,0.8898676293622142
41372,0.44365824308062574
41373,0.8832490974729241
41374,0.07530685920577618
41375,0.46630565583634176
41376,0.26353790613718414
41377,0.5757160048134777
41378,0.7709265944645005
41379,0.1985800240673887
41380,0.6403128760529482
41381,0.7862575210589651
41382,0.24673886883273166
41383,0.06235860409145608
41384,0.08900120336943441
41385,0.3749699157641396
41386,0.46469314079422386
41387,0.8038267148014441
41388,0.190734055354994
41389,0.6961492178098676
41390,0.47785800240673887
41391,0.25027677496991574
41392,0.16726835138387486
41393,0.5972322503008424
41394,0.6703249097472924
41395,0.450661853188929
41396,0.5445246690734056
41397,0.6799277978339351
41398,0.7138146811070998
41399,0.8007701564380265
41400,0.6212274368231047
41401,0.19872442839951865
41402,0.7657280385078219
41403,0.963754512635379
41404,0.10498194945848377
41405,0.7045968712394706
41406,0.5257521058965102
41407,0.5023826714801444
41408,0.5693862815884476
41409,0.14028880866425994
41410,0.5145126353790613
41411,0.7054873646209386
41412,0.3530204572803851
41413,0.1290734055354994
41414,0.7753790613718412
41415,0.6296750902527075
41416,0.4691456077015644
41417,0.7551624548736462
41418,0.1974488567990373
41419,0.4562214199759326
41420,0.9726113116726836
41421,0.2485439229843562
41422,0.7761732851985559
41423,0.5290734055354994
41424,0.8422141997593261
41425,0.2362214199759326
41426,0.33935018050541516
41427,0.13978339350180508
41428,0.571985559566787
41429,0.798604091456077
41430,0.17634175691937426
41431,0.024452466907340552
41432,0.8565583634175692
41433,0.571985559566787
41434,0.8924909747292419
41435,0.594705174488568
41436,0.29403128760529484
41437,0.6634657039711191
41438,0.4918170878459687
41439,0.0646690734055355
41440,0.15044524669073406
41441,0.19046931407942239
41442,0.2594705174488568
41443,0.030709987966305655
41444,0.9546089049338147
41445,0.4343200962695547
41446,0.1601684717208183
41447,0.03509025270758123
41448,0.7068351383874849
41449,0.13641395908543924
41450,0.7024789410348977
41451,0.49865222623345373
41452,0.6039229843561974
41453,0.7204572803850782
41454,0.8889290012033695
41455,0.9780746089049338
41456,0.34064981949458484
41457,0.5809386281588447
41458,0.9655595667870036
41459,0.3686401925391095
41460,0.13607701564380265
41461,0.20693140794223824
41462,0.871095066185319
41463,0.7517208182912154
41464,0.3202647412755716
41465,0.9865222623345367
41466,0.12560770156438028
41467,0.3719614921780987
41468,0.8580986762936221
41469,0.18206979542719615
41470,0.7086401925391095
41471,0.41309265944645
41472,0.7997352587244284
41473,0.9695547533092659
41474,0.5916486161251504
41475,0.7648134777376655
41476,0.6528038507821902
41477,0.8956438026474127
41478,0.42637785800240674
41479,0.95294825511432
41480,0.03809867629362214
41481,0.7270036101083033
41482,0.7618531889290012
41483,0.7243802647412756
41484,0.4743682310469314
41485,0.14659446450060168
41486,0.9774007220216606
41487,0.03711191335740072
41488,0.8921058965102286
41489,0.3991817087845969
41490,0.5538387484957883
41491,0.7277256317689531
41492,0.08401925391095066
41493,0.33160048134777376
41494,0.7259687123947052
41495,0.8196871239470518
41496,0.9620938628158844
41497,0.6970156438026474
41498,0.19583634175691939
41499,0.9983152827918171
41500,0.33424789410348976
41501,0.1545367027677497
41502,0.8541756919374248
41503,0.548086642599278
41504,0.3833212996389892
41505,0.0148014440433213
41506,0.15696750902527076
41507,0.26630565583634175
41508,0.6108303249097473
41509,0.5316245487364621
41510,0.9644765342960289
41511,0.5175932611311673
41512,0.7994464500601685
41513,0.24206979542719614
41514,0.777858002406739
41515,0.929049338146811
41516,0.8013718411552346
41517,0.01749699157641396
41518,0.08803850782190131
41519,0.2752587244283995
41520,0.2100361010830325
41521,0.2860409145607702
41522,0.9353549939831528
41523,0.8875330926594465
41524,0.16563176895306858
41525,0.28303249097472927
41526,0.024428399518652225
41527,0.9518170878459687
41528,0.291913357400722
41529,0.705294825511432
41530,0.7271720818291215
41531,0.3104211793020457
41532,0.42447653429602894
41533,0.2806979542719615
41534,0.23807460890493382
41535,0.0692418772563177
41536,0.9524187725631769
41537,0.3069314079422383
41538,0.15227436823104692
41539,0.9708784596871239
41540,0.18120336943441637
41541,0.2854873646209386
41542,0.19465703971119136
41543,0.9568712394705174
41544,0.10247894103489771
41545,0.8561251504211793
41546,0.694849578820698
41547,0.9593020457280386
41548,0.44945848375451264
41549,0.4137665463297232
41550,0.8027436823104692
41551,0.8039951865222623
41552,0.2956919374247894
41553,0.4488808664259928
41554,0.014271961492178098
41555,0.9252466907340553
41556,0.8158363417569194
41557,0.11780986762936221
41558,0.25691937424789413
41559,0.34613718411552347
41560,0.7884957882069795
41561,0.9503971119133574
41562,0.15898916967509025
41563,0.08105896510228641
41564,0.8222382671480144
41565,0.3922743682310469
41566,0.07350180505415163
41567,0.4111191335740072
41568,0.12697954271961492
41569,0.6483995186522262
41570,0.2171841155234657
41571,0.6617569193742479
41572,0.7955475330926595
41573,0.8343922984356198
41574,0.15920577617328519
41575,0.562791817087846
41576,0.6966305655836342
41577,0.20856799037304452
41578,0.8579061371841155
41579,0.36594464500601687
41580,0.1964861612515042
41581,0.770373044524669
41582,0.34912154031287607
41583,0.8362214199759326
41584,0.5044765342960289
41585,0.17032490974729242
41586,0.9433212996389893
41587,0.9589410348977137
41588,0.23858002406738868
41589,0.5007942238267148
41590,0.678459687123947
41591,0.8271961492178099
41592,0.5825511432009627
41593,0.6025270758122743
41594,0.8763176895306859
41595,0.20019253910950663
41596,0.0741034897713598
41597,0.7389169675090252
41598,0.8802166064981949
41599,0.5239470517448857
41600,0.005607701564380265
41601,1.0
41602,0.17626955475330927
41603,0.3511672683513839
41604,0.030300842358604092
41605,0.15937424789410348
41606,0.29333333333333333
41607,0.052539109506618525
41608,0.7698676293622142
41609,0.7562695547533093
41610,0.5024308062575211
41611,0.6605776173285198
41612,0.5923706377858002
41613,0.43342960288808663
41614,0.5433212996389891
41615,0.4655595667870036
41616,0.7164380264741276
41617,0.30900120336943443
41618,0.8978580024067389
41619,0.745222623345367
41620,0.530878459687124
41621,0.8881347773766546
41622,0.4954993983152828
41623,0.13773766546329724
41624,0.4253429602888087
41625,0.8329482551143201
41626,0.1445728038507822
41627,0.8272202166064981
41628,0.24772563176895307
41629,0.9778580024067389
41630,0.9222864019253911
41631,0.16661853188929
41632,0.09448856799037304
41633,0.07253910950661853
41634,0.2152587244283995
41635,0.30481347773766543
41636,0.6916967509025271
41637,0.5652466907340553
41638,0.5002406738868832
41639,0.5473886883273165
41640,0.39658243080625755
41641,0.5313116726835139
41642,0.23451263537906136
41643,0.760216606498195
41644,0.9589651022864019
41645,0.4714320096269555
41646,0.9912635379061372
41647,0.2649338146811071
41648,0.9591335740072202
41649,0.8680625752105897
41650,0.612129963898917
41651,0.9229121540312877
41652,0.16637785800240673
41653,0.5984115523465704
41654,0.03270758122743682
41655,0.8708303249097473
41656,0.9408182912154032
41657,0.6612274368231047
41658,0.15311672683513838
41659,0.1555956678700361
41660,0.38697954271961493
41661,0.9130926594464501
41662,0.5725391095066186
41663,0.6856317689530687
41664,0.5457280385078218
41665,0.666979542719615
41666,0.3857521058965102
41667,0.238676293622142
41668,0.8362936221419977
41669,0.5408423586040915
41670,0.48259927797833935
41671,0.5472924187725632
41672,0.12279181708784598
41673,0.6729241877256318
41674,0.4975210589651023
41675,0.01971119133574007
41676,0.5881829121540313
41677,0.8956919374247894
41678,0.4449338146811071
41679,0.2727075812274368
41680,0.04445246690734056
41681,0.3147292418772563
41682,0.21884476534296027
41683,0.6310709987966305
41684,0.42110709987966305
41685,0.5381708784596871
41686,0.5295788206979543
41687,0.27773766546329726
41688,0.9627677496991577
41689,0.6438026474127557
41690,0.06620938628158846
41691,0.24002406738868834
41692,0.4422864019253911
41693,0.48770156438026474
41694,0.02062575210589651
41695,0.6085679903730445
41696,0.7784837545126353
41697,0.9832490974729242
41698,0.0550661853188929
41699,0.06163658243080626
41700,0.2611552346570397
41701,0.5376895306859206
41702,0.2848856799037305
41703,0.27393501805054155
41704,0.905367027677497
41705,0.4635138387484958
41706,0.8274127557160048
41707,0.7046931407942238
41708,0.6989651022864019
41709,0.07561973525872442
41710,0.27063778580024067
41711,0.10548736462093863
41712,0.12531889290012033
41713,0.5398796630565583
41714,0.9242358604091456
41715,0.154705174488568
41716,0.24021660649819493
41717,0.018146811070998796
41718,0.05590854392298436
41719,0.9832972322503009
41720,0.06098676293622142
41721,0.40392298435619733
41722,0.9381227436823105
41723,0.9528038507821901
41724,0.4314079422382672
41725,0.989193742478941
41726,0.7358604091456078
41727,0.1579061371841155
41728,0.17927797833935016
41729,0.22057761732851985
41730,0.6595186522262334
41731,0.5694825511432009
41732,0.5138387484957883
41733,0.957280385078219
41734,0.15677496991576412
41735,0.9817809867629362
41736,0.4715042117930205
41737,0.8508303249097473
41738,0.2985559566787004
41739,0.9898435619735259
41740,0.39865222623345364
41741,0.7277978339350181
41742,0.41783393501805055
41743,0.4464259927797834
41744,0.6950661853188929
41745,0.48948255114320094
41746,0.5510709987966306
41747,0.6995908543922984
41748,0.5425511432009626
41749,0.7278219013237064
41750,0.057906137184115525
41751,0.4358604091456077
41752,0.5046450060168471
41753,0.5902286401925392
41754,0.5500842358604091
41755,0.7502286401925391
41756,0.17143200962695548
41757,0.8592298435619735
41758,0.01605294825511432
41759,0.35155234657039713
41760,0.36652226233453666
41761,0.8610348977135981
41762,0.19581227436823107
41763,0.333164861612515
41764,0.7430565583634176
41765,0.949049338146811
41766,0.7965583634175692
41767,0.6282551143200963
41768,0.6211552346570397
41769,0.8765824308062575
41770,0.9932611311672683
41771,0.9032731648616126
41772,0.8426714801444043
41773,0.5830084235860409
41774,0.05776173285198556
41775,0.10969915764139591
41776,0.6889771359807462
41777,0.5289290012033694
41778,0.9783393501805054
41779,0.45256317689530684
41780,0.102719614921781
41781,0.33256317689530684
41782,0.9544404332129964
41783,0.5273405535499398
41784,0.8701805054151625
41785,0.6020457280385079
41786,0.15275571600481347
41787,0.2891696750902527
41788,0.17265944645006018
41789,0.4373285198555957
41790,0.822647412755716
41791,0.030180505415162453
41792,0.09713598074608905
41793,0.6547292418772563
41794,0.3491696750902527
41795,0.13711191335740072
41796,0.34269554753309267
41797,0.7643561973525872
41798,0.4688808664259928
41799,0.13352587244283995
41800,0.05097472924187726
41801,0.35516245487364617
41802,0.6006257521058965
41803,0.12293622141997593
41804,0.38534296028880866
41805,0.708158844765343
41806,0.8996149217809868
41807,0.5603128760529483
41808,0.2111913357400722
41809,0.680072202166065
41810,0.04900120336943442
41811,0.3407942238267148
41812,0.4237545126353791
41813,0.28187725631768956
41814,0.7816125150421179
41815,0.07554753309265944
41816,0.6060409145607701
41817,0.8518170878459688
41818,0.9206257521058965
41819,0.5910709987966306
41820,0.4735018050541516
41821,0.5885198555956679
41822,0.08452466907340553
41823,0.017087845968712392
41824,0.8760770156438027
41825,0.10132370637785801
41826,0.9680625752105896
41827,0.7137665463297231
41828,0.27371841155234655
41829,0.2939831528279182
41830,0.8701805054151625
41831,0.09169675090252707
41832,0.3242839951865223
41833,0.32283995186522263
41834,0.5165102286401926
41835,0.3461853188929001
41836,0.16401925391095065
41837,0.7912635379061372
41838,0.9803369434416366
41839,0.47607701564380267
41840,0.164043321299639
41841,0.5989891696750902
41842,0.1645006016847172
41843,0.28989169675090254
41844,0.7548255114320096
41845,0.8549939831528279
41846,0.16596871239470518
41847,0.9576895306859206
41848,0.7147292418772563
41849,0.8102767749699158
41850,0.3185559566787004
41851,0.5143682310469314
41852,0.13643802647412756
41853,0.06074608904933815
41854,0.30274368231046933
41855,0.7209145607701564
41856,0.4248616125150421
41857,0.5320818291215403
41858,0.15901323706377857
41859,0.6092178098676293
41860,0.7191095066185319
41861,0.35453670276774973
41862,0.9710469314079422
41863,0.3758604091456077
41864,0.3758604091456077
41865,0.9463778580024067
41866,0.42657039711191336
41867,0.20320096269554755
41868,0.07922984356197352
41869,0.796028880866426
41870,0.706257521058965
41871,0.4514560770156438
41872,0.37793020457280385
41873,0.27870036101083034
41874,0.5180264741275571
41875,0.7608182912154031
41876,0.8047653429602888
41877,0.9637063778580024
41878,0.15689530685920577
41879,0.43131167268351384
41880,0.3633694344163658
41881,0.6998315282791816
41882,0.8930926594464501
41883,0.1193020457280385
41884,0.5612274368231047
41885,0.0015643802647412755
41886,0.915884476534296
41887,0.8840192539109506
41888,0.006618531889290012
41889,0.8936943441636582
41890,0.3938628158844765
41891,0.5769434416365824
41892,0.8934777376654632
41893,0.7068110709987967
41894,0.8008423586040914
41895,0.4075571600481348
41896,0.49954271961492175
41897,0.21006016847172082
41898,0.9261853188929001
41899,0.8195908543922985
41900,0.2902767749699158
41901,0.6097472924187726
41902,0.8950421179302046
41903,0.40575210589651023
41904,0.9857039711191335
41905,0.5703971119133574
41906,0.965439229843562
41907,0.6764139590854392
41908,0.9168471720818291
41909,0.03350180505415162
41910,0.4251263537906137
41911,0.8967027677496993
41912,0.7818772563176895
41913,0.7923947051744886
41914,0.5735018050541516
41915,0.8876534296028882
41916,0.6823826714801444
41917,0.09412755716004814
41918,0.03095066185318893
41919,0.6156678700361011
41920,0.36984356197352586
41921,0.3757160048134778
41922,0.12324909747292419
41923,0.15499398315282792
41924,0.9492418772563177
41925,0.6279181708784597
41926,0.8967027677496991
41927,0.6624067388688327
41928,0.22815884476534298
41929,0.7923225030084236
41930,0.8767749699157641
41931,0.23759326113116727
41932,0.3630084235860409
41933,0.9895788206979543
41934,0.39833935018050537
41935,0.854705174488568
41936,0.2766305655836342
41937,0.9073886883273165
41938,0.8290974729241878
41939,0.1310950661853189
41940,0.5752587244283995
41941,0.3007220216606498
41942,0.5658965102286402
41943,0.6027677496991577
41944,0.8005294825511432
41945,0.16832731648616125
41946,0.7493381468110709
41947,0.9634175691937424
41948,0.8855354993983153
41949,0.08685920577617329
41950,0.8307821901323706
41951,0.03595667870036101
41952,0.18055354993983153
41953,0.5416125150421179
41954,0.03241877256317689
41955,0.681323706377858
41956,0.22194945848375452
41957,0.058170878459687124
41958,0.043176895306859205
41959,0.5444524669073405
41960,0.5295066185318893
41961,0.32827918170878456
41962,0.06909747292418772
41963,0.29819494584837547
41964,0.5847412755716004
41965,0.7848375451263538
41966,0.8696269554753309
41967,0.4387725631768953
41968,0.010108303249097473
41969,0.9866185318892899
41970,0.4067148014440433
41971,0.5242117930204573
41972,0.42231046931407945
41973,0.348086642599278
41974,0.6912394705174489
41975,0.2210589651022864
41976,0.4369915764139591
41977,0.8365342960288809
41978,0.13494584837545126
41979,0.6247894103489771
41980,0.8059687123947052
41981,0.7661612515042118
41982,0.8605776173285199
41983,0.3290012033694344
41984,0.46137184115523466
41985,0.25217809867629365
41986,0.29679903730445245
41987,0.9253429602888087
41988,0.8459927797833935
41989,0.16623345367027675
41990,0.9273886883273166
41991,0.1408904933814681
41992,0.3362695547533092
41993,0.4178820697954272
41994,0.5879181708784598
41995,0.9171841155234657
41996,0.8200240673886883
41997,0.2524187725631769
41998,0.5735980746089049
41999,0.5801203369434416
42000,0.04435619735258725
42001,0.5106618531889291
42002,0.5106377858002407
42003,0.9050541516245487
42004,0.539037304452467
42005,0.20584837545126353
42006,0.35648616125150423
42007,0.6470758122743683
42008,0.1941997593261131
42009,0.1419253910950662
42010,0.6661853188929001
42011,0.9939350180505415
42012,0.2131407942238267
42013,0.764332129963899
42014,0.7056317689530686
42015,0.1849578820697954
42016,0.11015643802647412
42017,0.10204572803850782
42018,0.22815884476534296
42019,0.9956438026474128
42020,0.9223104693140793
42021,0.8254632972322503
42022,0.8110709987966306
42023,0.6555956678700361
42024,0.07918170878459688
42025,0.7410108303249097
42026,0.5651504211793021
42027,0.30175691937424787
42028,0.889049338146811
42029,0.08012033694344164
42030,0.9790854392298436
42031,0.2778098676293622
42032,0.2959085439229844
42033,0.673309265944645
42034,0.7389169675090252
42035,0.96661853188929
42036,0.34077015643802644
42037,0.558387484957882
42038,0.38613718411552345
42039,0.8319374247894104
42040,0.06416365824308062
42041,0.771696750902527
42042,0.4524909747292419
42043,0.9130445246690734
42044,0.4524428399518652
42045,0.6573285198555956
42046,0.4457521058965102
42047,0.6665703971119133
42048,0.9395427196149218
42049,0.4382430806257521
42050,0.9113116726835138
42051,0.4078459687123947
42052,0.8998796630565584
42053,0.9649097472924187
42054,0.9805776173285199
42055,0.9675090252707581
42056,0.11020457280385079
42057,0.13200962695547533
42058,0.1462334536702768
42059,0.6789410348977136
42060,0.016991576413959087
42061,0.43354993983152823
42062,0.5870036101083033
42063,0.685294825511432
42064,0.6489771359807461
42065,0.8814440433212997
42066,0.3630084235860409
42067,0.9759566787003611
42068,0.8443561973525873
42069,0.8676534296028882
42070,0.7701323706377858
42071,0.7130445246690734
42072,0.12146811070998798
42073,0.7532851985559567
42074,0.19169675090252708
42075,0.8172563176895307
42076,0.24074608904933814
42077,0.8154271961492179
42078,0.6565583634175691
42079,0.773309265944645
42080,0.13237063778580024
42081,0.6305655836341757
42082,0.5483273164861613
42083,0.6401925391095067
42084,0.9629602888086642
42085,0.4849819494584838
42086,0.46226233453670273
42087,0.4411552346570397
42088,0.23906137184115522
42089,0.7487605294825511
42090,0.7525391095066185
42091,0.8946089049338146
42092,0.4368231046931408
42093,0.14531889290012034
42094,0.6655354993983154
42095,0.7542960288808664
42096,0.24618531889290013
42097,0.8280625752105897
42098,0.9883513838748497
42099,0.043778580024067384
42100,0.19506618531889292
42101,0.5210108303249097
42102,0.13008423586040915
42103,0.269338146811071
42104,0.03056558363417569
42105,0.7517208182912154
42106,0.3415884476534296
42107,0.0444043321299639
42108,0.2703971119133574
42109,0.004669073405535499
42110,0.4503730445246691
42111,0.4924187725631769
42112,0.4895547533092659
42113,0.5851744885679904
42114,0.7128760529482552
42115,0.021756919374247893
42116,0.47870036101083036
42117,0.08892900120336944
42118,0.7280625752105896
42119,0.5968712394705175
42120,0.32161251504211796
42121,0.05980746089049338
42122,0.4387725631768953
42123,0.4527797833935018
42124,0.9909747292418772
42125,0.8988447653429603
42126,0.2476534296028881
42127,0.8346811070998796
42128,0.34348977135980746
42129,0.464043321299639
42130,0.19809867629362216
42131,0.7221660649819495
42132,0.07711191335740072
42133,0.7157641395908544
42134,0.12849578820697954
42135,0.14789410348977136
42136,0.21143200962695546
42137,0.9229843561973525
42138,0.3417328519855596
42139,0.8386281588447654
42140,0.4306377858002407
42141,0.7311672683513839
42142,0.7855354993983152
42143,0.3261612515042118
42144,0.5520818291215404
42145,0.878531889290012
42146,0.8858965102286402
42147,0.39718411552346566
42148,0.3845006016847172
42149,0.6727797833935019
42150,0.6384115523465703
42151,0.6249578820697954
42152,0.053790613718411553
42153,0.809554753309266
42154,0.3267870036101083
42155,0.21097472924187727
42156,0.6092418772563177
42157,0.5712635379061372
42158,0.1928760529482551
42159,0.7123706377858002
42160,0.817424789410349
42161,0.644404332129964
42162,0.5641636582430807
42163,0.5799037304452467
42164,0.7376173285198556
42165,0.44962695547533094
42166,0.5230565583634175
42167,0.5761251504211793
42168,0.9892659446450061
42169,0.8953549939831529
42170,0.8142478941034897
42171,0.24024067388688328
42172,0.907942238267148
42173,0.14700361010830326
42174,0.9394705174488569
42175,0.21793020457280385
42176,0.7940794223826715
42177,0.3903489771359807
42178,0.9760529482551143
42179,0.6443561973525873
42180,0.6154753309265945
42181,0.5590613718411552
42182,0.4063056558363417
42183,0.5683995186522262
42184,0.5849338146811072
42185,0.20762936221419975
42186,0.8998315282791817
42187,0.26117930204572803
42188,0.8493862815884476
42189,0.1830084235860409
42190,0.08361010830324911
42191,0.8048134777376654
42192,0.41985559566787
42193,0.8254151624548736
42194,0.19939831528279184
42195,0.5472202166064981
42196,0.10067388688327317
42197,0.9411070998796631
42198,0.3829121540312876
42199,0.3977858002406739
42200,0.3578098676293622
42201,0.38580024067388685
42202,0.6709506618531889
42203,0.31316486161251506
42204,0.1322262334536703
42205,0.8663297232250301
42206,0.30279181708784597
42207,0.37386281588447656
42208,0.8246209386281589
42209,0.1214921780986763
42210,0.7260890493381469
42211,0.15598074608904935
42212,0.9612274368231046
42213,0.6876052948255114
42214,0.9275812274368231
42215,0.6958363417569193
42216,0.2348014440433213
42217,0.30575210589651025
42218,0.33766546329723224
42219,0.09658243080625753
42220,0.13778580024067388
42221,0.8974969915764139
42222,0.6462815884476534
42223,0.5990373044524668
42224,0.9743682310469315
42225,0.3168231046931408
42226,0.7797352587244284
42227,0.3949699157641396
42228,0.9046931407942238
42229,0.37446450060168474
42230,0.7934055354993983
42231,0.32043321299638994
42232,0.7483032490974729
42233,0.49419975932611315
42234,0.29643802647412754
42235,0.6114079422382672
42236,0.4579542719614922
42237,0.4620697954271962
42238,0.6661371841155235
42239,0.14418772563176896
42240,0.05583634175691938
42241,0.9516245487364621
42242,0.262719614921781
42243,0.3356438026474128
42244,0.28315282791817087
42245,0.33802647412755715
42246,0.13095066185318893
42247,0.9677496991576414
42248,0.9577858002406738
42249,0.37694344163658244
42250,0.7471961492178099
42251,0.39800240673886883
42252,0.8005294825511432
42253,0.3196389891696751
42254,0.9596871239470517
42255,0.5878219013237065
42256,0.7534055354993983
42257,0.2537424789410349
42258,0.9268110709987967
42259,0.309265944645006
42260,0.46115523465703967
42261,0.0918170878459687
42262,0.5012274368231047
42263,0.9750661853188929
42264,0.29631768953068593
42265,0.3907099879663056
42266,0.791696750902527
42267,0.2685439229843562
42268,0.5065944645006017
42269,0.8518892900120337
42270,0.5503971119133575
42271,0.7975932611311674
42272,0.8614921780986763
42273,0.6315042117930205
42274,0.37412755716004814
42275,0.104043321299639
42276,0.4953790613718412
42277,0.08897713598074608
42278,0.2057280385078219
42279,0.8928760529482551
42280,0.47605294825511435
42281,0.941468110709988
42282,0.7936943441636582
42283,0.0792057761732852
42284,0.7456317689530686
42285,0.9710950661853189
42286,0.094705174488568
42287,0.030373044524669074
42288,0.4263297232250301
42289,0.7206498194945848
42290,0.15826714801444042
42291,0.5106137184115523
42292,0.630589651022864
42293,0.6367027677496991
42294,0.2828640192539109
42295,0.3754271961492178
42296,0.43037304452466907
42297,0.24527075812274368
42298,0.7625270758122744
42299,0.5098676293622142
42300,0.8484717208182913
42301,0.130661853188929
42302,0.21932611311672684
42303,0.09684717208182912
42304,0.9230565583634176
42305,0.8806979542719615
42306,0.5524187725631768
42307,0.7006498194945848
42308,0.6647894103489771
42309,0.23776173285198554
42310,0.011985559566787003
42311,0.8384837545126353
42312,0.22079422382671482
42313,0.8899398315282792
42314,0.43054151624548737
42315,0.6055354993983153
42316,0.4854632972322503
42317,0.5394223826714801
42318,0.6194705174488568
42319,0.6728760529482551
42320,0.2448375451263538
42321,0.4448856799037304
42322,0.5912394705174489
42323,0.7913838748495788
42324,0.21889290012033696
42325,0.2231768953068592
42326,0.6744163658243081
42327,0.3408664259927798
42328,0.286546329723225
42329,0.5354993983152827
42330,0.4432972322503008
42331,0.7548495788206979
42332,0.3694344163658243
42333,0.32223826714801446
42334,0.30630565583634173
42335,0.4211311672683514
42336,0.4614199759326113
42337,0.5812755716004814
42338,0.8554993983152828
42339,0.47525872442839956
42340,0.06399518652226233
42341,0.3194945848375451
42342,0.40096269554753305
42343,0.09133574007220216
42344,0.6665944645006017
42345,0.9938628158844766
42346,0.9461612515042117
42347,0.6907099879663057
42348,0.541323706377858
42349,0.3224548736462094
42350,0.41299638989169674
42351,0.38452466907340555
42352,0.5916486161251504
42353,0.32262334536702764
42354,0.16016847172081827
42355,0.8903489771359807
42356,0.40515042117930206
42357,0.4012274368231047
42358,0.5595667870036101
42359,0.8478941034897713
42360,0.7266425992779784
42361,0.5414921780986763
42362,0.43133574007220216
42363,0.7938868832731649
42364,0.9442358604091456
42365,0.07383874849578821
42366,0.2617569193742479
42367,0.9461853188929001
42368,0.9616847172081828
42369,0.3223586040914561
42370,0.345222623345367
42371,0.3860890493381468
42372,0.5098676293622142
42373,0.5488567990373046
42374,0.6422864019253911
42375,0.05429602888086643
42376,0.24192539109506617
42377,0.5548977135980746
42378,0.34286401925391097
42379,0.3466666666666667
42380,0.06892900120336944
42381,0.5698916967509025
42382,0.10868832731648616
42383,0.8981708784596871
42384,0.5656317689530685
42385,0.1971600481347774
42386,0.04081829121540313
42387,0.791913357400722
42388,0.5511913357400722
42389,0.2716245487364621
42390,0.430517448856799
42391,0.3152346570397112
42392,0.12755716004813478
42393,0.6902045728038508
42394,0.29848375451263537
42395,0.841540312876053
42396,0.502430806257521
42397,0.10981949458483756
42398,0.007196149217809868
42399,0.7287605294825511
42400,0.9570637785800241
42401,0.7448856799037304
42402,0.7019494584837545
42403,0.38173285198555956
42404,0.8518411552346571
42405,0.6784837545126354
42406,0.73309265944645
42407,0.4954031287605295
42408,0.6619494584837545
42409,0.609121540312876
42410,0.6857761732851986
42411,0.35056558363417567
42412,0.8916726835138388
42413,0.9458002406738869
42414,0.3549699157641396
42415,0.31696750902527077
42416,0.9819253910950662
42417,0.4472924187725632
42418,0.9540553549939832
42419,0.5662815884476535
42420,0.47333333333333333
42421,0.5190854392298436
42422,0.37015643802647413
42423,0.6524669073405536
42424,0.3842599277978339
42425,0.27619735258724426
42426,0.6164620938628159
42427,0.7095788206979543
42428,0.4060890493381468
42429,0.0976173285198556
42430,0.08666666666666667
42431,0.22567990373044525
42432,0.8697472924187726
42433,0.3317930204572804
42434,0.5535499398315282
42435,0.6129723225030084
42436,0.48717208182912153
42437,0.9234175691937425
42438,0.39335740072202163
42439,0.7597593261131168
42440,0.4490252707581227
42441,0.19061371841155234
42442,0.7585800240673888
42443,0.18324909747292417
42444,0.6233694344163658
42445,0.4742478941034898
42446,0.32883273164861615
42447,0.14377858002406738
42448,0.2428158844765343
42449,0.6407942238267148
42450,0.2401684717208183
42451,0.3929963898916967
42452,0.6852466907340553
42453,0.7512394705174489
42454,0.3890493381468111
42455,0.8262815884476534
42456,0.2781468110709988
42457,0.2771119133574007
42458,0.04450060168471721
42459,0.5296750902527076
42460,0.9614921780986763
42461,0.54661853188929
42462,0.5075330926594465
42463,0.9059205776173285
42464,0.9485679903730445
42465,0.9883995186522263
42466,0.679638989169675
42467,0.4377617328519856
42468,0.8691696750902527
42469,0.7086401925391095
42470,0.6404813477737665
42471,0.6218531889290012
42472,0.6522503008423586
42473,0.7838267148014441
42474,0.3641636582430806
42475,0.5312394705174488
42476,0.3887123947051745
42477,0.5219975932611312
42478,0.957280385078219
42479,0.8683995186522262
42480,0.2578339350180505
42481,0.5135018050541517
42482,0.27951865222623345
42483,0.7762936221419976
42484,0.7503489771359808
42485,0.852057761732852
42486,0.931624548736462
42487,0.8809867629362214
42488,0.5821660649819494
42489,0.5754512635379061
42490,0.7431768953068592
42491,0.9326353790613718
42492,0.9961251504211793
42493,0.822864019253911
42494,0.09696750902527076
42495,0.42375451263537905
42496,0.8739109506618532
42497,0.483826714801444
42498,0.4060890493381468
42499,0.49114320096269554
42500,0.39622141997593263
42501,0.13959085439229843
42502,0.48409145607701565
42503,0.9916004813477737
42504,0.5927797833935018
42505,0.17809867629362214
42506,0.971696750902527
42507,0.49217809867629364
42508,0.4403610108303249
42509,0.5190613718411552
42510,0.010060168471720818
42511,0.8448375451263538
42512,0.3438748495788207
42513,0.8357160048134777
42514,0.005968712394705174
42515,0.491985559566787
42516,0.37785800240673884
42517,0.21870036101083035
42518,0.24373044524669074
42519,0.16074608904933815
42520,0.036606498194945845
42521,0.8665222623345367
42522,0.15643802647412755
42523,0.06851985559566787
42524,0.6334055354993984
42525,0.9548255114320097
42526,0.877063778580024
42527,0.5223104693140794
42528,0.23102286401925393
42529,0.8453188929001203
42530,0.23037304452466906
42531,0.21706377858002407
42532,0.7187966305655836
42533,0.3277737665463297
42534,0.34021660649819496
42535,0.002310469314079422
42536,0.8929963898916968
42537,0.4449338146811071
42538,0.38072202166064983
42539,0.36536702767749696
42540,0.8368953068592058
42541,0.19169675090252708
42542,0.530734055354994
42543,0.35511432009626953
42544,0.6685679903730446
42545,0.6506859205776173
42546,0.8522503008423585
42547,0.8392779783393503
42548,0.5996871239470517
42549,0.40214199759326114
42550,0.5260409145607702
42551,0.4429843561973526
42552,0.9234175691937425
42553,0.6901083032490976
42554,0.11133574007220218
42555,0.5274608904933815
42556,0.4746089049338147
42557,0.15747292418772563
42558,0.0402647412755716
42559,0.5198796630565583
42560,0.7627436823104694
42561,0.6786522262334537
42562,0.497352587244284
42563,0.25314079422382674
42564,0.7735018050541516
42565,0.09217809867629362
42566,0.1508543922984356
42567,0.39109506618531886
42568,0.44878459687123945
42569,0.2773044524669073
42570,0.9364620938628159
42571,0.3515282791817088
42572,0.38799037304452466
42573,0.4435860409145608
42574,0.992057761732852
42575,0.30700361010830324
42576,0.49379061371841154
42577,0.8686642599277978
42578,0.3086401925391095
42579,0.23429602888086642
42580,0.02125150421179302
42581,0.8582912154031288
42582,0.16779783393501804
42583,0.06149217809867629
42584,0.5173285198555957
42585,0.05752105896510228
42586,0.6476774969915764
42587,0.2440673886883273
42588,0.32876052948255113
42589,0.048327316486161245
42590,0.5152587244283995
42591,0.017184115523465705
42592,0.7901323706377859
42593,0.8923706377858003
42594,0.9365342960288808
42595,0.9895066185318893
42596,0.7175210589651023
42597,0.5796871239470518
42598,0.07261131167268352
42599,0.6659205776173285
42600,0.16806257521058965
42601,0.6090493381468112
42602,0.3830084235860409
42603,0.026257521058965103
42604,0.19829121540312877
42605,0.6581468110709987
42606,0.8083995186522261
42607,0.6514560770156438
42608,0.928014440433213
42609,0.6180264741275572
42610,0.48741275571600484
42611,0.2505655836341757
42612,0.6869314079422383
42613,0.17509025270758122
42614,0.7716726835138388
42615,0.8955475330926594
42616,0.5395908543922985
42617,0.5751143200962696
42618,0.007148014440433213
42619,0.43172081829121545
42620,0.6419975932611311
42621,0.9603128760529482
42622,0.7110950661853188
42623,0.21797833935018052
42624,0.530806257521059
42625,0.43629362214199763
42626,0.47879663056558364
42627,0.5210830324909748
42628,0.37212996389891695
42629,0.9694344163658244
42630,0.37280385078219014
42631,0.5118652226233453
42632,0.5871720818291215
42633,0.35200962695547533
42634,0.7702286401925391
42635,0.4686642599277978
42636,0.17458483754512635
42637,0.29966305655836345
42638,0.30868832731648616
42639,0.10859205776173286
42640,0.12009626955475332
42641,0.3325391095066185
42642,0.20469314079422382
42643,0.6437304452466908
42644,0.2126835138387485
42645,0.14984356197352589
42646,0.03790613718411552
42647,0.2969193742478941
42648,0.04878459687123947
42649,0.44194945848375455
42650,0.4121780986762936
42651,0.9513598074608904
42652,0.8148014440433213
42653,0.19111913357400723
42654,0.4268592057761733
42655,0.9236582430806257
42656,0.48789410348977136
42657,0.30125150421179303
42658,0.39157641395908543
42659,0.6213959085439229
42660,0.4274608904933815
42661,0.8836341756919375
42662,0.07417569193742479
42663,0.978820697954272
42664,0.1966546329723225
42665,0.5453188929001204
42666,0.3450541516245488
42667,0.06
42668,0.8707099879663056
42669,0.25521058965102283
42670,0.6880625752105896
42671,0.5688086642599277
42672,0.8250782190132371
42673,0.007148014440433214
42674,0.8927797833935018
42675,0.5988447653429603
42676,0.15523465703971118
42677,0.9570878459687124
42678,0.49547533092659446
42679,0.4473886883273165
42680,0.33504211793020455
42681,0.19771359807460892
42682,0.2569915764139591
42683,0.20519855595667869
42684,0.6738628158844766
42685,0.6007701564380264
42686,0.7318892900120337
42687,0.9581227436823105
42688,0.7165824308062575
42689,0.12120336943441637
42690,0.4653429602888086
42691,0.8857761732851985
42692,0.3636823104693141
42693,0.421251504211793
42694,0.6363898916967509
42695,0.8980264741275572
42696,0.04888086642599278
42697,0.0641395908543923
42698,0.9362936221419975
42699,0.5129241877256318
42700,0.783008423586041
42701,0.5537906137184115
42702,0.23785800240673888
42703,0.8728038507821901
42704,0.04635379061371841
42705,0.4685198555956679
42706,0.7468592057761734
42707,0.19054151624548737
42708,0.5524669073405535
42709,0.4606257521058965
42710,0.7644043321299638
42711,0.9243802647412755
42712,0.35051744885679903
42713,0.9296991576413959
42714,0.34762936221419977
42715,0.6769434416365825
42716,0.2651022864019254
42717,0.24134777376654634
42718,0.12209386281588448
42719,0.47008423586040915
42720,0.339927797833935
42721,0.7980505415162455
42722,0.2651263537906137
42723,0.5790854392298436
42724,0.027075812274368234
42725,0.9422141997593261
42726,0.8876534296028881
42727,0.16567990373044522
42728,0.47783393501805055
42729,0.07728038507821902
42730,0.7967509025270758
42731,0.8993261131167268
42732,0.5478941034897713
42733,0.3132851985559567
42734,0.8764380264741276
42735,0.22741275571600483
42736,0.9616365824308062
42737,0.49598074608904935
42738,0.9683273164861612
42739,0.7027436823104694
42740,0.12849578820697954
42741,0.6272924187725633
42742,0.5502767749699158
42743,0.029193742478941034
42744,0.4082551143200963
42745,0.40214199759326114
42746,0.8341275571600482
42747,0.40166064981949456
42748,0.36163658243080626
42749,0.45689530685920576
42750,0.0019735258724428396
42751,0.13095066185318893
42752,0.7676774969915764
42753,0.7282551143200963
42754,0.6280866425992779
42755,0.9592539109506619
42756,0.2889049338146811
42757,0.6436582430806257
42758,0.4396630565583634
42759,0.4895306859205776
42760,0.6810589651022865
42761,0.5563658243080626
42762,0.4022382671480144
42763,0.5179542719614922
42764,0.9407460890493382
42765,0.47566787003610106
42766,0.2272202166064982
42767,0.45819494584837545
42768,0.6749458483754512
42769,0.922430806257521
42770,0.12815884476534295
42771,0.21614921780986762
42772,0.9592539109506618
42773,0.7005054151624549
42774,0.6956919374247894
42775,0.9097232250300842
42776,0.6417809867629363
42777,0.5221179302045728
42778,0.17872442839951866
42779,0.6481107099879663
42780,0.5744404332129964
42781,0.40438026474127553
42782,0.31345367027677495
42783,0.60719614921781
42784,0.2002888086642599
42785,0.9521299638989169
42786,0.09954271961492178
42787,0.4767990373044525
42788,0.5214921780986763
42789,0.19788206979542722
42790,0.70690734055355
42791,0.30849578820697954
42792,0.8892418772563178
42793,0.8500120336943442
42794,0.2034416365824308
42795,0.6584356197352588
42796,0.4285439229843562
42797,0.6228158844765344
42798,0.19215403128760528
42799,0.2631046931407942
42800,0.9830806257521059
42801,0.182647412755716
42802,0.5238748495788207
42803,0.4518652226233454
42804,0.43723225030084234
42805,0.8475812274368231
42806,0.05299638989169675
42807,0.9694584837545126
42808,0.7276052948255114
42809,0.38452466907340555
42810,0.13364620938628158
42811,0.4366305655836342
42812,0.295884476534296
42813,0.4258002406738869
42814,0.15581227436823106
42815,0.05176895306859206
42816,0.5474127557160048
42817,0.12028880866425992
42818,0.5396389891696751
42819,0.044741275571600486
42820,0.9722984356197353
42821,0.9730926594464501
42822,0.9562936221419975
42823,0.9650060168471721
42824,0.6141516245487364
42825,0.9677015643802647
42826,0.5680625752105897
42827,0.17412755716004813
42828,0.017833935018050542
42829,0.5096028880866426
42830,0.08693140794223828
42831,0.14411552346570397
42832,0.031528279181708786
42833,0.930878459687124
42834,0.5190373044524669
42835,0.09025270758122744
42836,0.7676052948255114
42837,0.3069554753309266
42838,0.20156438026474127
42839,0.6665222623345367
42840,0.7765824308062574
42841,0.36628158844765346
42842,0.5377135980746088
42843,0.4097472924187726
42844,0.006955475330926594
42845,0.587797833935018
42846,0.5795186522262334
42847,0.10438026474127557
42848,0.6597111913357401
42849,0.057063778580024066
42850,0.9912394705174489
42851,0.2304693140794224
42852,0.5345848375451263
42853,0.08524669073405536
42854,0.6259205776173284
42855,0.5376173285198556
42856,0.6488327316486161
42857,0.6108543922984356
42858,0.3801684717208183
42859,0.4765824308062575
42860,0.6333574007220217
42861,0.9363898916967509
42862,0.13335740072202168
42863,0.8200481347773767
42864,0.9983152827918171
42865,0.3734296028880867
42866,0.5172322503008424
42867,0.7869795427196149
42868,0.6679663056558364
42869,0.5922021660649819
42870,0.29600481347773766
42871,0.2979061371841155
42872,0.8295788206979543
42873,0.011383874849578821
42874,0.669193742478941
42875,0.30324909747292417
42876,0.708303249097473
42877,0.23971119133574006
42878,0.1403610108303249
42879,0.8447172081829122
42880,0.6254873646209387
42881,0.30524669073405536
42882,0.32320096269554754
42883,0.0903008423586041
42884,0.06695547533092659
42885,0.6784356197352588
42886,0.12683513838748495
42887,0.7588929001203369
42888,0.4075571600481348
42889,0.2060649819494585
42890,0.29795427196149216
42891,0.52661853188929
42892,0.14815884476534297
42893,0.4296028880866426
42894,0.37133574007220216
42895,0.21552346570397113
42896,0.345222623345367
42897,0.08914560770156438
42898,0.8030565583634175
42899,0.4113116726835139
42900,0.9298194945848375
42901,0.32161251504211796
42902,0.3136462093862816
42903,0.29323706377858005
42904,0.44320096269554754
42905,0.9355475330926595
42906,0.9818531889290012
42907,0.6462093862815885
42908,0.9535018050541517
42909,0.9324187725631768
42910,0.7553549939831528
42911,0.8016606498194946
42912,0.4589410348977136
42913,0.8089290012033694
42914,0.51352587244284
42915,0.5682069795427196
42916,0.5579783393501805
42917,0.2568471720818291
42918,0.09200962695547533
42919,0.9577135980746089
42920,0.30418772563176893
42921,0.6610108303249098
42922,0.1862575210589651
42923,0.8653188929001203
42924,0.5015162454873646
42925,0.12868832731648616
42926,0.2947533092659447
42927,0.7231287605294825
42928,0.3852466907340554
42929,0.7635379061371841
42930,0.6023345367027677
42931,0.5932851985559566
42932,0.22170878459687124
42933,0.14974729241877255
42934,0.6564380264741276
42935,0.28452466907340557
42936,0.47703971119133576
42937,0.762936221419976
42938,0.5900601684717208
42939,0.1995667870036101
42940,0.2722503008423586
42941,0.49323706377858
42942,0.33793020457280387
42943,0.5495788206979543
42944,0.10596871239470518
42945,0.06382671480144404
42946,0.1874127557160048
42947,0.8662815884476534
42948,0.8961251504211794
42949,0.606979542719615
42950,0.6065703971119134
42951,0.6967027677496992
42952,0.20206979542719616
42953,0.7736462093862816
42954,0.3953068592057762
42955,0.5560048134777377
42956,0.505511432009627
42957,0.4739109506618532
42958,0.8449097472924187
42959,0.3778339350180505
42960,0.7690974729241877
42961,0.230806257521059
42962,0.6690974729241878
42963,0.5238507821901324
42964,0.7436101083032491
42965,0.38517448856799036
42966,0.02904933814681107
42967,0.18835138387484957
42968,0.5433212996389892
42969,0.5573285198555956
42970,0.21256317689530685
42971,0.11330926594464501
42972,0.9665463297232251
42973,0.8845487364620939
42974,0.5422141997593262
42975,0.02789410348977136
42976,0.8857521058965102
42977,0.8232972322503009
42978,0.8798074608904933
42979,0.3234175691937425
42980,0.9756438026474128
42981,0.9764861612515041
42982,0.798676293622142
42983,0.7775451263537906
42984,0.6221660649819495
42985,0.8706137184115523
42986,0.40416365824308065
42987,0.33492178098676295
42988,0.7228158844765343
42989,0.35282791817087844
42990,0.2794223826714801
42991,0.5392779783393502
42992,0.6643802647412755
42993,0.43287605294825515
42994,0.40033694344163656
42995,0.7167027677496991
42996,0.12108303249097473
42997,0.531985559566787
42998,0.3134055354993983
42999,0.4264741275571601
43000,0.4019013237063779
43001,0.24945848375451263
43002,0.7279663056558363
43003,0.9765102286401925
43004,0.10984356197352588
43005,0.3337184115523466
43006,0.41795427196149215
43007,0.8934777376654632
43008,0.6674608904933814
43009,0.12632972322503008
43010,0.7257761732851986
43011,0.8434175691937424
43012,0.9189891696750903
43013,0.1312154031287605
43014,0.611985559566787
43015,0.1942719614921781
43016,0.698459687123947
43017,0.9952587244283995
43018,0.05920577617328519
43019,0.049073405535499395
43020,0.6669554753309266
43021,0.2752587244283995
43022,0.53309265944645
43023,0.27107099879663055
43024,0.08411552346570397
43025,0.9425992779783394
43026,0.9242839951865223
43027,0.35169675090252706
43028,0.31217809867629365
43029,0.7883995186522262
43030,0.5114560770156438
43031,0.9019494584837545
43032,0.7664500601684717
43033,0.7942960288808665
43034,0.6900842358604091
43035,0.14298435619735259
43036,0.3855354993983153
43037,0.14827918170878462
43038,0.7171841155234657
43039,0.06139590854392299
43040,0.5640673886883274
43041,0.29944645006016846
43042,0.2776413959085439
43043,0.5941516245487364
43044,0.39164861612515045
43045,0.7411552346570398
43046,0.2942960288808664
43047,0.5509987966305656
43048,0.6165342960288809
43049,0.7348495788206979
43050,0.9868832731648616
43051,0.33590854392298436
43052,0.6637304452466908
43053,0.6439229843561973
43054,0.27783393501805054
43055,0.07297232250300842
43056,0.35333333333333333
43057,0.1251263537906137
43058,0.30404332129963896
43059,0.842791817087846
43060,0.19051744885679905
43061,0.1846450060168472
43062,0.8231287605294826
43063,0.9680625752105896
43064,0.18652226233453673
43065,0.7049578820697955
43066,0.5062093862815884
43067,0.2060890493381468
43068,0.9843080625752105
43069,0.6434897713598074
43070,0.6795186522262335
43071,0.7016606498194946
43072,0.7408182912154031
43073,0.8384837545126353
43074,0.9383152827918171
43075,0.6156197352587245
43076,0.8129001203369435
43077,0.42233453670276777
43078,0.4317930204572804
43079,0.7954031287605294
43080,0.17756919374247893
43081,0.9412755716004813
43082,0.17947051744885678
43083,0.46332129963898916
43084,0.8058243080625752
43085,0.26924187725631765
43086,0.14115523465703972
43087,0.9968231046931408
43088,0.5144404332129964
43089,0.8953790613718411
43090,0.02450060168471721
43091,0.1982430806257521
43092,0.17561973525872443
43093,0.11176895306859205
43094,0.5052466907340554
43095,0.6596389891696751
43096,0.9513598074608904
43097,0.9819013237063778
43098,0.8264741275571601
43099,0.7239951865222622
43100,0.9846450060168471
43101,0.5142960288808665
43102,0.9348736462093863
43103,0.4047653429602888
43104,0.6619013237063779
43105,0.34348977135980746
43106,0.26373044524669076
43107,0.8704933814681107
43108,0.7775691937424789
43109,0.43773766546329723
43110,0.35155234657039713
43111,0.6136221419975934
43112,0.13906137184115525
43113,0.4594705174488568
43114,0.43321299638989175
43115,0.3015643802647413
43116,0.6529963898916967
43117,0.04120336943441637
43118,0.5222141997593261
43119,0.6164380264741276
43120,0.4674849578820698
43121,0.4040192539109506
43122,0.8480385078219013
43123,0.515451263537906
43124,0.48659446450060173
43125,0.4983634175691938
43126,0.42389891696750903
43127,0.38452466907340555
43128,0.42594464500601686
43129,0.2948977135980746
43130,0.8084235860409146
43131,0.8395908543922984
43132,0.6634175691937425
43133,0.33949458483754513
43134,0.33030084235860413
43135,0.5630324909747293
43136,0.6828880866425993
43137,0.9262093862815884
43138,0.9616365824308063
43139,0.3603369434416366
43140,0.2184115523465704
43141,0.4109987966305656
43142,0.31776173285198556
43143,0.35631768953068593
43144,0.1381468110709988
43145,0.7451985559566787
43146,0.38428399518652223
43147,0.4952105896510228
43148,0.40717208182912157
43149,0.5995667870036101
43150,0.3905415162454874
43151,0.8688327316486162
43152,0.6206738868832731
43153,0.34267148014440435
43154,0.7502045728038508
43155,0.9078219013237063
43156,0.9835138387484958
43157,0.6234657039711191
43158,0.04888086642599278
43159,0.15511432009626958
43160,0.3562454873646209
43161,0.5485920577617329
43162,0.26876052948255114
43163,0.8178580024067388
43164,0.5949699157641396
43165,0.6488086642599278
43166,0.30373044524669074
43167,0.6963658243080626
43168,0.11997593261131168
43169,0.15535499398315283
43170,0.2874127557160048
43171,0.9619735258724429
43172,0.35212996389891693
43173,0.2163898916967509
43174,0.2870036101083032
43175,0.6239470517448857
43176,0.5706137184115524
43177,0.34447653429602887
43178,0.16163658243080625
43179,0.630734055354994
43180,0.3867148014440433
43181,0.7266425992779784
43182,0.3720818291215403
43183,0.5605054151624549
43184,0.5427677496991576
43185,0.37359807460890493
43186,0.36628158844765346
43187,0.09352587244283994
43188,0.3407220216606498
43189,0.9653910950661853
43190,0.5371841155234657
43191,0.44206979542719615
43192,0.296101083032491
43193,0.3418772563176895
43194,0.8834175691937425
43195,0.2817087845968712
43196,0.24849578820697954
43197,0.09937424789410348
43198,0.8700120336943442
43199,0.9743441636582431
43200,0.5204813477737665
43201,0.17432009626955475
43202,0.7409867629362215
43203,0.6513116726835139
43204,0.5356197352587244
43205,0.2787244283995186
43206,0.41521058965102287
43207,0.9247653429602889
43208,0.11302045728038507
43209,0.7946811070998796
43210,0.2644524669073406
43211,0.9886161251504212
43212,0.2685198555956679
43213,0.42231046931407945
43214,0.8184596871239471
43215,0.8465222623345368
43216,0.4827677496991576
43217,0.1302286401925391
43218,0.7739590854392299
43219,0.4836823104693141
43220,0.33205776173285195
43221,0.1831768953068592
43222,0.6770156438026474
43223,0.522647412755716
43224,0.6201684717208182
43225,0.9138146811070998
43226,0.9571359807460891
43227,0.5058002406738868
43228,0.6180024067388687
43229,0.5088808664259928
43230,0.2593020457280385
43231,0.8716486161251504
43232,0.7044043321299639
43233,0.9181949458483755
43234,0.7696510228640192
43235,0.9014440433212996
43236,0.2992057761732852
43237,0.9774488567990374
43238,0.10620938628158845
43239,0.34134777376654635
43240,0.48722021660649817
43241,0.27995186522262333
43242,0.8967990373044525
43243,0.015210589651022864
43244,0.1671480144404332
43245,0.43932611311672687
43246,0.6652226233453671
43247,0.25935018050541514
43248,0.804043321299639
43249,0.894777376654633
43250,0.7033453670276775
43251,0.2779783393501805
43252,0.9139590854392299
43253,0.9866425992779784
43254,0.8580024067388687
43255,0.4735740072202166
43256,0.19614921780986763
43257,0.3754031287605295
43258,0.4096269554753309
43259,0.2906377858002407
43260,0.6379783393501806
43261,0.19978339350180505
43262,0.6032250300842359
43263,0.03992779783393502
43264,0.7211552346570398
43265,0.5763898916967509
43266,0.7070276774969915
43267,0.277352587244284
43268,0.8336943441636582
43269,0.40129963898916965
43270,0.4738146811070999
43271,0.46652226233453664
43272,0.3270276774969916
43273,0.003032490974729242
43274,0.30671480144404334
43275,0.013285198555956678
43276,0.8387966305655836
43277,0.44483754512635376
43278,0.6060890493381468
43279,0.9110709987966306
43280,0.6306377858002407
43281,0.3916967509025271
43282,0.7451985559566787
43283,0.5842117930204573
43284,0.020144404332129964
43285,0.9922262334536702
43286,0.9387725631768953
43287,0.017737665463297234
43288,0.5295066185318893
43289,0.2612755716004813
43290,0.5976654632972322
43291,0.7087845968712394
43292,0.9296750902527076
43293,0.6417328519855596
43294,0.9255595667870036
43295,0.870806257521059
43296,0.528303249097473
43297,0.8437785800240674
43298,0.37756919374247894
43299,0.36243080625752105
43300,0.9292178098676294
43301,0.5722503008423585
43302,0.250734055354994
43303,0.44835138387484963
43304,0.4258243080625752
43305,0.8584356197352587
43306,0.07694344163658243
43307,0.6210830324909747
43308,0.3166546329723225
43309,0.814416365824308
43310,0.4121780986762936
43311,0.1728519855595668
43312,0.3167268351383875
43313,0.6284717208182913
43314,0.8194223826714802
43315,0.6881588447653431
43316,0.047894103489771356
43317,0.18531889290012032
43318,0.6444283995186522
43319,0.3671239470517449
43320,0.13422382671480143
43321,0.4654632972322503
43322,0.6890012033694344
43323,0.9007942238267148
43324,0.15359807460890493
43325,0.17121540312876055
43326,0.618315282791817
43327,0.23545126353790613
43328,0.3508303249097473
43329,0.757135980746089
43330,0.6131889290012034
43331,0.024139590854392295
43332,0.692418772563177
43333,0.6805535499398315
43334,0.6024067388688328
43335,0.29747292418772564
43336,0.6193261131167268
43337,0.9005776173285198
43338,0.9188206979542719
43339,0.8560529482551144
43340,0.8596871239470517
43341,0.46
43342,0.6847412755716005
43343,0.8929001203369434
43344,0.3208182912154031
43345,0.6627677496991576
43346,0.6514079422382671
43347,0.9430565583634176
43348,0.4983634175691937
43349,0.9935018050541516
43350,0.6171119133574008
43351,0.6914801444043321
43352,0.9556678700361011
43353,0.13468110709987965
43354,0.7790132370637786
43355,0.7425270758122744
43356,0.3239229843561974
43357,0.885294825511432
43358,0.5604572803850782
43359,0.42264741275571605
43360,0.24524669073405536
43361,0.5878941034897713
43362,0.11460890493381468
43363,0.09776173285198556
43364,0.043682310469314076
43365,0.4559326113116727
43366,0.39687123947051745
43367,0.32731648616125153
43368,0.8870998796630565
43369,0.11157641395908544
43370,0.43783393501805057
43371,0.243898916967509
43372,0.5451263537906137
43373,0.08209386281588447
43374,0.5129723225030084
43375,0.006089049338146812
43376,0.9131889290012034
43377,0.4206979542719615
43378,0.989410348977136
43379,0.9603128760529482
43380,0.3786522262334537
43381,0.31215403128760527
43382,0.6111432009626956
43383,0.28693140794223826
43384,0.8463778580024067
43385,0.7284957882069796
43386,0.5424067388688327
43387,0.9831046931407943
43388,0.806690734055355
43389,0.014729241877256317
43390,0.6673646209386281
43391,0.7714320096269556
43392,0.15162454873646208
43393,0.006498194945848375
43394,0.1
43395,0.22243080625752104
43396,0.8477978339350181
43397,0.9430565583634176
43398,0.23922984356197352
43399,0.15376654632972322
43400,0.052418772563176896
43401,0.5423104693140794
43402,0.08182912154031288
43403,0.4542960288808664
43404,0.5808423586040915
43405,0.88028880866426
43406,0.9139590854392299
43407,0.2431046931407942
43408,0.8716486161251504
43409,0.22457280385078218
43410,0.25475330926594464
43411,0.6955716004813478
43412,0.07198555956678701
43413,0.1688086642599278
43414,0.1385078219013237
43415,0.5668592057761732
43416,0.7511913357400721
43417,0.01571600481347774
43418,0.17626955475330927
43419,0.6232972322503009
43420,0.7962936221419976
43421,0.47297232250300847
43422,0.009193742478941034
43423,0.245294825511432
43424,0.022960288808664263
43425,0.7912394705174488
43426,0.06671480144404332
43427,0.4371841155234657
43428,0.2845246690734055
43429,0.4144163658243081
43430,0.11922984356197353
43431,0.6382190132370638
43432,0.8395186522262335
43433,0.461179302045728
43434,0.8963898916967509
43435,0.9522262334536703
43436,0.8566787003610108
43437,0.9006979542719615
43438,0.6872924187725632
43439,0.015282791817087846
43440,0.26293622141997597
43441,0.04673886883273165
43442,0.6990613718411552
43443,0.265367027677497
43444,0.40760529482551144
43445,0.11287605294825512
43446,0.3016606498194946
43447,0.5458965102286402
43448,0.13898916967509026
43449,0.45034897713598077
43450,0.7655354993983152
43451,0.14839951865222623
43452,0.7049578820697955
43453,0.045342960288808666
43454,0.5077496991576413
43455,0.2800962695547533
43456,0.4011552346570397
43457,0.5501083032490974
43458,0.5736221419975933
43459,0.5913116726835138
43460,0.4955956678700361
43461,0.0985078219013237
43462,0.6656077015643802
43463,0.8245246690734056
43464,0.866690734055355
43465,0.17131167268351383
43466,0.31044524669073403
43467,0.9077978339350181
43468,0.23282791817087845
43469,0.25246690734055355
43470,0.7551383874849579
43471,0.7651985559566787
43472,0.6202166064981949
43473,0.1547292418772563
43474,0.911624548736462
43475,0.9904693140794224
43476,0.2905655836341757
43477,0.41027677496991577
43478,0.5672924187725632
43479,0.6404572803850782
43480,0.020577617328519857
43481,0.8116486161251504
43482,0.5803128760529483
43483,0.8689290012033695
43484,0.2994705174488568
43485,0.6599999999999999
43486,0.20818291215403129
43487,0.6111191335740072
43488,0.4154031287605295
43489,0.5196149217809868
43490,0.1710228640192539
43491,0.42062575210589653
43492,0.7095788206979543
43493,0.14269554753309266
43494,0.4775451263537906
43495,0.5822382671480144
43496,0.8072442839951866
43497,0.981179302045728
43498,0.8725391095066186
43499,0.13641395908543924
43500,0.22531889290012033
43501,0.9176895306859206
43502,0.7598555956678701
43503,0.7689290012033694
43504,0.37131167268351384
43505,0.7872202166064981
43506,0.06734055354993983
43507,0.7616365824308062
43508,0.3276534296028881
43509,0.7202647412755716
43510,0.33126353790613716
43511,0.13446450060168472
43512,0.1886161251504212
43513,0.6583152827918171
43514,0.8694344163658243
43515,0.37148014440433214
43516,0.7933333333333333
43517,0.9911191335740073
43518,0.7433212996389892
43519,0.9971600481347773
43520,0.18079422382671478
43521,0.6916004813477739
43522,0.7780264741275571
43523,0.7878219013237064
43524,0.8174488567990373
43525,0.3070517448856799
43526,0.1912154031287605
43527,0.824043321299639
43528,0.27140794223826714
43529,0.6518170878459687
43530,0.6594223826714802
43531,0.22933814681107098
43532,0.9838267148014441
43533,0.7929963898916967
43534,0.449265944645006
43535,0.2071480144404332
43536,0.45333333333333337
43537,0.9816606498194946
43538,0.5231046931407942
43539,0.9579542719614922
43540,0.6623345367027678
43541,0.2721540312876053
43542,0.4271480144404332
43543,0.7810589651022863
43544,0.9959566787003611
43545,0.6528519855595668
43546,0.7122262334536702
43547,0.40515042117930206
43548,0.4084717208182912
43549,0.9093381468110711
43550,0.15265944645006016
43551,0.23901323706377858
43552,0.8413477737665463
43553,0.565439229843562
43554,0.8975451263537906
43555,0.09826714801444043
43556,0.8901323706377857
43557,0.7661853188929001
43558,0.20794223826714803
43559,0.5341756919374248
43560,0.9431287605294825
43561,0.5360529482551144
43562,0.9367509025270758
43563,0.6142960288808664
43564,0.4834416365824308
43565,0.2512876052948255
43566,0.9756197352587244
43567,0.3885198555956679
43568,0.298892900120337
43569,0.1237063778580024
43570,0.6847172081829122
43571,0.47518652226233454
43572,0.5315523465703971
43573,0.7814199759326113
43574,0.18507821901323707
43575,0.6819494584837544
43576,0.7291215403128761
43577,0.28459687123947053
43578,0.3847172081829121
43579,0.6872683513838749
43580,0.016799037304452466
43581,0.8323706377858002
43582,0.1071480144404332
43583,0.8397833935018051
43584,0.9781949458483754
43585,0.2857039711191336
43586,0.7965583634175692
43587,0.08279181708784597
43588,0.9720096269554753
43589,0.32305655836341757
43590,0.46021660649819496
43591,0.9365824308062576
43592,0.37764139590854395
43593,0.301540312876053
43594,0.5513357400722021
43595,0.8102767749699158
43596,0.291985559566787
43597,0.2897713598074609
43598,0.9472924187725632
43599,0.16878459687123948
43600,0.9062334536702767
43601,0.8703971119133573
43602,0.40495788206979544
43603,0.6721299638989169
43604,0.07862815884476534
43605,0.5803128760529483
43606,0.5711191335740072
43607,0.2640914560770156
43608,0.9501805054151624
43609,0.9780986762936221
43610,0.49833935018050546
43611,0.14736462093862815
43612,0.4523225030084236
43613,0.6938628158844765
43614,0.34341756919374244
43615,0.9368712394705174
43616,0.18700361010830324
43617,0.059326113116726836
43618,0.22452466907340554
43619,0.8235379061371841
43620,0.5445246690734056
43621,0.1256317689530686
43622,0.1313838748495788
43623,0.09087845968712394
43624,0.1650300842358604
43625,0.31400722021660654
43626,0.9075812274368231
43627,0.9422141997593261
43628,0.1710950661853189
43629,0.0503971119133574
43630,0.9406738868832731
43631,0.8472442839951866
43632,0.04392298435619735
43633,0.34435619735258727
43634,0.8096269554753309
43635,0.4528038507821901
43636,0.06582430806257521
43637,0.6240192539109506
43638,0.8957641395908544
43639,0.08712394705174488
43640,0.20904933814681106
43641,0.8828880866425993
43642,0.6828640192539109
43643,0.0542719614921781
43644,0.5560529482551144
43645,0.11764139590854392
43646,0.4271961492178099
43647,0.707870036101083
43648,0.6787003610108304
43649,0.13990373044524668
43650,0.5162214199759326
43651,0.46231046931407943
43652,0.6303730445246691
43653,0.6443561973525873
43654,0.6796149217809868
43655,0.45090252707581224
43656,0.24876052948255117
43657,0.9719133574007219
43658,0.12096269554753308
43659,0.7466425992779784
43660,0.49740072202166064
43661,0.5153549939831528
43662,0.1496028880866426
43663,0.1758604091456077
43664,0.7217328519855596
43665,0.9344404332129963
43666,0.9194705174488568
43667,0.37167268351383875
43668,0.8500842358604092
43669,0.6064500601684717
43670,0.6375210589651024
43671,0.13513838748495788
43672,0.10077015643802648
43673,0.3722021660649819
43674,0.5736462093862815
43675,0.2108303249097473
43676,0.7611070998796631
43677,0.8416125150421179
43678,0.19265944645006017
43679,0.5884235860409146
43680,0.3700361010830325
43681,0.6500120336943441
43682,0.630661853188929
43683,0.20592057761732852
43684,0.4241395908543923
43685,0.26050541516245485
43686,0.6585800240673887
43687,0.8767990373044525
43688,0.7634897713598074
43689,0.4126113116726835
43690,0.35075812274368234
43691,0.3140553549939832
43692,0.4729241877256318
43693,0.8351143200962696
43694,0.4998796630565584
43695,0.68647412755716
43696,0.7119614921780987
43697,0.33458483754512636
43698,0.3117448856799037
43699,0.257352587244284
43700,0.026931407942238268
43701,0.8522021660649819
43702,0.10601684717208182
43703,0.43829121540312876
43704,0.6701323706377857
43705,0.031480144404332125
43706,0.7167749699157642
43707,0.9663778580024067
43708,0.8989891696750902
43709,0.17819494584837545
43710,0.5632250300842359
43711,0.048953068592057766
43712,0.12871239470517448
43713,0.3091456077015644
43714,0.6287605294825511
43715,0.45456077015643803
43716,0.898604091456077
43717,0.9445487364620939
43718,0.3986281588447653
43719,0.7257761732851986
43720,0.7055595667870036
43721,0.6199759326113117
43722,0.9538628158844765
43723,0.7371841155234657
43724,0.46033694344163656
43725,0.7897472924187725
43726,0.7619975932611311
43727,0.7210348977135981
43728,0.6616847172081829
43729,0.6167027677496992
43730,0.6429843561973526
43731,0.29670276774969917
43732,0.2721540312876053
43733,0.29116726835138385
43734,0.07044524669073406
43735,0.32481347773766545
43736,0.8984356197352588
43737,0.4264259927797834
43738,0.7735740072202166
43739,0.14993983152827917
43740,0.1969193742478941
43741,0.056654632972322504
43742,0.5442117930204573
43743,0.8335258724428399
43744,0.2315282791817088
43745,0.36476534296028884
43746,0.9213718411552346
43747,0.8485920577617329
43748,0.5791817087845968
43749,0.4437063778580024
43750,0.7702286401925391
43751,0.26488567990373046
43752,0.9037304452466908
43753,0.10700361010830325
43754,0.644404332129964
43755,0.08445246690734055
43756,0.4948736462093863
43757,0.056317689530685916
43758,0.592129963898917
43759,0.2731648616125151
43760,0.45884476534296026
43761,0.29521058965102287
43762,0.2510950661853189
43763,0.6795908543922984
43764,0.7011070998796631
43765,0.9219253910950662
43766,0.9049819494584838
43767,0.3031528279181709
43768,0.9954993983152828
43769,0.8103249097472924
43770,0.9006738868832731
43771,0.44038507821901324
43772,0.2601203369434416
43773,0.5380746089049339
43774,0.6316486161251504
43775,0.26091456077015646
43776,0.4800240673886883
43777,0.6256317689530686
43778,0.7270036101083033
43779,0.35547533092659445
43780,0.1371841155234657
43781,0.9846450060168472
43782,0.2797593261131167
43783,0.8538628158844765
43784,0.2820216606498195
43785,0.5802166064981948
43786,0.4644283995186522
43787,0.8284235860409146
43788,0.35720818291215406
43789,0.48214199759326115
43790,0.2022141997593261
43791,0.878965102286402
43792,0.0907581227436823
43793,0.521468110709988
43794,0.058339350180505414
43795,0.551841155234657
43796,0.7485679903730446
43797,0.7130685920577617
43798,0.4062093862815884
43799,0.6213477737665463
43800,0.1196630565583634
43801,0.8316726835138388
43802,0.10620938628158844
43803,0.7746811070998797
43804,0.5419013237063779
43805,0.77309265944645
43806,0.17116726835138388
43807,0.3888567990373044
43808,0.8838989169675091
43809,0.04738868832731649
43810,0.014127557160048135
43811,0.7875812274368231
43812,0.13013237063778582
43813,0.45044524669073405
43814,0.7068592057761733
43815,0.2169434416365824
43816,0.8016365824308063
43817,0.16163658243080625
43818,0.376101083032491
43819,0.3516245487364621
43820,0.2309265944645006
43821,0.5391817087845969
43822,0.0389410348977136
43823,0.453164861612515
43824,0.1896028880866426
43825,0.29468110709987966
43826,0.9023586040914561
43827,0.5498435619735259
43828,0.08967509025270759
43829,0.4737184115523466
43830,0.7316004813477737
43831,0.6647412755716005
43832,0.6694584837545126
43833,0.38700361010830325
43834,0.15511432009626955
43835,0.5918170878459688
43836,0.9151865222623345
43837,0.5966064981949459
43838,0.818531889290012
43839,0.253309265944645
43840,0.9353790613718411
43841,0.8359085439229843
43842,0.15997593261131168
43843,0.7864981949458484
43844,0.8346811070998796
43845,0.2790854392298435
43846,0.12231046931407943
43847,0.1954271961492178
43848,0.5356197352587244
43849,0.8871720818291216
43850,0.3737184115523466
43851,0.3298916967509025
43852,0.09309265944645007
43853,0.5057280385078219
43854,0.15352587244283994
43855,0.9767749699157642
43856,0.9752827918170879
43857,0.2897713598074609
43858,0.001155234657039711
43859,0.4264019253910951
43860,0.4785559566787003
43861,0.4729482551143201
43862,0.570661853188929
43863,0.17761732851985562
43864,0.18105896510228642
43865,0.04596871239470517
43866,0.848158844765343
43867,0.5970637785800241
43868,0.03797833935018051
43869,0.944043321299639
43870,0.43747292418772565
43871,0.32630565583634175
43872,0.3058965102286402
43873,0.42553549939831525
43874,0.3206257521058965
43875,0.16129963898916966
43876,0.9685679903730445
43877,0.19793020457280386
43878,0.8098194945848376
43879,0.7709265944645006
43880,0.5839470517448857
43881,0.9644524669073405
43882,0.4393020457280385
43883,0.694705174488568
43884,0.6924909747292418
43885,0.5877256317689531
43886,0.34117930204572805
43887,0.19588447653429603
43888,0.7478941034897714
43889,0.6838267148014441
43890,0.25908543922984356
43891,0.23838748495788206
43892,0.971768953068592
43893,0.47879663056558364
43894,0.22630565583634177
43895,0.7391576413959084
43896,0.12830324909747293
43897,0.38847172081829123
43898,0.12738868832731648
43899,0.9520336943441636
43900,0.3072202166064982
43901,0.2819013237063779
43902,0.8605776173285199
43903,0.17728038507821903
43904,0.17371841155234657
43905,0.8346089049338147
43906,0.2731407942238267
43907,0.7594705174488567
43908,0.39475330926594465
43909,0.1830084235860409
43910,0.1857280385078219
43911,0.6152346570397111
43912,0.0816847172081829
43913,0.3044283995186522
43914,0.8688567990373044
43915,0.9151865222623345
43916,0.6457280385078219
43917,0.678459687123947
43918,0.2352346570397112
43919,0.5412755716004813
43920,0.7230806257521059
43921,0.9832009626955476
43922,0.7921540312876053
43923,0.3911432009626955
43924,0.6492178098676293
43925,0.446690734055355
43926,0.744115523465704
43927,0.5140553549939831
43928,0.8079903730445246
43929,0.14214199759326113
43930,0.9161492178098676
43931,0.4004572803850782
43932,0.10924187725631769
43933,0.01701564380264741
43934,0.6148014440433214
43935,0.2238748495788207
43936,0.6519133574007221
43937,0.9734296028880867
43938,0.7589891696750902
43939,0.9682310469314079
43940,0.3297954271961492
43941,0.07198555956678701
43942,0.5800481347773767
43943,0.5012996389891697
43944,0.8650541516245487
43945,0.9656558363417569
43946,0.5692418772563177
43947,0.7458724428399519
43948,0.8442358604091456
43949,0.38430806257521055
43950,0.5385318892900121
43951,0.33999999999999997
43952,0.04931407942238267
43953,0.09099879663056559
43954,0.7932851985559566
43955,0.24478941034897717
43956,0.6434175691937425
43957,0.8694344163658243
43958,0.2930685920577617
43959,0.1410589651022864
43960,0.09015643802647413
43961,0.45391095066185316
43962,0.8716726835138388
43963,0.9321299638989169
43964,0.6498435619735259
43965,0.683754512635379
43966,0.8984356197352588
43967,0.4854632972322503
43968,0.2828399518652226
43969,0.5526113116726835
43970,0.8888567990373044
43971,0.055812274368231045
43972,0.7218291215403129
43973,0.9878459687123947
43974,0.4309987966305656
43975,0.13176895306859204
43976,0.7552105896510228
43977,0.4231528279181709
43978,0.09598074608904934
43979,0.5623345367027678
43980,0.6436341756919375
43981,0.7398796630565583
43982,0.42358604091456076
43983,0.10264741275571601
43984,0.04921780986762936
43985,0.6218531889290012
43986,0.023802647412755715
43987,0.36914560770156435
43988,0.08986762936221421
43989,0.9278459687123948
43990,0.7920096269554753
43991,0.6619735258724428
43992,0.9341997593261131
43993,0.08495788206979543
43994,0.1815884476534296
43995,0.6691215403128761
43996,0.6126594464500601
43997,0.049338146811071
43998,0.8593501805054151
43999,0.37164861612515043
44000,0.6463056558363418
44001,0.5970156438026475
44002,0.9187725631768953
44003,0.12283995186522262
44004,0.4026233453670277
44005,0.8923947051744885
44006,0.755667870036101
44007,0.7732611311672684
44008,0.9503489771359808
44009,0.7698916967509026
44010,0.39458483754512635
44011,0.7009145607701565
44012,0.585655836341757
44013,0.41930204572803853
44014,0.28300842358604095
44015,0.38762936221419975
44016,0.22628158844765342
44017,0.15528279181708785
44018,0.8593983152827918
44019,0.615812274368231
44020,0.10336943441636581
44021,0.4197111913357401
44022,0.618531889290012
44023,0.4450782190132371
44024,0.4823586040914561
44025,0.8176413959085439
44026,0.4368471720818291
44027,0.6531648616125151
44028,0.7476293622141998
44029,0.4473164861612515
44030,0.07484957882069795
44031,0.6830806257521058
44032,0.9146329723225031
44033,0.6388206979542719
44034,0.10888086642599279
44035,0.2782190132370638
44036,0.6240914560770157
44037,0.5329963898916967
44038,0.15509025270758123
44039,0.7692418772563177
44040,0.08765342960288808
44041,0.37191335740072207
44042,0.47935018050541517
44043,0.41107099879663056
44044,0.4789410348977136
44045,0.6376654632972323
44046,0.8846690734055356
44047,0.6653188929001204
44048,0.015354993983152827
44049,0.34984356197352584
44050,0.6380024067388689
44051,0.3869073405535499
44052,0.3256799037304452
44053,0.8385078219013237
44054,0.943971119133574
44055,0.8850300842358604
44056,0.4474368231046931
44057,0.21718411552346573
44058,0.48014440433212996
44059,0.8862815884476534
44060,0.08731648616125151
44061,0.021083032490974728
44062,0.10471720818291216
44063,0.776101083032491
44064,0.8222623345367027
44065,0.6613477737665463
44066,0.7077015643802648
44067,0.49099879663056556
44068,0.21448856799037305
44069,0.5404813477737666
44070,0.3585078219013237
44071,0.07744885679903729
44072,0.7391817087845969
44073,0.7522262334536702
44074,0.11164861612515042
44075,0.8689771359807461
44076,0.8470758122743682
44077,0.7780746089049337
44078,0.9629121540312876
44079,0.586690734055355
44080,0.4996389891696751
44081,0.7993261131167269
44082,0.49925391095066185
44083,0.6922503008423586
44084,0.6306859205776173
44085,0.3510709987966306
44086,0.3068592057761733
44087,0.42604091456077015
44088,0.1178820697954272
44089,0.042045728038507826
44090,0.6984837545126354
44091,0.8229602888086642
44092,0.49511432009626954
44093,0.7868110709987967
44094,0.9955956678700362
44095,0.8993501805054152
44096,0.024789410348977137
44097,0.7059446450060168
44098,0.9727797833935018
44099,0.7672924187725632
44100,0.9497232250300842
44101,0.07694344163658243
44102,0.23865222623345367
44103,0.5740553549939831
44104,0.3630324909747292
44105,0.8206738868832731
44106,0.5365102286401925
44107,0.5282551143200963
44108,0.10522262334536703
44109,0.5020697954271962
44110,0.5960529482551143
44111,0.39456077015643803
44112,0.3328279181708785
44113,0.14048134777376653
44114,0.969265944645006
44115,0.2823826714801444
44116,0.7626955475330927
44117,0.4994705174488568
44118,0.4487845968712395
44119,0.493309265944645
44120,0.6243561973525873
44121,0.29930204572803853
44122,0.9522262334536703
44123,0.5847412755716005
44124,0.5257761732851985
44125,0.39530685920577613
44126,0.47860409145607696
44127,0.27037304452466904
44128,0.20007220216606497
44129,0.2871961492178099
44130,0.7529241877256319
44131,0.45906137184115525
44132,0.989410348977136
44133,0.15504211793020456
44134,0.5415162454873645
44135,0.8226233453670277
44136,0.9023826714801444
44137,0.6568712394705174
44138,0.8179302045728039
44139,0.5741275571600482
44140,0.9970878459687125
44141,0.31227436823104693
44142,0.8713116726835138
44143,0.9270036101083032
44144,0.03518652226233454
44145,0.5083995186522262
44146,0.7561251504211792
44147,0.6004572803850783
44148,0.46317689530685924
44149,0.1697954271961492
44150,0.7006738868832731
44151,0.8788447653429603
44152,0.27362214199759327
44153,0.762791817087846
44154,0.6632972322503008
44155,0.5089049338146812
44156,0.8161492178098677
44157,0.12981949458483755
44158,0.06616125150421179
44159,0.29432009626955474
44160,0.8577858002406739
44161,0.47699157641395906
44162,0.7621901323706377
44163,0.6379061371841155
44164,0.0557641395908544
44165,0.68661853188929
44166,0.9950180505415163
44167,0.8924187725631769
44168,0.5675090252707582
44169,0.0682791817087846
44170,0.25032490974729243
44171,0.6727316486161252
44172,0.9818050541516246
44173,0.29995186522262335
44174,0.6515764139590854
44175,0.1067870036101083
44176,0.14399518652226234
44177,0.1290734055354994
44178,0.8128038507821902
44179,0.22596871239470517
44180,0.6155234657039711
44181,0.15342960288808666
44182,0.7941275571600481
44183,0.7734296028880867
44184,0.4696991576413959
44185,0.5548014440433213
44186,0.03677496991576414
44187,0.8561010830324909
44188,0.4207220216606498
44189,0.10216606498194947
44190,0.28839951865222624
44191,0.10024067388688328
44192,0.6279663056558363
44193,0.019494584837545126
44194,0.13256317689530686
44195,0.5152827918170879
44196,0.30462093862815887
44197,0.45663056558363413
44198,0.8973044524669074
44199,0.6193501805054151
44200,0.0685439229843562
44201,0.5681107099879663
44202,0.7180264741275572
44203,0.6298435619735259
44204,0.6462093862815885
44205,0.8624067388688327
44206,0.4300361010830325
44207,0.6563417569193744
44208,0.34664259927797836
44209,0.5168953068592058
44210,0.13660649819494586
44211,0.5968231046931408
44212,0.8269795427196149
44213,0.27687123947051745
44214,0.923008423586041
44215,0.3303730445246691
44216,0.6086161251504212
44217,0.15569193742478943
44218,0.7663056558363417
44219,0.7768231046931409
44220,0.8465703971119134
44221,0.9133333333333333
44222,0.13776173285198556
44223,0.8071720818291215
44224,0.8512876052948255
44225,0.021708784596871238
44226,0.7894584837545127
44227,0.9754271961492178
44228,0.6556197352587244
44229,0.8843080625752107
44230,0.22488567990373046
44231,0.8180746089049338
44232,0.5674127557160048
44233,0.8177135980746089
44234,0.22827918170878458
44235,0.6403369434416366
44236,0.7105415162454873
44237,0.06462093862815885
44238,0.8650782190132371
44239,0.03504211793020458
44240,0.16199759326113117
44241,0.9230565583634176
44242,0.8266666666666667
44243,0.8854632972322503
44244,0.9122743682310469
44245,0.6874608904933814
44246,0.36560770156438027
44247,0.7282791817087846
44248,0.5381949458483755
44249,0.9270758122743682
44250,0.31918170878459684
44251,0.4678219013237064
44252,0.7803369434416365
44253,0.5290734055354993
44254,0.054103489771359814
44255,0.19398315282791817
44256,0.7340794223826714
44257,0.5807701564380265
44258,0.4192779783393502
44259,0.9651263537906136
44260,0.5939590854392298
44261,0.9720096269554753
44262,0.5203610108303249
44263,0.7993261131167269
44264,0.10312876052948255
44265,0.2137424789410349
44266,0.8597833935018051
44267,0.45275571600481346
44268,0.8108543922984356
44269,0.4314560770156438
44270,0.6646931407942238
44271,0.5224308062575211
44272,0.7412515042117931
44273,0.5585078219013238
44274,0.6410108303249098
44275,0.048038507821901326
44276,0.8235138387484958
44277,0.8330926594464501
44278,0.03605294825511432
44279,0.9901805054151624
44280,0.6185559566787004
44281,0.009121540312876052
44282,0.4269314079422383
44283,0.021612515042117933
44284,0.7928519855595668
44285,0.054368231046931406
44286,0.7716245487364621
44287,0.373309265944645
44288,0.8176654632972322
44289,0.38170878459687124
44290,0.36418772563176893
44291,0.9335258724428399
44292,0.19111913357400723
44293,0.7994705174488568
44294,0.6612996389891697
44295,0.9687845968712394
44296,0.9774247894103489
44297,0.7598555956678701
44298,0.6119374247894103
44299,0.10324909747292418
44300,0.051022864019253905
44301,0.38697954271961493
44302,0.8048134777376654
44303,0.8823586040914561
44304,0.3073886883273165
44305,0.3678219013237064
44306,0.030974729241877257
44307,0.125294825511432
44308,0.25708784596871237
44309,0.7901564380264741
44310,0.8984115523465704
44311,0.5270517448856799
44312,0.4055595667870036
44313,0.28084235860409146
44314,0.12714801444043322
44315,0.7812996389891697
44316,0.4376173285198556
44317,0.08481347773766547
44318,0.790734055354994
44319,0.054296028880866425
44320,0.7243561973525873
44321,0.8980986762936222
44322,0.9365824308062576
44323,0.08630565583634175
44324,0.42180505415162456
44325,0.23018050541516244
44326,0.4612274368231047
44327,0.30490974729241876
44328,0.5794705174488568
44329,0.20697954271961494
44330,0.26315282791817085
44331,0.8837304452466908
44332,0.9347051744885679
44333,0.7378339350180505
44334,0.8571119133574008
44335,0.31756919374247894
44336,0.694632972322503
44337,0.9417087845968712
44338,0.6133574007220217
44339,0.3504933814681107
44340,0.7998074608904934
44341,0.5952827918170879
44342,0.6458243080625752
44343,0.2287364620938628
44344,0.5362936221419976
44345,0.2578820697954272
44346,0.5491456077015644
44347,0.372057761732852
44348,0.43164861612515043
44349,0.2858965102286402
44350,0.2941034897713598
44351,0.07800240673886882
44352,0.16815884476534296
44353,0.8196630565583634
44354,0.8835379061371842
44355,0.3187003610108303
44356,0.004356197352587244
44357,0.6323225030084236
44358,0.23932611311672683
44359,0.18847172081829122
44360,0.6981708784596872
44361,0.37249097472924186
44362,0.8312876052948255
44363,0.4160529482551143
44364,0.14036101083032493
44365,0.8150421179302045
44366,0.3821419975932611
44367,0.9258724428399518
44368,0.5263297232250301
44369,0.4458243080625752
44370,0.7380264741275572
44371,0.342575210589651
44372,0.4923947051744886
44373,0.21097472924187727
44374,0.6632731648616126
44375,0.7173044524669074
44376,0.3395908543922984
44377,0.30438026474127555
44378,0.21080625752105897
44379,0.30517448856799034
44380,0.827581227436823
44381,0.653598074608905
44382,0.5077737665463298
44383,0.6603850782190133
44384,0.6950661853188929
44385,0.34767749699157646
44386,0.007677496991576414
44387,0.7462334536702768
44388,0.32235860409145606
44389,0.70661853188929
44390,0.9757160048134776
44391,0.20219013237063777
44392,0.672129963898917
44393,0.3839470517448857
44394,0.9902767749699157
44395,0.6361973525872443
44396,0.18779783393501803
44397,0.5570397111913358
44398,0.749121540312876
44399,0.3683032490974729
44400,0.8939590854392299
44401,0.37925391095066185
44402,0.9489290012033694
44403,0.9992298435619735
44404,0.6996871239470517
44405,0.33042117930204573
44406,0.29915764139590856
44407,0.43643802647412755
44408,0.27756919374247896
44409,0.6900601684717208
44410,0.5545367027677497
44411,0.6461371841155235
44412,0.6092178098676293
44413,0.2658965102286402
44414,0.25523465703971115
44415,0.6006498194945848
44416,0.6691215403128761
44417,0.3666425992779784
44418,0.939927797833935
44419,0.4258002406738869
44420,0.7530445246690733
44421,0.7839951865222623
44422,0.25971119133574005
44423,0.80690734055355
44424,0.5286401925391095
44425,0.6940794223826715
44426,0.28743682310469315
44427,0.037087845968712396
44428,0.5473405535499398
44429,0.15653429602888086
44430,0.22608904933814683
44431,0.4604572803850782
44432,0.7350180505415163
44433,0.3865944645006017
44434,0.36690734055354995
44435,0.09819494584837546
44436,0.465294825511432
44437,0.5522743682310469
44438,0.19858002406738867
44439,0.7208423586040915
44440,0.8100361010830326
44441,0.3179783393501805
44442,0.8978580024067389
44443,0.9612996389891697
44444,0.20750902527075812
44445,0.6225270758122743
44446,0.1834416365824308
44447,0.8192057761732852
44448,0.36012033694344164
44449,0.06955475330926594
44450,0.5867388688327316
44451,0.8418531889290013
44452,0.22385078219013238
44453,0.6378580024067388
44454,0.9111913357400723
44455,0.620216606498195
44456,0.1961973525872443
44457,0.36269554753309263
44458,0.27949458483754513
44459,0.749193742478941
44460,0.718676293622142
44461,0.2861612515042118
44462,0.7108303249097473
44463,0.0332129963898917
44464,0.402503008423586
44465,0.586401925391095
44466,0.46825511432009626
44467,0.9083995186522262
44468,0.04016847172081829
44469,0.6455354993983153
44470,0.8757641395908544
44471,0.36753309265944645
44472,0.3312154031287605
44473,0.718604091456077
44474,0.5293381468110709
44475,0.749410348977136
44476,0.4279663056558364
44477,0.1894344163658243
44478,0.4934296028880866
44479,0.41682310469314077
44480,0.8289049338146811
44481,0.8366546329723225
44482,0.2500842358604092
44483,0.2082791817087846
44484,0.49176895306859203
44485,0.4258243080625752
44486,0.7363658243080626
44487,0.3134777376654633
44488,0.47340553549939834
44489,0.7649578820697954
44490,0.9810108303249098
44491,0.3009867629362214
44492,0.9487845968712395
44493,0.8138146811070999
44494,0.2008664259927798
44495,0.7175210589651022
44496,0.8030324909747293
44497,0.31482551143200965
44498,0.11246690734055355
44499,0.8610108303249098
44500,0.08950661853188929
44501,0.9789651022864019
44502,0.23217809867629363
44503,0.6544645006016847
44504,0.5767509025270758
44505,0.7496991576413959
44506,0.8657761732851985
44507,0.8031046931407942
44508,0.10734055354993983
44509,0.8597593261131167
44510,0.534705174488568
44511,0.8873164861612515
44512,0.23802647412755715
44513,0.63352587244284
44514,0.6160048134777376
44515,0.16279181708784596
44516,0.8752346570397112
44517,0.0934777376654633
44518,0.6730685920577617
44519,0.8061612515042118
44520,0.521179302045728
44521,0.28888086642599275
44522,0.59323706377858
44523,0.21227436823104692
44524,0.7976413959085439
44525,0.32401925391095066
44526,0.8423586040914561
44527,0.6959085439229844
44528,0.6767749699157641
44529,0.8953309265944644
44530,0.9303730445246691
44531,0.0727797833935018
44532,0.8906137184115523
44533,0.3970156438026474
44534,0.45651022864019253
44535,0.7801203369434416
44536,0.6604813477737665
44537,0.6732611311672684
44538,0.4996389891696751
44539,0.8851022864019253
44540,0.3801444043321299
44541,0.681251504211793
44542,0.8736462093862816
44543,0.4386522262334537
44544,0.3983393501805054
44545,0.7171359807460891
44546,0.3008664259927798
44547,0.21042117930204574
44548,0.25730445246690736
44549,0.5075571600481348
44550,0.8646690734055356
44551,0.2885679903730445
44552,0.7627436823104693
44553,0.9540794223826714
44554,0.515667870036101
44555,0.8809867629362214
44556,0.24842358604091458
44557,0.5922503008423586
44558,0.674849578820698
44559,0.49949458483754516
44560,0.3700120336943442
44561,0.7925872442839952
44562,0.5618291215403128
44563,0.3541275571600482
44564,0.9332851985559567
44565,0.6337184115523466
44566,0.5091696750902527
44567,0.5655114320096271
44568,0.9340072202166065
44569,0.49754512635379056
44570,0.06825511432009627
44571,0.16110709987966304
44572,0.44736462093862817
44573,0.6603610108303248
44574,0.11297232250300843
44575,0.17350180505415164
44576,0.8663778580024067
44577,0.2802888086642599
44578,0.07807460890493381
44579,0.41306859205776175
44580,0.13424789410348975
44581,0.17675090252707581
44582,0.4533333333333333
44583,0.19070998796630567
44584,0.9826233453670277
44585,0.6454873646209386
44586,0.26611311672683513
44587,0.08512635379061373
44588,0.26101083032490974
44589,0.7129963898916967
44590,0.5801684717208183
44591,0.5130926594464501
44592,0.13328519855595666
44593,0.7492178098676294
44594,0.76
44595,0.13439229843561973
44596,0.9235619735258724
44597,0.4573044524669073
44598,0.09626955475330926
44599,0.17793020457280384
44600,0.5730445246690734
44601,0.8426233453670277
44602,0.6472442839951865
44603,0.7774969915764139
44604,0.33191335740072203
44605,0.48421179302045725
44606,0.0610589651022864
44607,0.21460890493381468
44608,0.9898194945848375
44609,0.5542719614921781
44610,0.6565824308062576
44611,0.8860649819494585
44612,0.8700842358604092
44613,0.20531889290012034
44614,0.8844524669073406
44615,0.39521058965102285
44616,0.12235860409145607
44617,0.9001925391095067
44618,0.4953068592057762
44619,0.8807701564380265
44620,0.11723225030084236
44621,0.5704933814681108
44622,0.8836341756919375
44623,0.9435379061371841
44624,0.055042117930204575
44625,0.4457280385078219
44626,0.6359085439229843
44627,0.3271480144404332
44628,0.31251504211793024
44629,0.14459687123947051
44630,0.11624548736462093
44631,0.03622141997593261
44632,0.6371841155234657
44633,0.9124909747292419
44634,0.08885679903730445
44635,0.4739109506618532
44636,0.5682791817087847
44637,0.12531889290012033
44638,0.1618531889290012
44639,0.3234416365824308
44640,0.862430806257521
44641,0.10024067388688328
44642,0.5141997593261131
44643,0.4637304452466907
44644,0.8429362214199759
44645,0.41352587244283995
44646,0.2232009626955475
44647,0.2770878459687124
44648,0.9406979542719615
44649,0.9337184115523465
44650,0.8146811070998796
44651,0.4847412755716005
44652,0.6457039711191336
44653,0.28481347773766547
44654,0.25682310469314085
44655,0.25793020457280386
44656,0.8284235860409146
44657,0.16835138387484958
44658,0.6430806257521059
44659,0.09294825511432009
44660,0.9281347773766546
44661,0.07636582430806257
44662,0.21780986762936222
44663,0.2095066185318893
44664,0.5960048134777377
44665,0.8935258724428399
44666,0.5613477737665463
44667,0.5098916967509025
44668,0.14223826714801444
44669,0.11987966305655837
44670,0.9040192539109506
44671,0.3781708784596871
44672,0.6002647412755715
44673,0.3827677496991576
44674,0.27655836341756923
44675,0.04815884476534296
44676,0.023441636582430807
44677,0.43778580024067393
44678,0.7348014440433213
44679,0.0980505415162455
44680,0.9168231046931408
44681,0.4036823104693141
44682,0.26630565583634175
44683,0.3677256317689531
44684,0.5073646209386282
44685,0.056221419975932614
44686,0.6833935018050541
44687,0.232057761732852
44688,0.302503008423586
44689,0.795066185318893
44690,0.34726835138387485
44691,0.29434416365824306
44692,0.376173285198556
44693,0.054103489771359814
44694,0.677930204572804
44695,0.39015643802647415
44696,0.7954271961492179
44697,0.4594705174488568
44698,0.954344163658243
44699,0.8245487364620938
44700,0.8827196149217811
44701,0.3074368231046931
44702,0.13617328519855595
44703,0.4125872442839952
44704,0.4181227436823105
44705,0.8087364620938629
44706,0.8125150421179302
44707,0.7840673886883274
44708,0.2942238267148014
44709,0.3835619735258724
44710,0.6448616125150421
44711,0.5142960288808665
44712,0.4514320096269555
44713,0.9435619735258725
44714,0.7955956678700361
44715,0.1940312876052948
44716,0.23588447653429603
44717,0.9313116726835138
44718,0.09220216606498194
44719,0.1194705174488568
44720,0.11716004813477737
44721,0.42173285198555954
44722,0.16746089049338148
44723,0.3935740072202166
44724,0.11494584837545127
44725,0.47554753309265946
44726,0.7167990373044525
44727,0.3578820697954272
44728,0.7543682310469314
44729,0.670445246690734
44730,0.5625270758122745
44731,0.7536462093862816
44732,0.28921780986762935
44733,0.5042839951865223
44734,0.3488086642599278
44735,0.6134296028880866
44736,0.7076052948255114
44737,0.5810348977135981
44738,0.35961492178098675
44739,0.07034897713598075
44740,0.4974969915764139
44741,0.6744645006016847
44742,0.2988447653429603
44743,0.5802406738868833
44744,0.7636341756919374
44745,0.3773285198555957
44746,0.2946570397111913
44747,0.3362936221419976
44748,0.321323706377858
44749,0.11908543922984358
44750,0.46197352587244284
44751,0.3065222623345367
44752,0.24223826714801444
44753,0.04953068592057762
44754,0.1611552346570397
44755,0.7844765342960289
44756,0.23641395908543922
44757,0.5084717208182912
44758,0.6606738868832731
44759,0.861468110709988
44760,0.8484717208182913
44761,0.49039711191335744
44762,0.5572803850782191
44763,0.11600481347773767
44764,0.5288567990373045
44765,0.6929963898916968
44766,0.7364861612515042
44767,0.7348736462093863
44768,0.39944645006016843
44769,0.06394705174488569
44770,0.8810108303249098
44771,0.30113116726835143
44772,0.1849338146811071
44773,0.5729963898916968
44774,0.2611070998796631
44775,0.814632972322503
44776,0.718820697954272
44777,0.9292900120336943
44778,0.7575451263537907
44779,0.34873646209386283
44780,0.1778820697954272
44781,0.23432009626955475
44782,0.8390613718411553
44783,0.570445246690734
44784,0.530589651022864
44785,0.022984356197352587
44786,0.8314320096269554
44787,0.8030565583634176
44788,0.5227436823104693
44789,0.562286401925391
44790,0.7836582430806257
44791,0.8915523465703972
44792,0.45323706377858
44793,0.5551383874849578
44794,0.4573044524669073
44795,0.35819494584837547
44796,0.9747773766546329
44797,0.3787003610108303
44798,0.05249097472924187
44799,0.1230806257521059
44800,0.6749217809867629
44801,0.2588688327316486
44802,0.11545126353790613
44803,0.5265703971119133
44804,0.7288808664259928
44805,0.8574247894103489
44806,0.9861131167268351
44807,0.8627436823104693
44808,0.7003128760529482
44809,0.29614921780986764
44810,0.8630565583634175
44811,0.4749939831528279
44812,0.2875090252707581
44813,0.5046690734055355
44814,0.6126353790613719
44815,0.2322503008423586
44816,0.6579302045728038
44817,0.027051744885679904
44818,0.9782671480144405
44819,0.4777135980746089
44820,0.6634175691937425
44821,0.13326113116726834
44822,0.9438026474127557
44823,0.6987725631768953
44824,0.6578098676293622
44825,0.5650060168471721
44826,0.6209386281588447
44827,0.18765342960288808
44828,0.650878459687124
44829,0.48457280385078216
44830,0.20700361010830326
44831,0.2179542719614922
44832,0.6387244283995186
44833,0.4011070998796631
44834,0.8303730445246691
44835,0.625583634175692
44836,0.23167268351383874
44837,0.4525872442839952
44838,0.5951865222623345
44839,0.22760529482551145
44840,0.45968712394705175
44841,0.7443080625752105
44842,0.38471720818291216
44843,0.1505655836341757
44844,0.8286401925391096
44845,0.29771359807460895
44846,0.3205054151624549
44847,0.5137424789410349
44848,0.6271239470517449
44849,0.2835138387484958
44850,0.9915282791817088
44851,0.6739831528279181
44852,0.6484957882069795
44853,0.8861131167268351
44854,0.14454873646209387
44855,0.5977135980746089
44856,0.2157641395908544
44857,0.9632490974729242
44858,0.2972322503008423
44859,0.5414681107099879
44860,0.6155234657039712
44861,0.6340072202166065
44862,0.4090252707581228
44863,0.18341756919374247
44864,0.353453670276775
44865,0.7926594464500603
44866,0.48067388688327317
44867,0.21022864019253912
44868,0.9048134777376655
44869,0.8564139590854392
44870,0.38799037304452466
44871,0.9682791817087846
44872,0.4307581227436823
44873,0.6966305655836342
44874,0.7884957882069795
44875,0.561540312876053
44876,0.49754512635379067
44877,0.9057761732851985
44878,0.20067388688327317
44879,0.5383393501805054
44880,0.33407942238267146
44881,0.7720336943441637
44882,0.3113357400722022
44883,0.6516486161251505
44884,0.46363417569193743
44885,0.370589651022864
44886,0.5204332129963899
44887,0.4538146811070999
44888,0.4104211793020457
44889,0.011600481347773766
44890,0.8390373044524668
44891,0.1812274368231047
44892,0.049747292418772564
44893,0.6334777376654632
44894,0.8142719614921781
44895,0.03393501805054152
44896,0.7223826714801445
44897,0.1830806257521059
44898,0.21172081829121542
44899,0.6721058965102287
44900,0.1818291215403129
44901,0.27889290012033696
44902,0.1855595667870036
44903,0.6401203369434416
44904,0.4429362214199759
44905,0.10702767749699157
44906,0.6273164861612515
44907,0.2006257521058965
44908,0.10389891696750903
44909,0.3981227436823105
44910,0.5942960288808664
44911,0.9444524669073406
44912,0.4475571600481348
44913,0.8489290012033694
44914,0.5221660649819495
44915,0.11456077015643802
44916,0.3928519855595668
44917,0.32661853188929
44918,0.8290012033694345
44919,0.39477737665463297
44920,0.7267148014440433
44921,0.36
44922,0.23492178098676292
44923,0.9496269554753309
44924,0.9030324909747292
44925,0.9129241877256318
44926,0.23910950661853192
44927,0.16002406738868835
44928,0.8872202166064982
44929,0.5649578820697954
44930,0.24385078219013237
44931,0.6242117930204573
44932,0.15371841155234656
44933,0.5366305655836341
44934,0.4287123947051745
44935,0.49246690734055354
44936,0.5962695547533092
44937,0.4292900120336943
44938,0.7611311672683514
44939,0.6444283995186523
44940,0.08351383874849579
44941,0.2820216606498195
44942,0.007460890493381469
44943,0.3023826714801444
44944,0.9491215403128761
44945,0.30849578820697954
44946,0.8617328519855596
44947,0.4557641395908544
44948,0.8754993983152828
44949,0.4136462093862816
44950,0.9672442839951865
44951,0.7862815884476535
44952,0.8222623345367028
44953,0.936173285198556
44954,0.2857039711191336
44955,0.3617087845968712
44956,0.7684957882069796
44957,0.17150421179302044
44958,0.8761251504211793
44959,0.3820457280385078
44960,0.5643561973525872
44961,0.4674127557160048
44962,0.7409386281588448
44963,0.9684717208182911
44964,0.3978820697954272
44965,0.9571841155234657
44966,0.8130445246690734
44967,0.029001203369434417
44968,0.5594705174488568
44969,0.8022141997593262
44970,0.9408182912154031
44971,0.28531889290012036
44972,0.5303489771359807
44973,0.1599037304452467
44974,0.1699638989169675
44975,0.8019494584837545
44976,0.44868832731648617
44977,0.3723225030084236
44978,0.4655354993983153
44979,0.3522503008423586
44980,0.5104933814681107
44981,0.5051744885679903
44982,0.2665222623345367
44983,0.5232731648616125
44984,0.009338146811070999
44985,0.7100601684717208
44986,0.2354993983152828
44987,0.3365824308062575
44988,0.30873646209386285
44989,0.7344645006016848
44990,0.22695547533092658
44991,0.9303971119133574
44992,0.039783393501805056
44993,0.06276774969915765
44994,0.5122021660649819
44995,0.36173285198555954
44996,0.7234175691937424
44997,0.11720818291215404
44998,0.3978820697954272
44999,0.582647412755716
45000,0.44447653429602885
45001,0.0500361010830325
45002,0.6560529482551143
45003,0.8214440433212997
45004,0.8418772563176895
45005,0.29311672683513834
45006,0.057472924187725635
45007,0.3528038507821901
45008,0.8985078219013237
45009,0.4650782190132371
45010,0.9793742478941034
45011,0.6229602888086643
45012,0.8386762936221419
45013,0.44091456077015645
45014,0.17848375451263537
45015,0.8308784596871239
45016,0.07932611311672684
45017,0.7871961492178099
45018,0.46534296028880867
45019,0.25581227436823106
45020,0.11542719614921781
45021,0.9233212996389892
45022,0.654705174488568
45023,0.7954993983152827
45024,0.5679181708784597
45025,0.4156197352587244
45026,0.5594705174488568
45027,0.9599037304452467
45028,0.8238507821901324
45029,0.3229121540312876
45030,0.2793742478941035
45031,0.7086161251504212
45032,0.6844043321299639
45033,0.16276774969915764
45034,0.8674127557160047
45035,0.24385078219013237
45036,0.6395908543922983
45037,0.9135018050541517
45038,0.17997593261131167
45039,0.8140794223826715
45040,0.5825752105896511
45041,0.6373766546329723
45042,0.797424789410349
45043,0.3784115523465704
45044,0.16226233453670277
45045,0.8189891696750902
45046,0.23080625752105893
45047,0.9704211793020457
45048,0.4321058965102287
45049,0.610734055354994
45050,0.7525150421179302
45051,0.7400481347773766
45052,0.4617328519855596
45053,0.1255354993983153
45054,0.3789651022864019
45055,0.7755475330926594
45056,0.09261131167268352
45057,0.8798074608904933
45058,0.6993261131167269
45059,0.7376654632972323
45060,0.3740312876052948
45061,0.5055354993983153
45062,0.823826714801444
45063,0.3541516245487365
45064,0.2752827918170878
45065,0.8762214199759326
45066,0.7420457280385078
45067,0.4660168471720818
45068,0.31099879663056557
45069,0.06570397111913358
45070,0.3404572803850782
45071,0.8727557160048135
45072,0.3660168471720818
45073,0.5311913357400722
45074,0.4440673886883273
45075,0.13696750902527075
45076,0.19138387484957883
45077,0.17376654632972321
45078,0.26746089049338145
45079,0.33720818291215404
45080,0.05148014440433213
45081,0.177208182912154
45082,0.8021901323706377
45083,0.24986762936221418
45084,0.6423345367027677
45085,0.09759326113116726
45086,0.554849578820698
45087,0.890445246690734
45088,0.5136462093862816
45089,0.6783393501805054
45090,0.09807460890493382
45091,0.8675812274368231
45092,0.2034175691937425
45093,0.5867148014440433
45094,0.5441395908543922
45095,0.32912154031287605
45096,0.4203369434416366
45097,0.09631768953068592
45098,0.7839470517448857
45099,0.09540312876052948
45100,0.5774007220216606
45101,0.7320818291215403
45102,0.41537906137184116
45103,0.5730445246690734
45104,0.3702045728038508
45105,0.18972322503008424
45106,0.8902767749699159
45107,0.3763417569193742
45108,0.9658965102286402
45109,0.9527075812274368
45110,0.26765342960288807
45111,0.3482791817087846
45112,0.7905415162454874
45113,0.8237304452466907
45114,0.40483754512635384
45115,0.7131167268351384
45116,0.06474127557160048
45117,0.6740794223826715
45118,0.4097472924187726
45119,0.611841155234657
45120,0.42346570397111916
45121,0.9008423586040915
45122,0.9024789410348977
45123,0.45001203369434417
45124,0.17785800240673888
45125,0.32187725631768954
45126,0.08681107099879663
45127,0.15388688327316485
45128,0.022575210589651024
45129,0.5532851985559566
45130,0.22753309265944643
45131,0.6946329723225031
45132,0.1777858002406739
45133,0.44057761732851985
45134,0.9765102286401925
45135,0.8906859205776174
45136,0.17039711191335738
45137,0.4419735258724429
45138,0.3286883273164862
45139,0.15468110709987964
45140,0.2844765342960289
45141,0.9995667870036101
45142,0.8782671480144404
45143,0.7062334536702768
45144,0.6787003610108303
45145,0.9016365824308062
45146,0.40324909747292415
45147,0.9671480144404332
45148,0.5570637785800241
45149,0.41622141997593265
45150,0.909699157641396
45151,0.8217087845968712
45152,0.25383874849578825
45153,0.17711191335740073
45154,0.389410348977136
45155,0.8019735258724429
45156,0.2802647412755716
45157,0.5667148014440433
45158,0.02442839951865223
45159,0.7118892900120337
45160,0.14676293622141998
45161,0.5403369434416365
45162,0.9090012033694344
45163,0.3699157641395908
45164,0.08864019253910951
45165,0.7899638989169675
45166,0.554777376654633
45167,0.4261853188929001
45168,0.24067388688327315
45169,0.8975210589651024
45170,0.3267388688327316
45171,0.9648134777376655
45172,0.2966064981949459
45173,0.530156438026474
45174,0.47027677496991577
45175,0.6034897713598075
45176,0.1076534296028881
45177,0.6886401925391095
45178,0.2695066185318893
45179,0.3948977135980746
45180,0.4728038507821901
45181,0.6361492178098676
45182,0.06580024067388687
45183,0.38933814681107104
45184,0.22938628158844765
45185,0.7945126353790614
45186,0.9973044524669074
45187,0.5474849578820697
45188,0.5037304452466908
45189,0.7509506618531889
45190,0.7952827918170878
45191,0.5153309265944646
45192,0.6490734055354994
45193,0.4248134777376655
45194,0.05258724428399519
45195,0.69985559566787
45196,0.17176895306859205
45197,0.8820697954271961
45198,0.20339350180505417
45199,0.7509025270758123
45200,0.34298435619735257
45201,0.989121540312876
45202,0.9942719614921781
45203,0.9242839951865223
45204,0.7172322503008424
45205,0.5713598074608905
45206,0.31677496991576415
45207,0.11253910950661852
45208,0.01571600481347774
45209,0.36683513838748494
45210,0.3516245487364621
45211,0.08736462093862817
45212,0.3338146811070999
45213,0.8461853188929
45214,0.13386281588447652
45215,0.9037063778580023
45216,0.8206498194945848
45217,0.1291696750902527
45218,0.11453670276774972
45219,0.644043321299639
45220,0.7942960288808665
45221,0.6528519855595668
45222,0.9721299638989169
45223,0.8755234657039711
45224,0.8380505415162456
45225,0.9823345367027678
45226,0.9283995186522263
45227,0.1318170878459687
45228,0.549265944645006
45229,0.6150902527075812
45230,0.729193742478941
45231,0.3709265944645006
45232,0.8160770156438026
45233,0.9379302045728038
45234,0.5642117930204573
45235,0.32084235860409144
45236,0.43942238267148015
45237,0.95985559566787
45238,0.7687605294825511
45239,0.555066185318893
45240,0.43932611311672687
45241,0.8296750902527076
45242,0.2622864019253911
45243,0.8131889290012033
45244,0.3679663056558363
45245,0.7757641395908543
45246,0.7522984356197353
45247,0.6028158844765343
45248,0.294632972322503
45249,0.8510709987966305
45250,0.7652707581227437
45251,0.4542960288808664
45252,0.12081829121540313
45253,0.12618531889290013
45254,0.10522262334536703
45255,0.5075571600481348
45256,0.45756919374247895
45257,0.6650541516245487
45258,0.2696028880866426
45259,0.5436101083032492
45260,0.6553309265944645
45261,0.7643080625752106
45262,0.09237063778580024
45263,0.3383152827918171
45264,0.35961492178098675
45265,0.5318170878459687
45266,0.3121540312876053
45267,0.10440433212996389
45268,0.6923706377858002
45269,0.6999277978339351
45270,0.338748495788207
45271,0.23910950661853192
45272,0.40129963898916965
45273,0.5004332129963899
45274,0.8295306859205777
45275,0.6936462093862816
45276,0.1975210589651023
45277,0.6883513838748496
45278,0.004717208182912155
45279,0.37448856799037306
45280,0.3282069795427196
45281,0.6702527075812275
45282,0.34664259927797836
45283,0.6014921780986764
45284,0.2353309265944645
45285,0.5484235860409146
45286,0.9500120336943442
45287,0.3695547533092659
45288,0.44
45289,0.5286642599277978
45290,0.7362936221419976
45291,0.35896510228640194
45292,0.3508543922984356
45293,0.21109506618531887
45294,0.45574007220216606
45295,0.5058483754512635
45296,0.5094584837545126
45297,0.7477256317689531
45298,0.9082069795427197
45299,0.2702045728038508
45300,0.22962695547533093
45301,0.027605294825511432
45302,0.6470758122743683
45303,0.46767749699157646
45304,0.10914560770156438
45305,0.20868832731648618
45306,0.8287605294825511
45307,0.462791817087846
45308,0.032394705174488565
45309,0.10630565583634176
45310,0.6896510228640192
45311,0.31227436823104693
45312,0.2673405535499398
45313,0.4930926594464501
45314,0.46021660649819496
45315,0.6181708784596871
45316,0.9914801444043322
45317,0.8070998796630565
45318,0.40577617328519855
45319,0.10373044524669073
45320,0.33951865222623345
45321,0.14849578820697953
45322,0.6930445246690734
45323,0.13874849578820697
45324,0.21793020457280388
45325,0.6205776173285198
45326,0.30837545126353794
45327,0.9981949458483754
45328,0.14880866425992778
45329,0.5997593261131167
45330,0.9538146811070999
45331,0.08948255114320096
45332,0.93985559566787
45333,0.41732851985559566
45334,0.7985800240673887
45335,0.1098676293622142
45336,0.19044524669073404
45337,0.05752105896510228
45338,0.2980746089049338
45339,0.6366305655836342
45340,0.6426955475330927
45341,0.1531407942238267
45342,0.109338146811071
45343,0.5398796630565583
45344,0.6204813477737665
45345,0.3347533092659446
45346,0.9971841155234658
45347,0.5361973525872443
45348,0.6137906137184116
45349,0.09549939831528279
45350,0.30929001203369433
45351,0.6184356197352587
45352,0.8531407942238267
45353,0.4749699157641396
45354,0.36611311672683516
45355,0.00904933814681107
45356,0.9683995186522263
45357,0.13265944645006017
45358,0.5082069795427197
45359,0.6168231046931407
45360,0.4963176895306859
45361,0.5303971119133574
45362,0.7658002406738869
45363,0.7843802647412755
45364,0.41619735258724433
45365,0.4175451263537906
45366,0.49318892900120337
45367,0.5270758122743682
45368,0.6040914560770156
45369,0.25773766546329724
45370,0.8039951865222623
45371,0.4702767749699158
45372,0.501395908543923
45373,0.6622382671480145
45374,0.8139831528279182
45375,0.8239229843561974
45376,0.8178339350180506
45377,0.502575210589651
45378,0.337424789410349
45379,0.730806257521059
45380,0.6629843561973525
45381,0.48375451263537905
45382,0.9924187725631769
45383,0.6990613718411552
45384,0.29521058965102287
45385,0.0734777376654633
45386,0.6755956678700361
45387,0.5083513838748496
45388,0.6980024067388688
45389,0.7250300842358604
45390,0.7843080625752106
45391,0.2446690734055355
45392,0.8806979542719615
45393,0.45143200962695545
45394,0.06673886883273165
45395,0.4144163658243081
45396,0.5127075812274369
45397,0.5039951865222624
45398,0.9270276774969916
45399,0.5098435619735259
45400,0.8558363417569194
45401,0.23785800240673888
45402,0.025776173285198555
45403,0.21484957882069794
45404,0.801107099879663
45405,0.10632972322503009
45406,0.8949217809867629
45407,0.9956197352587244
45408,0.17123947051744887
45409,0.17797833935018048
45410,0.2263297232250301
45411,0.7608904933814682
45412,0.7907099879663058
45413,0.05740072202166065
45414,0.05670276774969916
45415,0.1823586040914561
45416,0.036847172081829124
45417,0.9857280385078219
45418,0.007918170878459687
45419,0.21655836341756918
45420,0.5493622141997594
45421,0.589049338146811
45422,0.11720818291215404
45423,0.5200962695547533
45424,0.702503008423586
45425,0.05513838748495788
45426,0.25494584837545126
45427,0.9624789410348977
45428,0.2032490974729242
45429,0.6917930204572804
45430,0.2705655836341757
45431,0.15410348977135982
45432,0.9575210589651023
45433,0.8240192539109507
45434,0.6655595667870036
45435,0.6871720818291216
45436,0.5119374247894104
45437,0.37677496991576415
45438,0.39809867629362217
45439,0.19679903730445247
45440,0.12206979542719615
45441,0.8701083032490975
45442,0.841468110709988
45443,0.7842839951865223
45444,0.9752346570397112
45445,0.740962695547533
45446,0.42178098676293624
45447,0.24296028880866427
45448,0.14717208182912156
45449,0.5226714801444043
45450,0.23359807460890492
45451,0.34247894103489773
45452,0.7152827918170879
45453,0.48024067388688324
45454,0.6670758122743683
45455,0.012635379061371842
45456,0.9448856799037304
45457,0.23451263537906136
45458,0.4710950661853189
45459,0.3514560770156438
45460,0.6756919374247894
45461,0.06714801444043321
45462,0.5467629362214199
45463,0.8538387484957882
45464,0.9838748495788208
45465,0.23877256317689532
45466,0.40129963898916965
45467,0.7655595667870037
45468,0.8808423586040914
45469,0.25901323706377855
45470,0.5521780986762936
45471,0.23696750902527075
45472,0.16671480144404333
45473,0.2677015643802647
45474,0.9309025270758122
45475,0.9268592057761733
45476,0.6300601684717209
45477,0.530734055354994
45478,0.9215403128760529
45479,0.06235860409145608
45480,0.3109025270758123
45481,0.3975451263537906
45482,0.81338146811071
45483,0.7943922984356198
45484,0.8700361010830324
45485,0.7011070998796631
45486,0.47456077015643805
45487,0.8105896510228641
45488,0.850950661853189
45489,0.12762936221419977
45490,0.47776173285198553
45491,0.40117930204572805
45492,0.9075812274368231
45493,0.6794223826714801
45494,0.29819494584837547
45495,0.3536462093862816
45496,0.733742478941035
45497,0.659783393501805
45498,0.8154271961492179
45499,0.5879663056558363
45500,0.6319374247894103
45501,0.07807460890493381
45502,0.7047894103489771
45503,0.05549939831528279
45504,0.7883273164861613
45505,0.39148014440433215
45506,0.21653429602888086
45507,0.6719133574007221
45508,0.9893140794223827
45509,0.8086401925391096
45510,0.16445246690734056
45511,0.90028880866426
45512,0.26717208182912155
45513,0.3619975932611311
45514,0.9823104693140794
45515,0.4792057761732852
45516,0.3462334536702768
45517,0.406835138387485
45518,0.5088327316486161
45519,0.737713598074609
45520,0.6683754512635379
45521,0.3135740072202166
45522,0.4252707581227437
45523,0.8675571600481348
45524,0.09391095066185319
45525,0.5678941034897713
45526,0.28806257521058964
45527,0.6137665463297233
45528,0.9167990373044524
45529,0.5748255114320096
45530,0.6273164861612515
45531,0.625150421179302
45532,0.29771359807460895
45533,0.6200240673886883
45534,0.07415162454873647
45535,0.3503730445246691
45536,0.42346570397111916
45537,0.9897472924187726
45538,0.7895547533092659
45539,0.8061853188929001
45540,0.14300842358604093
45541,0.687870036101083
45542,0.17855595667870036
45543,0.2558604091456077
45544,0.5862575210589651
45545,0.1374488567990373
45546,0.1716245487364621
45547,0.6758604091456077
45548,0.29338146811071
45549,0.40531889290012035
45550,0.9749458483754513
45551,0.06173285198555957
45552,0.8387244283995187
45553,0.9313838748495789
45554,0.456028880866426
45555,0.6614921780986762
45556,0.46791817087845966
45557,0.4724428399518652
45558,0.5426233453670277
45559,0.5615884476534296
45560,0.03032490974729242
45561,0.20724428399518652
45562,0.8657280385078219
45563,0.42584837545126353
45564,0.4542719614921781
45565,0.9178098676293622
45566,0.676245487364621
45567,0.27456077015643804
45568,0.9945367027677496
45569,0.15535499398315283
45570,0.7792057761732852
45571,0.9092178098676293
45572,0.3956438026474127
45573,0.20746089049338146
45574,0.19504211793020457
45575,0.9796389891696751
45576,0.9726353790613719
45577,0.17323706377858003
45578,0.22531889290012033
45579,0.1314560770156438
45580,0.5329963898916967
45581,0.8248856799037305
45582,0.32919374247894106
45583,0.1530445246690734
45584,0.28774969915764137
45585,0.42228640192539113
45586,0.4120336943441637
45587,0.8578820697954272
45588,0.3821901323706378
45589,0.6919614921780988
45590,0.1051022864019254
45591,0.7314560770156437
45592,0.17316486161251504
45593,0.8047653429602888
45594,0.3698676293622142
45595,0.7140312876052948
45596,0.8278700361010831
45597,0.1370878459687124
45598,0.9260168471720818
45599,0.18996389891696752
45600,0.6270998796630566
45601,0.24392298435619736
45602,0.6487123947051745
45603,0.904043321299639
45604,0.4332129963898917
45605,0.9666666666666667
45606,0.9505655836341758
45607,0.65338146811071
45608,0.7773285198555957
45609,0.7972803850782191
45610,0.20685920577617328
45611,0.6944885679903731
45612,0.5769193742478942
45613,0.623826714801444
45614,0.7414440433212997
45615,0.644187725631769
45616,0.17511432009626957
45617,0.19530685920577617
45618,0.9143441636582431
45619,0.7763176895306859
45620,0.24984356197352586
45621,0.4965583634175692
45622,0.2971119133574007
45623,0.6617809867629363
45624,0.7556438026474127
45625,0.7321299638989169
45626,0.024813477737665464
45627,0.5741275571600482
45628,0.060433212996389894
45629,0.04380264741275572
45630,0.13800240673886882
45631,0.6524669073405536
45632,0.4928519855595668
45633,0.5195427196149218
45634,0.6511672683513838
45635,0.3743922984356197
45636,0.010661853188929
45637,0.08774969915764139
45638,0.9364380264741275
45639,0.4431768953068592
45640,0.3477496991576414
45641,0.391841155234657
45642,0.44700361010830325
45643,0.5135018050541517
45644,0.6253429602888086
45645,0.44717208182912155
45646,0.1061612515042118
45647,0.8225511432009627
45648,0.09663056558363417
45649,0.7090734055354994
45650,0.22842358604091456
45651,0.46606498194945845
45652,0.45788206979542717
45653,0.9548014440433212
45654,0.21838748495788207
45655,0.46531889290012035
45656,0.2570156438026474
45657,0.588375451263538
45658,0.14312876052948253
45659,0.7542960288808664
45660,0.1854632972322503
45661,0.8271480144404333
45662,0.4060649819494585
45663,0.7224067388688327
45664,0.5517448856799038
45665,0.8411552346570397
45666,0.7894825511432009
45667,0.7566064981949459
45668,0.9732851985559567
45669,0.403898916967509
45670,0.2900601684717208
45671,0.747797833935018
45672,0.07663056558363418
45673,0.8510228640192539
45674,0.29518652226233455
45675,0.9728760529482552
45676,0.6508543922984356
45677,0.7327316486161252
45678,0.9831528279181709
45679,0.70014440433213
45680,0.7004091456077015
45681,0.23901323706377858
45682,0.13629362214199758
45683,0.4443321299638989
45684,0.02628158844765343
45685,0.6359085439229843
45686,0.9995667870036101
45687,0.909410348977136
45688,0.6095066185318894
45689,0.8159807460890494
45690,0.04685920577617328
45691,0.14929001203369435
45692,0.8839229843561973
45693,0.3300361010830325
45694,0.7626955475330927
45695,0.5248134777376654
45696,0.04433212996389892
45697,0.9870998796630566
45698,0.10348977135980746
45699,0.8081347773766546
45700,0.96043321299639
45701,0.2354271961492178
45702,0.49268351383874853
45703,0.7889290012033694
45704,0.4294344163658243
45705,0.3198074608904934
45706,0.7205294825511432
45707,0.23131167268351382
45708,0.8803369434416366
45709,0.07371841155234657
45710,0.1394705174488568
45711,0.615884476534296
45712,0.16575210589651024
45713,0.9151865222623345
45714,0.8560770156438027
45715,0.6552346570397112
45716,0.8219494584837546
45717,0.1045968712394705
45718,0.6291937424789411
45719,0.4976173285198556
45720,0.07963898916967509
45721,0.5399759326113116
45722,0.7418291215403129
45723,0.1978098676293622
45724,0.2203610108303249
45725,0.6479181708784597
45726,0.06962695547533093
45727,0.46055354993983155
45728,0.08820697954271961
45729,0.22351383874849579
45730,0.77309265944645
45731,0.342575210589651
45732,0.6262575210589651
45733,0.33634175691937424
45734,0.587725631768953
45735,0.8184115523465704
45736,0.9744645006016848
45737,0.8021419975932611
45738,0.5177617328519856
45739,0.03588447653429603
45740,0.7756197352587244
45741,0.5774488567990373
45742,0.8999037304452466
45743,0.47032490974729246
45744,0.9672683513838749
45745,0.08312876052948255
45746,0.2748014440433213
45747,0.6814199759326114
45748,0.3410348977135981
45749,0.5879663056558364
45750,0.13617328519855595
45751,0.2667870036101083
45752,0.7540553549939831
45753,0.9347051744885679
45754,0.316028880866426
45755,0.9650300842358603
45756,0.3529241877256318
45757,0.9406979542719616
45758,0.5537424789410349
45759,0.4816606498194946
45760,0.0249338146811071
45761,0.44173285198555956
45762,0.34464500601684717
45763,0.5373285198555957
45764,0.21586040914560772
45765,0.8316004813477738
45766,0.9363898916967509
45767,0.4312394705174489
45768,0.6360770156438027
45769,0.5979783393501805
45770,0.12024067388688328
45771,0.24659446450060168
45772,0.478531889290012
45773,0.17595667870036102
45774,0.9854632972322503
45775,0.19670276774969916
45776,0.31687123947051743
45777,0.8840192539109506
45778,0.7116486161251504
45779,0.24820697954271959
45780,0.9574729241877256
45781,0.03424789410348977
45782,0.732274368231047
45783,0.09227436823104693
45784,0.1315523465703971
45785,0.18979542719614922
45786,0.5215643802647413
45787,0.3506859205776173
45788,0.597280385078219
45789,0.2527316486161251
45790,0.04091456077015644
45791,0.9647894103489771
45792,0.1700601684717208
45793,0.05518652226233454
45794,0.02267148014440433
45795,0.4586522262334537
45796,0.2901564380264741
45797,0.38466907340553547
45798,0.25258724428399515
45799,0.8935258724428399
45800,0.7470517448856799
45801,0.3394464500601685
45802,0.030373044524669074
45803,0.2991817087845969
45804,0.6087605294825511
45805,0.38864019253910953
45806,0.792202166064982
45807,0.4803850782190132
45808,0.6098916967509025
45809,0.31997593261131163
45810,0.308014440433213
45811,0.16235860409145608
45812,0.7653188929001203
45813,0.7460168471720818
45814,0.9446931407942238
45815,0.7574969915764139
45816,0.10601684717208182
45817,0.44069795427196146
45818,0.22601684717208181
45819,0.1407942238267148
45820,0.044524669073405534
45821,0.7904933814681108
45822,0.384115523465704
45823,0.5946570397111913
45824,0.32113116726835134
45825,0.3402406738868833
45826,0.8227436823104692
45827,0.8044524669073405
45828,0.5221660649819495
45829,0.8948495788206979
45830,0.20979542719614921
45831,0.8864981949458484
45832,0.5487605294825512
45833,0.13687123947051744
45834,0.5770637785800241
45835,0.8453429602888086
45836,0.2571119133574007
45837,0.5202406738868832
45838,0.6652226233453671
45839,0.5266425992779784
45840,0.3305655836341757
45841,0.40464500601684716
45842,0.5724909747292419
45843,0.357352587244284
45844,0.15959085439229842
45845,0.32697954271961494
45846,0.22577617328519856
45847,0.06096269554753309
45848,0.121323706377858
45849,0.5699638989169675
45850,0.4931167268351384
45851,0.0970156438026474
45852,0.9544645006016848
45853,0.637352587244284
45854,0.34052948255114324
45855,0.6697472924187726
45856,0.9143922984356198
45857,0.6520096269554754
45858,0.15896510228640193
45859,0.40048134777376654
45860,0.5975932611311673
45861,0.7700120336943441
45862,0.9840192539109507
45863,0.04878459687123947
45864,0.41383874849578817
45865,0.4138387484957882
45866,0.6553068592057762
45867,0.06072202166064982
45868,0.8412033694344163
45869,0.18101083032490975
45870,0.7362214199759326
45871,0.6114560770156439
45872,0.70647412755716
45873,0.5394223826714801
45874,0.39877256317689525
45875,0.4222141997593261
45876,0.01200962695547533
45877,0.8949699157641395
45878,0.9821179302045728
45879,0.9697954271961493
45880,0.8958363417569194
45881,0.5034416365824308
45882,0.19422382671480143
45883,0.06657039711191336
45884,0.6410830324909748
45885,0.20839951865222622
45886,0.5792298435619736
45887,0.07054151624548737
45888,0.7288808664259927
45889,0.6397833935018051
45890,0.9849097472924189
45891,0.26743682310469313
45892,0.2898194945848376
45893,0.2720096269554753
45894,0.14770156438026474
45895,0.8539109506618532
45896,0.8228399518652225
45897,0.21826714801444044
45898,0.8709747292418772
45899,0.2939350180505415
45900,0.9500361010830325
45901,0.8892418772563178
45902,0.37114320096269554
45903,0.11927797833935018
45904,0.9838507821901323
45905,0.2075571600481348
45906,0.24645006016847174
45907,0.36993983152827914
45908,0.6828399518652226
45909,0.397135980746089
45910,0.6312394705174489
45911,0.547581227436823
45912,0.7610589651022864
45913,0.8004572803850782
45914,0.5757641395908544
45915,0.08257521058965102
45916,0.2022864019253911
45917,0.7401203369434417
45918,0.6805776173285198
45919,0.07855595667870036
45920,0.549338146811071
45921,0.5938868832731649
45922,0.40664259927797836
45923,0.23773766546329722
45924,0.6882551143200962
45925,0.5026955475330926
45926,0.3609626955475331
45927,0.40909747292418774
45928,0.6290012033694344
45929,0.9014921780986762
45930,0.5136943441636582
45931,0.5750902527075812
45932,0.15212996389891698
45933,0.923898916967509
45934,0.6680625752105896
45935,0.6896991576413959
45936,0.14955475330926593
45937,0.4713838748495788
45938,0.8735018050541516
45939,0.943008423586041
45940,0.7847653429602888
45941,0.6730685920577617
45942,0.6681347773766546
45943,0.5755956678700361
45944,0.17742478941034898
45945,0.00628158844765343
45946,0.6009626955475331
45947,0.9003850782190133
45948,0.2808664259927798
45949,0.21239470517448855
45950,0.1129482551143201
45951,0.09369434416365824
45952,0.46856799037304453
45953,0.8047894103489771
45954,0.8845006016847172
45955,0.5860890493381468
45956,0.19258724428399518
45957,0.3140312876052948
45958,0.4727797833935018
45959,0.801612515042118
45960,0.6136462093862816
45961,0.5920818291215403
45962,0.040794223826714805
45963,0.9053429602888086
45964,0.19391095066185318
45965,0.29862815884476535
45966,0.05549939831528279
45967,0.9148977135980746
45968,0.03369434416365824
45969,0.17434416365824307
45970,0.4325631768953069
45971,0.2833935018050542
45972,0.49824308062575207
45973,0.595956678700361
45974,0.3910469314079422
45975,0.4937424789410349
45976,0.8457521058965103
45977,0.3102045728038508
45978,0.2700601684717208
45979,0.587725631768953
45980,0.1678219013237064
45981,0.4530204572803851
45982,0.1511672683513839
45983,0.9293622141997593
45984,0.8926835138387486
45985,0.7275812274368232
45986,0.9783393501805053
45987,0.9371600481347774
45988,0.12296028880866426
45989,0.9260890493381468
45990,0.01265944645006017
45991,0.7364861612515042
45992,0.9715042117930205
45993,0.8328519855595669
45994,0.1631768953068592
45995,0.005824308062575211
45996,0.6721780986762936
45997,0.6190854392298435
45998,0.008158844765342961
45999,0.9645728038507821
46000,0.10320096269554754
46001,0.4289049338146811
46002,0.19208182912154032
46003,0.8841636582430806
46004,0.5622382671480144
46005,0.5930685920577617
46006,0.027051744885679904
46007,0.08876052948255114
46008,0.36406738868832733
46009,0.23648616125150423
46010,0.04943441636582431
46011,0.9456799037304453
46012,0.9284476534296029
46013,0.9564139590854392
46014,0.20466907340553547
46015,0.26635379061371844
46016,0.738604091456077
46017,0.34762936221419977
46018,0.9477256317689531
46019,0.8570878459687123
46020,0.34397111913357403
46021,0.1340072202166065
46022,0.18587244283995186
46023,0.3811552346570397
46024,0.3077737665463297
46025,0.3082551143200963
46026,0.8551865222623345
46027,0.1689771359807461
46028,0.3687123947051745
46029,0.9261131167268352
46030,0.3367990373044525
46031,0.3218531889290012
46032,0.7095788206979543
46033,0.21022864019253912
46034,0.8794464500601684
46035,0.4563898916967509
46036,0.6002647412755716
46037,0.9355716004813478
46038,0.1289771359807461
46039,0.41237063778580024
46040,0.43148014440433213
46041,0.6649578820697954
46042,0.18787003610108302
46043,0.49802647412755713
46044,0.6257521058965102
46045,0.6934296028880866
46046,0.05636582430806257
46047,0.9327316486161251
46048,0.3881107099879663
46049,0.5844283995186522
46050,0.46048134777376654
46051,0.8811311672683514
46052,0.06799037304452467
46053,0.8057761732851985
46054,0.5948736462093862
46055,0.17282791817087845
46056,0.027003610108303246
46057,0.0963898916967509
46058,0.485511432009627
46059,0.33379061371841157
46060,0.9824308062575211
46061,0.5104211793020457
46062,0.05422382671480144
46063,0.48709987966305657
46064,0.8036341756919374
46065,0.6893140794223827
46066,0.7392779783393502
46067,0.10637785800240673
46068,0.1864500601684717
46069,0.5517448856799037
46070,0.9325150421179302
46071,0.11196149217809867
46072,0.2049097472924188
46073,0.4231528279181709
46074,0.6358363417569194
46075,0.1385078219013237
46076,0.2179061371841155
46077,0.08024067388688327
46078,0.7617569193742479
46079,0.03831528279181709
46080,0.7904211793020457
46081,0.19942238267148016
46082,0.6856799037304453
46083,0.29910950661853186
46084,0.5663537906137184
46085,0.006233453670276775
46086,0.22048134777376655
46087,0.07439229843561973
46088,0.2017809867629362
46089,0.5657521058965103
46090,0.9331407942238268
46091,0.911624548736462
46092,0.19232250300842357
46093,0.5500842358604092
46094,0.5228158844765343
46095,0.8884957882069795
46096,0.565222623345367
46097,0.39537906137184115
46098,0.9369915764139591
46099,0.11070998796630566
46100,0.46447653429602886
46101,0.19460890493381466
46102,0.7816847172081829
46103,0.7299157641395908
46104,0.7686883273164862
46105,0.47157641395908545
46106,0.7969193742478942
46107,0.6686642599277979
46108,0.6357641395908544
46109,0.30392298435619736
46110,0.6563658243080626
46111,0.49246690734055354
46112,0.34149217809867627
46113,0.4851985559566787
46114,0.4732851985559567
46115,0.12024067388688328
46116,0.15359807460890493
46117,0.9970156438026474
46118,0.8696028880866427
46119,0.8236341756919374
46120,0.8947292418772563
46121,0.5174729241877256
46122,0.4216847172081829
46123,0.5954993983152828
46124,0.4204332129963899
46125,0.47451263537906135
46126,0.6316967509025271
46127,0.9526113116726835
46128,0.5624067388688327
46129,0.1395427196149218
46130,0.8285439229843562
46131,0.4959326113116727
46132,0.1550661853188929
46133,0.6245728038507822
46134,0.6112635379061372
46135,0.8970397111913357
46136,0.9169434416365825
46137,0.5551865222623346
46138,0.6031046931407942
46139,0.8450300842358605
46140,0.49489771359807455
46141,0.6006257521058964
46142,0.09855595667870036
46143,0.3422382671480144
46144,0.5099879663056558
46145,0.4508543922984356
46146,0.35225030084235864
46147,0.7498916967509025
46148,0.6764380264741275
46149,0.7908543922984357
46150,0.6477496991576415
46151,0.9217809867629363
46152,0.8858965102286402
46153,0.26348977135980745
46154,0.34808664259927796
46155,0.783008423586041
46156,0.888904933814681
46157,0.45018050541516247
46158,0.5994223826714802
46159,0.5491696750902527
46160,0.10293622141997594
46161,0.18779783393501803
46162,0.4402888086642599
46163,0.9035860409145609
46164,0.20570397111913358
46165,0.2775691937424789
46166,0.10505415162454873
46167,0.7270276774969915
46168,0.005728038507821901
46169,0.9245968712394705
46170,0.810950661853189
46171,0.7904693140794223
46172,0.5503008423586041
46173,0.6494584837545126
46174,0.4948977135980746
46175,0.48031287605294826
46176,0.41321299638989173
46177,0.9579302045728039
46178,0.601540312876053
46179,0.43460890493381465
46180,0.08
46181,0.2096991576413959
46182,0.653164861612515
46183,0.8983393501805055
46184,0.5425992779783393
46185,0.03694344163658243
46186,0.7359085439229843
46187,0.9505415162454873
46188,0.6471480144404332
46189,0.03412755716004813
46190,0.37441636582430804
46191,0.8436823104693141
46192,0.7579061371841155
46193,0.7576895306859206
46194,0.5354031287605294
46195,0.7495547533092659
46196,0.289482551143201
46197,0.3551865222623345
46198,0.35564380264741274
46199,0.9288567990373044
46200,0.925439229843562
46201,0.5604572803850782
46202,0.4749699157641396
46203,0.5056077015643803
46204,0.9953309265944645
46205,0.27898916967509024
46206,0.3445487364620939
46207,0.9931407942238267
46208,0.9350661853188929
46209,0.9314079422382671
46210,0.20666666666666667
46211,0.2579783393501805
46212,0.3730445246690734
46213,0.8492900120336944
46214,0.744332129963899
46215,0.009651022864019254
46216,0.14690734055354993
46217,0.5689530685920579
46218,0.07509025270758123
46219,0.3204332129963899
46220,0.8361492178098676
46221,0.6721540312876053
46222,0.616173285198556
46223,0.6225992779783394
46224,0.3824548736462094
46225,0.26981949458483756
46226,0.7011552346570398
46227,0.4215884476534296
46228,0.2709025270758123
46229,0.6109265944645006
46230,0.774993983152828
46231,0.3745126353790613
46232,0.9499879663056559
46233,0.5942960288808664
46234,0.3603369434416366
46235,0.7660649819494585
46236,0.32864019253910953
46237,0.20012033694344164
46238,0.9313116726835138
46239,0.06399518652226234
46240,0.6519133574007221
46241,0.8755956678700361
46242,0.2433453670276775
46243,0.15001203369434415
46244,0.25593261131167266
46245,0.07398315282791817
46246,0.950445246690734
46247,0.6856799037304453
46248,0.2068832731648616
46249,0.40717208182912157
46250,0.2599037304452467
46251,0.4212274368231047
46252,0.2058965102286402
46253,0.08180505415162455
46254,0.28016847172081827
46255,0.8759326113116728
46256,0.4429121540312876
46257,0.7484717208182912
46258,0.406546329723225
46259,0.4220216606498195
46260,0.017785800240673888
46261,0.8260649819494585
46262,0.9542960288808664
46263,0.8738628158844766
46264,0.849626955475331
46265,0.3441395908543923
46266,0.04433212996389892
46267,0.3890734055354994
46268,0.03083032490974729
46269,0.7258724428399519
46270,0.8644524669073406
46271,0.5048375451263538
46272,0.7341275571600481
46273,0.4981949458483754
46274,0.47802647412755717
46275,0.2576654632972323
46276,0.22709987966305656
46277,0.4911432009626956
46278,0.22972322503008424
46279,0.21913357400722022
46280,0.9185559566787004
46281,0.19711191335740072
46282,0.4803610108303249
46283,0.8264981949458483
46284,0.5584356197352587
46285,0.5910709987966305
46286,0.3006257521058965
46287,0.7501805054151625
46288,0.30524669073405536
46289,0.4332611311672684
46290,0.9755234657039711
46291,0.0937424789410349
46292,0.29200962695547533
46293,0.8973285198555957
46294,0.576991576413959
46295,0.90661853188929
46296,0.8763417569193742
46297,0.5121540312876053
46298,0.9352587244283995
46299,0.9617328519855595
46300,0.4070517448856799
46301,0.589049338146811
46302,0.9497713598074609
46303,0.6008423586040914
46304,0.12505415162454875
46305,0.09922984356197352
46306,0.30356197352587244
46307,0.6644524669073406
46308,0.7336943441636583
46309,0.9170156438026474
46310,0.5628399518652226
46311,0.09121540312876053
46312,0.4887845968712395
46313,0.5339350180505416
46314,0.4395667870036101
46315,0.15362214199759328
46316,0.8557160048134778
46317,0.5722262334536703
46318,0.2017569193742479
46319,0.3953068592057762
46320,0.9144645006016847
46321,0.954560770156438
46322,0.9504211793020457
46323,0.9922503008423587
46324,0.8225270758122744
46325,0.9956919374247895
46326,0.6100361010830325
46327,0.09338146811070999
46328,0.8284957882069794
46329,0.30724428399518655
46330,0.47169675090252705
46331,0.690589651022864
46332,0.9607460890493382
46333,0.8461131167268352
46334,0.02746089049338147
46335,0.9889771359807461
46336,0.5289049338146812
46337,0.38486161251504214
46338,0.7256799037304453
46339,0.09090252707581227
46340,0.882719614921781
46341,0.8150902527075812
46342,0.4947292418772563
46343,0.8212033694344164
46344,0.7032250300842358
46345,0.7686883273164862
46346,0.22931407942238266
46347,0.08072202166064982
46348,0.5319614921780986
46349,0.5256799037304453
46350,0.924404332129964
46351,0.28151624548736465
46352,0.7399518652226234
46353,0.4799037304452467
46354,0.8924669073405536
46355,0.582864019253911
46356,0.5513838748495787
46357,0.4321058965102286
46358,0.4808664259927798
46359,0.10447653429602888
46360,0.6797593261131167
46361,0.609410348977136
46362,0.5837304452466907
46363,0.6445006016847172
46364,0.36389891696750903
46365,0.8832972322503009
46366,0.35670276774969917
46367,0.3095066185318893
46368,0.545150421179302
46369,0.37249097472924186
46370,0.5649819494584838
46371,0.25184115523465705
46372,0.7148014440433212
46373,0.39882069795427194
46374,0.9733333333333334
46375,0.7190854392298436
46376,0.434560770156438
46377,0.2533333333333333
46378,0.9903249097472924
46379,0.1446690734055355
46380,0.026425992779783393
46381,0.4218772563176895
46382,0.0769193742478941
46383,0.7204572803850782
46384,0.9014199759326114
46385,0.4391576413959085
46386,0.25359807460890493
46387,0.10830324909747292
46388,0.45971119133574007
46389,0.08729241877256318
46390,0.7643321299638989
46391,0.011600481347773767
46392,0.7220216606498195
46393,0.9160529482551143
46394,0.2086401925391095
46395,0.17099879663056558
46396,0.3617569193742479
46397,0.833309265944645
46398,0.8879181708784597
46399,0.5766787003610108
46400,0.6489530685920577
46401,0.11121540312876052
46402,0.10190132370637786
46403,0.8779783393501805
46404,0.42750902527075807
46405,0.24375451263537906
46406,0.6070036101083033
46407,0.4187003610108303
46408,0.42555956678700363
46409,0.24089049338146812
46410,0.9332370637785801
46411,0.6114560770156438
46412,0.8318652226233454
46413,0.41167268351383873
46414,0.8994945848375451
46415,0.7996630565583633
46416,0.46974729241877256
46417,0.8634657039711191
46418,0.8488808664259928
46419,0.8336462093862815
46420,0.03906137184115523
46421,0.24351383874849578
46422,0.7797352587244284
46423,0.32438026474127557
46424,0.4338387484957882
46425,0.19001203369434416
46426,0.14929001203369435
46427,0.08014440433212996
46428,0.7750902527075811
46429,0.747797833935018
46430,0.31398315282791817
46431,0.2799037304452467
46432,0.9270276774969917
46433,0.6003850782190132
46434,0.3651985559566787
46435,0.4948014440433213
46436,0.19468110709987968
46437,0.20036101083032493
46438,0.4815403128760529
46439,0.07135980746089049
46440,0.3769915764139591
46441,0.9058724428399518
46442,0.39766546329723224
46443,0.0031528279181708783
46444,0.5755234657039712
46445,0.502430806257521
46446,0.6441636582430806
46447,0.3280625752105897
46448,0.5944404332129964
46449,0.8922021660649819
46450,0.0535740072202166
46451,0.5574729241877256
46452,0.23309265944645008
46453,0.274560770156438
46454,0.3842358604091456
46455,0.7670276774969915
46456,0.22847172081829123
46457,0.501323706377858
46458,0.9601684717208183
46459,0.18
46460,0.9671480144404332
46461,0.4890974729241877
46462,0.2802647412755716
46463,0.6840673886883273
46464,0.5787003610108303
46465,0.40613718411552346
46466,0.1803369434416366
46467,0.7187003610108303
46468,0.7390613718411552
46469,0.7628640192539109
46470,0.20972322503008423
46471,0.5459927797833934
46472,0.7455836341756918
46473,0.37342960288808663
46474,0.3326835138387485
46475,0.4370637785800241
46476,0.34630565583634176
46477,0.8417087845968713
46478,0.31689530685920575
46479,0.2287123947051745
46480,0.22515042117930206
46481,0.8701805054151626
46482,0.4671480144404332
46483,0.35290012033694346
46484,0.10543922984356197
46485,0.7302045728038508
46486,0.9911672683513839
46487,0.3069795427196149
46488,0.8576654632972323
46489,0.3106137184115524
46490,0.03622141997593261
46491,0.6658483754512636
46492,0.3191817087845969
46493,0.13626955475330926
46494,0.5754031287605295
46495,0.43862815884476536
46496,0.21942238267148012
46497,0.7776654632972322
46498,0.10226233453670278
46499,0.184043321299639
46500,0.43085439229843564
46501,0.35256317689530686
46502,0.6861612515042117
46503,0.6659687123947051
46504,0.2762695547533093
46505,0.5466907340553551
46506,0.5556678700361011
46507,0.23085439229843563
46508,0.1849578820697954
46509,0.8533333333333333
46510,0.3118652226233454
46511,0.4906137184115523
46512,0.28332129963898917
46513,0.6798074608904934
46514,0.5816606498194946
46515,0.857569193742479
46516,0.9504211793020457
46517,0.2513598074608905
46518,0.3050060168471721
46519,0.8677496991576414
46520,0.16555956678700362
46521,0.32560770156438024
46522,0.12127557160048134
46523,0.21477737665463298
46524,0.8024548736462094
46525,0.5683032490974729
46526,0.7362936221419976
46527,0.304187725631769
46528,0.24462093862815884
46529,0.28659446450060166
46530,0.2964139590854392
46531,0.9660890493381469
46532,0.5005776173285199
46533,0.8887123947051745
46534,0.25607701564380264
46535,0.27176895306859206
46536,0.35718411552346574
46537,0.3408664259927798
46538,0.23102286401925393
46539,0.48654632972322504
46540,0.43186522262334537
46541,0.4731167268351384
46542,0.20909747292418773
46543,0.9859446450060169
46544,0.8477978339350181
46545,0.8554993983152828
46546,0.3801684717208183
46547,0.8002647412755717
46548,0.4036823104693141
46549,0.7245968712394706
46550,0.32250300842358604
46551,0.4099638989169675
46552,0.8730685920577617
46553,0.4693622141997593
46554,0.1429121540312876
46555,0.40438026474127553
46556,0.3723225030084236
46557,0.8127557160048136
46558,0.21564380264741276
46559,0.15237063778580023
46560,0.9767268351383875
46561,0.7540072202166065
46562,0.12483754512635378
46563,0.08690734055354993
46564,0.5554753309265945
46565,0.6890012033694344
46566,0.6556919374247894
46567,0.9746089049338147
46568,0.7464500601684717
46569,0.40462093862815884
46570,0.8801444043321299
46571,0.5262575210589651
46572,0.1663537906137184
46573,0.3710228640192539
46574,0.7818531889290012
46575,0.32731648616125153
46576,0.9649578820697955
46577,0.08486161251504212
46578,0.08163658243080625
46579,0.45135980746089044
46580,0.8698435619735259
46581,0.6795186522262335
46582,0.8713838748495788
46583,0.007340553549939831
46584,0.14505415162454874
46585,0.901251504211793
46586,0.5576895306859206
46587,0.0428158844765343
46588,0.3267388688327316
46589,0.4449097472924188
46590,0.5187003610108303
46591,0.6894344163658244
46592,0.08945848375451262
46593,0.9942719614921781
46594,0.06977135980746088
46595,0.8374007220216606
46596,0.1086401925391095
46597,0.8659205776173285
46598,0.22243080625752104
46599,0.6921058965102287
46600,0.743682310469314
46601,0.4816606498194946
46602,0.16476534296028883
46603,0.2278219013237064
46604,0.3990854392298436
46605,0.9704933814681107
46606,0.9826233453670277
46607,0.35684717208182914
46608,0.5922503008423586
46609,0.29566787003610107
46610,0.41831528279181707
46611,0.11111913357400721
46612,0.24618531889290013
46613,0.32469314079422384
46614,0.46697954271961495
46615,0.17212996389891697
46616,0.7803850782190133
46617,0.22676293622141996
46618,0.9401203369434417
46619,0.9868592057761733
46620,0.5351865222623345
46621,0.2609626955475331
46622,0.7900120336943441
46623,0.45501805054151623
46624,0.004741275571600482
46625,0.9942960288808664
46626,0.056895306859205776
46627,0.7532851985559567
46628,0.3704452466907341
46629,0.3576173285198556
46630,0.8843321299638989
46631,0.9174488567990373
46632,0.747870036101083
46633,0.5496269554753309
46634,0.22541516245487364
46635,0.20081829121540312
46636,0.17942238267148014
46637,0.3140312876052948
46638,0.6984837545126354
46639,0.2569193742478941
46640,0.7870276774969915
46641,0.6962454873646209
46642,0.6034657039711191
46643,0.34409145607701563
46644,0.7801925391095066
46645,0.6860409145607702
46646,0.2051985559566787
46647,0.11675090252707582
46648,0.649265944645006
46649,0.0857280385078219
46650,0.6157160048134778
46651,0.9570156438026474
46652,0.7245006016847172
46653,0.40375451263537904
46654,0.4662093862815885
46655,0.8688327316486162
46656,0.7698435619735259
46657,0.9465703971119133
46658,0.10847172081829122
46659,0.893020457280385
46660,0.909699157641396
46661,0.35971119133574003
46662,0.11022864019253911
46663,0.03720818291215403
46664,0.654993983152828
46665,0.8320818291215403
46666,0.4832250300842359
46667,0.5594223826714801
46668,0.7380264741275572
46669,0.10941034897713597
46670,0.9586281588447654
46671,0.16921780986762935
46672,0.8028640192539109
46673,0.7161492178098676
46674,0.5056077015643803
46675,0.5965824308062575
46676,0.3654873646209386
46677,0.7640914560770156
46678,0.76
46679,0.9556438026474128
46680,0.29042117930204575
46681,0.3124187725631769
46682,0.6101323706377858
46683,0.8102045728038507
46684,0.738676293622142
46685,0.3713838748495788
46686,0.01265944645006017
46687,0.9205054151624548
46688,0.13290012033694343
46689,0.13193742478941034
46690,0.28438026474127553
46691,0.3040673886883273
46692,0.34240673886883277
46693,0.8402647412755716
46694,0.5696269554753309
46695,0.7174729241877256
46696,0.32101083032490974
46697,0.41352587244283995
46698,0.6926835138387485
46699,0.005078219013237064
46700,0.022888086642599278
46701,0.9510469314079423
46702,0.07569193742478941
46703,0.5549217809867629
46704,0.8675812274368231
46705,0.6433453670276775
46706,0.254560770156438
46707,0.10777376654632972
46708,0.24336943441636583
46709,0.29403128760529484
46710,0.8053910950661853
46711,0.3994223826714801
46712,0.3913357400722022
46713,0.5561973525872443
46714,0.07872442839951865
46715,0.22435619735258724
46716,0.5316726835138388
46717,0.12820697954271962
46718,0.25925391095066186
46719,0.2809867629362214
46720,0.7014681107099879
46721,0.8896750902527075
46722,0.8693862815884477
46723,0.5676534296028881
46724,0.4835379061371841
46725,0.5585078219013238
46726,0.742936221419976
46727,0.12442839951865223
46728,0.31713598074608906
46729,0.7592539109506619
46730,0.9598315282791817
46731,0.013405535499398316
46732,0.7748014440433213
46733,0.19922984356197354
46734,0.8024789410348978
46735,0.10269554753309265
46736,0.3983393501805054
46737,0.6632009626955475
46738,0.42654632972322504
46739,0.22888086642599278
46740,0.8498435619735258
46741,0.5877015643802648
46742,0.576245487364621
46743,0.42734055354993983
46744,0.007509025270758123
46745,0.7075090252707581
46746,0.04548736462093863
46747,0.21412755716004814
46748,0.45836341756919374
46749,0.07821901323706379
46750,0.24187725631768953
46751,0.49316486161251505
46752,0.39756919374247895
46753,0.8219494584837546
46754,0.647870036101083
46755,0.9153309265944645
46756,0.28293622141997593
46757,0.009482551143200964
46758,0.031359807460890496
46759,0.17265944645006015
46760,0.774705174488568
46761,0.988231046931408
46762,0.1859687123947052
46763,0.2481829121540313
46764,0.8681829121540313
46765,0.7419253910950662
46766,0.9741275571600481
46767,0.784187725631769
46768,0.6286883273164862
46769,0.8294344163658243
46770,0.2959326113116727
46771,0.7305415162454874
46772,0.7351143200962695
46773,0.6440914560770157
46774,0.794560770156438
46775,0.7636101083032492
46776,0.04197352587244284
46777,0.10842358604091457
46778,0.34464500601684717
46779,0.8961973525872443
46780,0.24286401925391093
46781,0.3846931407942238
46782,0.19622141997593262
46783,0.64647412755716
46784,0.5241395908543923
46785,0.6809145607701564
46786,0.6848134777376655
46787,0.5012996389891696
46788,0.8610589651022864
46789,0.5189410348977136
46790,0.5263056558363417
46791,0.4432490974729242
46792,0.8901323706377858
46793,0.718892900120337
46794,0.3757641395908544
46795,0.09891696750902526
46796,0.6025030084235861
46797,0.2289049338146811
46798,0.09477737665463298
46799,0.28296028880866425
46800,0.738676293622142
46801,0.359927797833935
46802,0.18967509025270757
46803,0.37694344163658244
46804,0.5481829121540313
46805,0.5116486161251504
46806,0.7759566787003611
46807,0.43265944645006016
46808,0.18864019253910952
46809,0.7868832731648616
46810,0.6938868832731648
46811,0.48856799037304455
46812,0.3407220216606498
46813,0.6314560770156438
46814,0.22743682310469315
46815,0.469338146811071
46816,0.8378098676293622
46817,0.546546329723225
46818,0.31148014440433214
46819,0.1290734055354994
46820,0.6705415162454874
46821,0.5532370637785801
46822,0.7699879663056558
46823,0.8947533092659445
46824,0.10334536702767749
46825,0.7610830324909748
46826,0.7517930204572805
46827,0.4647412755716005
46828,0.6781949458483754
46829,0.9392539109506619
46830,0.42180505415162456
46831,0.9611311672683513
46832,0.9666185318892899
46833,0.03790613718411552
46834,0.10199759326113117
46835,0.3170878459687124
46836,0.6671239470517449
46837,0.3099157641395909
46838,0.5755475330926594
46839,0.21833935018050543
46840,0.35386281588447654
46841,0.3224789410348977
46842,0.5699879663056558
46843,0.9858724428399519
46844,0.16329723225030085
46845,0.055042117930204575
46846,0.4688567990373045
46847,0.1348736462093863
46848,0.11434416365824308
46849,0.023898916967509024
46850,0.8191095066185319
46851,0.1414199759326113
46852,0.8033453670276776
46853,0.9361492178098676
46854,0.39716004813477734
46855,0.18057761732851985
46856,0.14464500601684716
46857,0.5537906137184115
46858,0.2883513838748496
46859,0.8951624548736462
46860,0.7357882069795427
46861,0.49116726835138386
46862,0.5302045728038508
46863,0.40693140794223825
46864,0.835066185318893
46865,0.9312635379061371
46866,0.42885679903730445
46867,0.03537906137184116
46868,0.889915764139591
46869,0.11258724428399519
46870,0.89280385078219
46871,0.4584356197352587
46872,0.9078459687123948
46873,0.9739109506618532
46874,0.14336943441636582
46875,0.7391335740072202
46876,0.28510228640192536
46877,0.6496028880866427
46878,0.5339831528279182
46879,0.675956678700361
46880,0.5906137184115523
46881,0.9388206979542719
46882,0.9365824308062576
46883,0.9338868832731648
46884,0.7401203369434416
46885,0.5047412755716005
46886,0.772129963898917
46887,0.36620938628158844
46888,0.6210830324909747
46889,0.777858002406739
46890,0.9115042117930205
46891,0.6155956678700361
46892,0.08375451263537906
46893,0.1780505415162455
46894,0.4658965102286402
46895,0.709049338146811
46896,0.5986522262334537
46897,0.4628880866425993
46898,0.49482551143200965
46899,0.6146811070998797
46900,0.5195667870036101
46901,0.9445487364620939
46902,0.9539590854392299
46903,0.7192298435619735
46904,0.7205294825511432
46905,0.6426233453670277
46906,0.5318892900120337
46907,0.37682310469314084
46908,0.8359326113116727
46909,0.029338146811071
46910,0.8364380264741276
46911,0.018170878459687123
46912,0.7245246690734055
46913,0.12373044524669073
46914,0.290661853188929
46915,0.4485920577617329
46916,0.7644765342960289
46917,0.9436341756919374
46918,0.3265703971119134
46919,0.7239951865222622
46920,0.5579061371841155
46921,0.25034897713598075
46922,0.33362214199759327
46923,0.8456799037304452
46924,0.42209386281588446
46925,0.03783393501805054
46926,0.3443080625752106
46927,0.46233453670276775
46928,0.6958604091456078
46929,0.8004091456077016
46930,0.9470276774969916
46931,0.5320096269554753
46932,0.7977135980746088
46933,0.28462093862815885
46934,0.42938628158844766
46935,0.40038507821901326
46936,0.8333333333333334
46937,0.9464500601684718
46938,0.8191576413959085
46939,0.13451263537906136
46940,0.8246209386281589
46941,0.3374007220216606
46942,0.24377858002406738
46943,0.0007942238267148015
46944,0.2367509025270758
46945,0.5616365824308063
46946,0.6439951865222623
46947,0.4668832731648616
46948,0.6611793020457281
46949,0.3959326113116727
46950,0.8171841155234657
46951,0.2012996389891697
46952,0.8110709987966306
46953,0.5780264741275571
46954,0.45480144404332135
46955,0.7369915764139591
46956,0.060120336943441634
46957,0.21790613718411553
46958,0.6722503008423586
46959,0.26286401925391095
46960,0.40315282791817086
46961,0.014777376654632973
46962,0.35648616125150423
46963,0.1497713598074609
46964,0.2688086642599278
46965,0.2702045728038508
46966,0.744043321299639
46967,0.5846690734055355
46968,0.7820938628158844
46969,0.7240673886883273
46970,0.14117930204572804
46971,0.5301083032490974
46972,0.8457039711191336
46973,0.4493862815884476
46974,0.26300842358604093
46975,0.9727075812274368
46976,0.9023586040914561
46977,0.9650060168471721
46978,0.47342960288808666
46979,0.7118411552346571
46980,0.9447653429602888
46981,0.24938628158844767
46982,0.767942238267148
46983,0.723537906137184
46984,0.9366787003610109
46985,0.5589169675090253
46986,0.5103008423586041
46987,0.9769434416365824
46988,0.08941034897713598
46989,0.8676774969915764
46990,0.8460649819494586
46991,0.6660649819494585
46992,0.5696991576413959
46993,0.6975210589651023
46994,0.5352827918170878
46995,0.6963898916967508
46996,0.9735740072202166
46997,0.5030565583634176
46998,0.028664259927797833
46999,0.26040914560770156
47000,0.9147051744885679
47001,0.3010348977135981
47002,0.5555716004813478
47003,0.5658243080625752
47004,0.9108543922984356
47005,0.3480385078219013
47006,0.8556678700361011
47007,0.5928038507821902
47008,0.10842358604091457
47009,0.8039470517448857
47010,0.8754753309265945
47011,0.05995186522262334
47012,0.4714320096269555
47013,0.689049338146811
47014,0.9695788206979543
47015,0.5978339350180506
47016,0.7330204572803851
47017,0.22702767749699157
47018,0.30986762936221424
47019,0.518387484957882
47020,0.9770156438026474
47021,0.4368231046931408
47022,0.9115042117930204
47023,0.6755716004813478
47024,0.8587003610108304
47025,0.6111432009626956
47026,0.7798796630565583
47027,0.9993501805054151
47028,0.9098916967509025
47029,0.20413959085439232
47030,0.25494584837545126
47031,0.4874608904933815
47032,0.15985559566787005
47033,0.23516245487364623
47034,0.9632490974729242
47035,0.6906859205776174
47036,0.9747533092659446
47037,0.5883513838748495
47038,0.4285439229843562
47039,0.3066425992779783
47040,0.6620457280385078
47041,0.44880866425992777
47042,0.8625511432009627
47043,0.2354271961492178
47044,0.37229843561973525
47045,0.4449578820697955
47046,0.8526353790613719
47047,0.9228880866425992
47048,0.7482551143200963
47049,0.6241636582430806
47050,0.9610589651022864
47051,0.011167268351383874
47052,0.12948255114320095
47053,0.9789651022864019
47054,0.8813477737665463
47055,0.43677496991576414
47056,0.16117930204572803
47057,0.4362214199759326
47058,0.2911432009626955
47059,0.38028880866425996
47060,0.8571841155234656
47061,0.6781949458483754
47062,0.8449819494584838
47063,0.08596871239470517
47064,0.6405294825511432
47065,0.33901323706377856
47066,0.027677496991576414
47067,0.25521058965102283
47068,0.7265944645006017
47069,0.9296991576413959
47070,0.566835138387485
47071,0.9371119133574007
47072,0.17898916967509026
47073,0.22445246690734055
47074,0.9901083032490975
47075,0.7829843561973526
47076,0.43285198555956683
47077,0.9495788206979543
47078,0.49121540312876055
47079,0.889915764139591
47080,0.8516726835138387
47081,0.07316486161251504
47082,0.5262334536702769
47083,0.8848375451263538
47084,0.84014440433213
47085,0.16178098676293623
47086,0.27111913357400724
47087,0.5589169675090253
47088,0.19879663056558364
47089,0.31458483754512634
47090,0.6559085439229844
47091,0.161395908543923
47092,0.2631528279181709
47093,0.30324909747292417
47094,0.5270758122743682
47095,0.6429602888086643
47096,0.40269554753309267
47097,0.44401925391095065
47098,0.44690734055354997
47099,0.4093622141997593
47100,0.4058483754512635
47101,0.011793020457280385
47102,0.06433212996389892
47103,0.7779542719614922
47104,0.4594705174488568
47105,0.42981949458483754
47106,0.7403850782190132
47107,0.5871480144404333
47108,0.5355475330926595
47109,0.6432731648616126
47110,0.5816365824308063
47111,0.781756919374248
47112,0.816028880866426
47113,0.17696750902527075
47114,0.5033453670276775
47115,0.7712394705174488
47116,0.23809867629362214
47117,0.42835138387484956
47118,0.27833935018050543
47119,0.8976654632972323
47120,0.28712394705174493
47121,0.16734055354993982
47122,0.33256317689530684
47123,0.8194705174488568
47124,0.2388688327316486
47125,0.5630806257521059
47126,0.15831528279181709
47127,0.5629121540312876
47128,0.4084476534296029
47129,0.7600240673886883
47130,0.9218531889290011
47131,0.28276774969915763
47132,0.26548736462093864
47133,0.6633453670276775
47134,0.18570397111913356
47135,0.7834175691937425
47136,0.716028880866426
47137,0.07968712394705174
47138,0.6466907340553549
47139,0.6803850782190133
47140,0.869121540312876
47141,0.754416365824308
47142,0.569121540312876
47143,0.8009386281588448
47144,0.6954993983152828
47145,0.9357882069795427
47146,0.9038507821901324
47147,0.4324187725631769
47148,0.9658965102286402
47149,0.33504211793020455
47150,0.9747533092659446
47151,0.7060890493381469
47152,0.30223826714801444
47153,0.6627436823104693
47154,0.9184356197352588
47155,0.3865222623345367
47156,0.4585800240673887
47157,0.22192539109506618
47158,0.8120818291215404
47159,0.1343441636582431
47160,0.13025270758122742
47161,0.10310469314079423
47162,0.18664259927797833
47163,0.8198074608904934
47164,0.9959566787003611
47165,0.03509025270758123
47166,0.042647412755716
47167,0.45330926594464505
47168,0.03670276774969916
47169,0.3275571600481348
47170,0.6367027677496991
47171,0.49025270758122746
47172,0.19386281588447654
47173,0.12002406738868832
47174,0.4020457280385078
47175,0.3417328519855596
47176,0.8907099879663056
47177,0.882430806257521
47178,0.6046931407942239
47179,0.7715523465703971
47180,0.8513357400722021
47181,0.04483754512635379
47182,0.21448856799037305
47183,0.8299638989169675
47184,0.22048134777376655
47185,0.9903249097472924
47186,0.8412274368231047
47187,0.5715764139590854
47188,0.6980264741275573
47189,0.14736462093862818
47190,0.5454151624548736
47191,0.934849578820698
47192,0.7808423586040915
47193,0.24375451263537906
47194,0.265367027677497
47195,0.5250541516245487
47196,0.38979542719614924
47197,0.8161732851985559
47198,0.049410348977135976
47199,0.9099398315282792
47200,0.9537184115523465
47201,0.38406738868832735
47202,0.6824548736462094
47203,0.8644524669073406
47204,0.07388688327316487
47205,0.39956678700361015
47206,0.7338387484957882
47207,0.6840192539109506
47208,0.1833453670276775
47209,0.8243321299638988
47210,0.30654632972322504
47211,0.7388447653429603
47212,0.9342238267148014
47213,0.750806257521059
47214,0.8831287605294826
47215,0.7075812274368232
47216,0.36240673886883273
47217,0.5903730445246691
47218,0.1271239470517449
47219,0.5372563176895306
47220,0.2284717208182912
47221,0.5216125150421179
47222,0.16101083032490976
47223,0.7003610108303249
47224,0.0555956678700361
47225,0.33338146811071
47226,0.2460890493381468
47227,0.841107099879663
47228,0.345439229843562
47229,0.14339350180505414
47230,0.3769915764139591
47231,0.3924187725631769
47232,0.9320096269554754
47233,0.9698916967509026
47234,0.6700361010830325
47235,0.4841395908543923
47236,0.1846690734055355
47237,0.9593501805054152
47238,0.8924428399518652
47239,0.16125150421179302
47240,0.9213237063778581
47241,0.5129963898916967
47242,0.5507099879663057
47243,0.8363658243080626
47244,0.33537906137184115
47245,0.3701323706377858
47246,0.9336221419975933
47247,0.5640914560770156
47248,0.7064981949458484
47249,0.5206016847172081
47250,0.37590854392298434
47251,0.9451985559566787
47252,0.3189410348977136
47253,0.8457280385078219
47254,0.8137906137184115
47255,0.3303971119133574
47256,0.3606738868832732
47257,0.4406498194945848
47258,0.3907099879663056
47259,0.8274368231046931
47260,0.3982430806257521
47261,0.9667388688327316
47262,0.8771119133574008
47263,0.05222623345367028
47264,0.729338146811071
47265,0.8159807460890494
47266,0.550661853188929
47267,0.7327557160048135
47268,0.3950421179302046
47269,0.8534055354993983
47270,0.057424789410348974
47271,0.2770878459687124
47272,0.10026474127557161
47273,0.9739109506618532
47274,0.3246209386281589
47275,0.17778580024067386
47276,0.9568231046931408
47277,0.5496510228640192
47278,0.612057761732852
47279,0.7044283995186522
47280,0.5443561973525872
47281,0.1385800240673887
47282,0.5805054151624549
47283,0.3484957882069796
47284,0.634416365824308
47285,0.546401925391095
47286,0.03371841155234657
47287,0.2929723225030084
47288,0.9028399518652226
47289,0.2823826714801444
47290,0.27968712394705175
47291,0.29037304452466906
47292,0.7440192539109507
47293,0.44089049338146813
47294,0.1932129963898917
47295,0.6995186522262336
47296,0.6883995186522263
47297,0.9858724428399519
47298,0.6522021660649819
47299,0.21793020457280385
47300,0.1800240673886883
47301,0.4937424789410349
47302,0.5049338146811071
47303,0.1554271961492178
47304,0.12823104693140794
47305,0.21600481347773764
47306,0.4043561973525872
47307,0.07913357400722022
47308,0.8110950661853189
47309,0.601684717208183
47310,0.8327557160048135
47311,0.5833694344163658
47312,0.04358604091456077
47313,0.04009626955475331
47314,0.2435138387484958
47315,0.6806979542719616
47316,0.9088327316486162
47317,0.5923947051744887
47318,0.6815884476534295
47319,0.9112876052948256
47320,0.8129241877256317
47321,0.645150421179302
47322,0.663754512635379
47323,0.39643802647412757
47324,0.42392298435619735
47325,0.5391817087845969
47326,0.3510228640192539
47327,0.3020216606498195
47328,0.858315282791817
47329,0.38991576413959084
47330,0.13954271961492176
47331,0.17619735258724428
47332,0.9501805054151624
47333,0.14197352587244283
47334,0.5194223826714801
47335,0.8273886883273165
47336,0.005487364620938628
47337,0.9712154031287605
47338,0.32632972322503007
47339,0.9597352587244283
47340,0.6561973525872442
47341,0.04929001203369435
47342,0.046883273164861614
47343,0.6086642599277978
47344,0.1274127557160048
