id,failure
26570,0.18872542083263397
26571,0.14243592619895934
26572,0.18677226901054383
26573,0.1917443484067917
26574,0.28189764022827146
26575,0.17381981015205383
26576,0.15538688600063325
26577,0.2297333538532257
26578,0.13638523519039153
26579,0.1579544574022293
26580,0.1442405790090561
26581,0.1732075348496437
26582,0.2332762062549591
26583,0.20538926124572754
26584,0.23551197052001954
26585,0.18337340652942657
26586,0.16107238531112672
26587,0.16673214435577394
26588,0.2279307186603546
26589,0.17728278338909148
26590,0.17813462018966675
26591,0.23899424970149993
26592,0.24209245443344116
26593,0.18248742520809175
26594,0.1695081800222397
26595,0.2429181456565857
26596,0.2261275678873062
26597,0.1800168663263321
26598,0.23559023439884186
26599,0.19296693205833435
26600,0.18675332963466645
26601,0.23732487559318544
26602,0.2987811595201492
26603,0.2068878084421158
26604,0.17639440894126893
26605,0.16546837687492372
26606,0.14934943616390228
26607,0.16633420288562775
26608,0.150856551527977
26609,0.22372500002384185
26610,0.18107858002185823
26611,0.1846977412700653
26612,0.11500443816184998
26613,0.2076963633298874
26614,0.16498828530311585
26615,0.19594386219978333
26616,0.19534102976322174
26617,0.14761081635951995
26618,0.29366313815116885
26619,0.15493538975715637
26620,0.2093825727701187
26621,0.1818880707025528
26622,0.19099861085414888
26623,0.20901241302490234
26624,0.1854805201292038
26625,0.1898452579975128
26626,0.15702893435955048
26627,0.289961165189743
26628,0.1268595963716507
26629,0.29031442403793334
26630,0.1805118054151535
26631,0.2325943887233734
26632,0.23616929948329926
26633,0.19518952071666718
26634,0.220481276512146
26635,0.22351737022399903
26636,0.3053803026676178
26637,0.2013403058052063
26638,0.2248389184474945
26639,0.18023775815963744
26640,0.22102563679218293
26641,0.19595255255699157
26642,0.275707933306694
26643,0.23400942981243134
26644,0.16272991001605988
26645,0.18530976474285127
26646,0.2350870430469513
26647,0.24186499416828156
26648,0.18912247121334075
26649,0.21260913014411925
26650,0.25208260118961334
26651,0.21134320497512818
26652,0.23935810029506682
26653,0.19784352481365203
26654,0.2665083259344101
26655,0.21181649565696717
26656,0.17963145673274994
26657,0.22315532565116883
26658,0.23090895712375642
26659,0.1927400380373001
26660,0.2197473853826523
26661,0.18615534901618958
26662,0.17010363340377807
26663,0.26035898327827456
26664,0.17408806085586548
26665,0.17143285870552064
26666,0.15043556392192842
26667,0.21639120876789092
26668,0.21060751974582673
26669,0.13602738976478576
26670,0.19698395133018493
26671,0.1657000958919525
26672,0.15958195626735688
26673,0.17908558249473572
26674,0.1601087272167206
26675,0.18185542821884154
26676,0.14608838260173798
26677,0.3023027241230011
26678,0.1730808675289154
26679,0.20884543359279634
26680,0.18113946467638015
26681,0.28406729698181155
26682,0.170797660946846
26683,0.24611616730690003
26684,0.2063205748796463
26685,0.1976542741060257
26686,0.1913289338350296
26687,0.2562052488327026
26688,0.24474969804286956
26689,0.21793220043182374
26690,0.16050854027271272
26691,0.19442678093910218
26692,0.22214576303958894
26693,0.1974390059709549
26694,0.15769573748111726
26695,0.28565552830696106
26696,0.2478304088115692
26697,0.17734610736370088
26698,0.22222072780132293
26699,0.11746958345174789
26700,0.15507226586341857
26701,0.1887399286031723
26702,0.26680116951465604
26703,0.2145673781633377
26704,0.17313747704029084
26705,0.2187088042497635
26706,0.21767105758190156
26707,0.23209715485572815
26708,0.21544412076473235
26709,0.13463732451200486
26710,0.2244655340909958
26711,0.2223483294248581
26712,0.173757603764534
26713,0.29933121502399446
26714,0.23141955435276032
26715,0.2304667443037033
26716,0.21059646606445312
26717,0.18336579501628875
26718,0.23093894720077515
26719,0.213465678691864
26720,0.1753850519657135
26721,0.14704963713884353
26722,0.2846297025680542
26723,0.20213820338249205
26724,0.20172390043735505
26725,0.2065294563770294
26726,0.1804953932762146
26727,0.18795859515666963
26728,0.16849544942378997
26729,0.21203617751598358
26730,0.21939386427402496
26731,0.2877041816711426
26732,0.1719586133956909
26733,0.2272595375776291
26734,0.2197716385126114
26735,0.2678380846977234
26736,0.19511452317237854
26737,0.16496726572513581
26738,0.20004435181617736
26739,0.3261182129383087
26740,0.22275988459587098
26741,0.2634359776973724
26742,0.25277176797389983
26743,0.20538117587566376
26744,0.2040082335472107
26745,0.19257502555847167
26746,0.18517902195453645
26747,0.26376437246799467
26748,0.1395610824227333
26749,0.2326297014951706
26750,0.17940751910209657
26751,0.2153303414583206
26752,0.21503881514072418
26753,0.16901687681674957
26754,0.19359095096588136
26755,0.17278898060321807
26756,0.15857482552528382
26757,0.23299115002155305
26758,0.2577383488416672
26759,0.22060793936252593
26760,0.2467522293329239
26761,0.17116009891033174
26762,0.13836072385311127
26763,0.18686710596084594
26764,0.17464998066425325
26765,0.1940506249666214
26766,0.17660666406154632
26767,0.1621701240539551
26768,0.21624270975589752
26769,0.1845920592546463
26770,0.27115169167518616
26771,0.21869649589061738
26772,0.15045042037963868
26773,0.19849091172218322
26774,0.30887262225151063
26775,0.19204747378826142
26776,0.11848351508378982
26777,0.16701678037643433
26778,0.22776906788349152
26779,0.21274609565734864
26780,0.17673487961292267
26781,0.20905680656433107
26782,0.2574356943368912
26783,0.31601186394691466
26784,0.15145668387413025
26785,0.18019349575042726
26786,0.145683354139328
26787,0.15014024078845978
26788,0.21493164002895354
26789,0.24420479834079742
26790,0.14033920019865037
26791,0.25832114815711976
26792,0.2329639047384262
26793,0.2546882301568985
26794,0.1999333083629608
26795,0.24342246651649474
26796,0.27056131660938265
26797,0.20142315030097963
26798,0.19444919228553773
26799,0.24247621297836303
26800,0.22833434343338013
26801,0.25135732293128965
26802,0.2168612390756607
26803,0.2165274739265442
26804,0.2122685581445694
26805,0.2490442156791687
26806,0.24538726210594178
26807,0.2684295177459717
26808,0.1970168948173523
26809,0.28628853559494016
26810,0.22542210519313813
26811,0.12995127588510513
26812,0.2225528597831726
26813,0.23299663364887238
26814,0.25454563498497007
26815,0.21657791137695312
26816,0.2515738785266876
26817,0.2288989841938019
26818,0.1465560793876648
26819,0.19949508905410768
26820,0.1387593314051628
26821,0.16032785773277283
26822,0.23352437615394592
26823,0.15396390557289125
26824,0.2331296682357788
26825,0.20337310433387756
26826,0.1393067792057991
26827,0.20772239565849304
26828,0.2892359495162964
26829,0.16476614475250245
26830,0.20283712148666383
26831,0.1323427975177765
26832,0.2335298627614975
26833,0.23408564627170564
26834,0.26425631046295167
26835,0.19427640736103058
26836,0.23706157207489015
26837,0.23950496017932893
26838,0.15777699947357177
26839,0.22281888723373414
26840,0.2019658774137497
26841,0.17826302349567413
26842,0.2836450219154358
26843,0.2513913452625275
26844,0.27605524063110354
26845,0.18195002377033234
26846,0.30597671270370486
26847,0.23107196092605592
26848,0.1421094596385956
26849,0.18747896552085877
26850,0.2277115523815155
26851,0.17893836498260499
26852,0.2382820427417755
26853,0.1705722063779831
26854,0.34010318517684934
26855,0.20799107253551483
26856,0.26421222686767576
26857,0.13146573603153228
26858,0.19532833397388458
26859,0.1796916514635086
26860,0.23820430934429168
26861,0.18474575281143188
26862,0.18340710401535035
26863,0.16198220551013948
26864,0.22052432894706725
26865,0.1337042346596718
26866,0.2707641750574112
26867,0.2204528421163559
26868,0.2106896698474884
26869,0.23989274203777314
26870,0.18254514932632446
26871,0.19633578658103942
26872,0.2154770165681839
26873,0.2041566252708435
26874,0.1521894097328186
26875,0.12597565799951554
26876,0.1875978469848633
26877,0.21927613615989686
26878,0.27617313265800475
26879,0.17360550165176392
26880,0.17350925654172897
26881,0.21409151554107667
26882,0.20732798278331757
26883,0.22897422611713408
26884,0.2515361666679382
26885,0.24228303730487824
26886,0.20020065307617188
26887,0.18923287093639374
26888,0.11417317539453506
26889,0.19499528408050537
26890,0.1707107573747635
26891,0.113398976624012
26892,0.17197901904582977
26893,0.1814142048358917
26894,0.2695469379425049
26895,0.23750346899032593
26896,0.2745437890291214
26897,0.14342282265424727
26898,0.18497247397899627
26899,0.2297276198863983
26900,0.13102155774831772
26901,0.21046284437179566
26902,0.17996619045734405
26903,0.18885383903980255
26904,0.17489989399909972
26905,0.248688206076622
26906,0.22552722096443176
26907,0.19296438246965408
26908,0.2393350273370743
26909,0.28773897886276245
26910,0.20547873377799988
26911,0.17817874848842621
26912,0.12981677055358887
26913,0.24634715020656586
26914,0.15186731964349748
26915,0.2129146486520767
26916,0.14292400181293488
26917,0.2652569591999054
26918,0.2514872044324875
26919,0.25786615908145905
26920,0.22635481655597686
26921,0.1779455453157425
26922,0.23295961320400238
26923,0.2843716323375702
26924,0.1367579221725464
26925,0.12520893663167953
26926,0.2418741524219513
26927,0.24541888535022735
26928,0.20169388353824616
26929,0.25399781167507174
26930,0.2099698603153229
26931,0.21029041707515717
26932,0.1707199990749359
26933,0.16895456612110138
26934,0.1768213003873825
26935,0.14709523022174836
26936,0.22604504525661467
26937,0.18379975855350494
26938,0.16819572746753692
26939,0.22394417822360993
26940,0.12488615214824676
26941,0.17102544903755187
26942,0.1936792641878128
26943,0.17829485535621642
26944,0.21854369938373566
26945,0.2788532078266144
26946,0.2974149167537689
26947,0.1790769338607788
26948,0.12807048559188844
26949,0.21417812407016754
26950,0.1978813260793686
26951,0.20232948064804077
26952,0.23756709694862366
26953,0.24821430146694184
26954,0.23164163231849672
26955,0.1621347963809967
26956,0.16430470943450928
26957,0.23183379769325257
26958,0.14416224956512452
26959,0.24076153934001923
26960,0.1983241081237793
26961,0.23492567539215087
26962,0.18503705859184266
26963,0.24320371747016906
26964,0.16870614886283875
26965,0.16978969275951386
26966,0.25571673512458803
26967,0.21062651574611663
26968,0.13721760511398315
26969,0.27756025791168215
26970,0.2548003852367401
26971,0.23989374041557313
26972,0.20877909362316133
26973,0.21333580017089843
26974,0.23866561949253082
26975,0.19547942876815796
26976,0.15712423920631408
26977,0.2221483826637268
26978,0.2798892617225647
26979,0.1338954359292984
26980,0.196016263961792
26981,0.13278390914201738
26982,0.2284776359796524
26983,0.23163453936576844
26984,0.18234620988368988
26985,0.16871506869792938
26986,0.27104178071022034
26987,0.1940639078617096
26988,0.22427901029586791
26989,0.16628096997737885
26990,0.2673142641782761
26991,0.22028103470802307
26992,0.2110846906900406
26993,0.309560489654541
26994,0.22354161739349365
26995,0.1810336470603943
26996,0.17646068930625916
26997,0.23409622609615327
26998,0.18851836621761323
26999,0.19110178649425508
27000,0.25583129227161405
27001,0.16170968413352965
27002,0.2513385057449341
27003,0.21235464215278627
27004,0.2000093400478363
27005,0.28139722645282744
27006,0.1746751755475998
27007,0.20062835216522218
27008,0.2997219681739807
27009,0.2442738950252533
27010,0.1462511032819748
27011,0.19491468667984008
27012,0.21294717788696288
27013,0.24517128765583038
27014,0.21990753412246705
27015,0.15442028045654296
27016,0.13551017343997956
27017,0.25848559141159055
27018,0.24538377225399016
27019,0.2205849140882492
27020,0.16607070714235306
27021,0.20958044230937958
27022,0.18371908366680145
27023,0.25216172337532045
27024,0.15577276349067687
27025,0.301951539516449
27026,0.18328109085559846
27027,0.1931148886680603
27028,0.18535955548286437
27029,0.19666457176208496
27030,0.32492607831954956
27031,0.14873577654361725
27032,0.18961523175239564
27033,0.16243595778942108
27034,0.14382005035877227
27035,0.25365751087665556
27036,0.19903059005737306
27037,0.153877454996109
27038,0.25350525975227356
27039,0.21790340840816497
27040,0.14389045536518097
27041,0.21310733556747435
27042,0.21895331144332886
27043,0.13409493565559388
27044,0.2474031001329422
27045,0.18979992270469664
27046,0.09535707011818886
27047,0.21445612609386444
27048,0.19081267416477204
27049,0.16878390908241273
27050,0.24036738872528077
27051,0.26357008814811705
27052,0.24918374121189119
27053,0.15356345772743224
27054,0.18758513629436493
27055,0.21868162453174592
27056,0.16402773857116698
27057,0.21647997498512267
27058,0.22792349457740785
27059,0.22073632180690766
27060,0.20255962312221526
27061,0.1852476865053177
27062,0.24492709934711457
27063,0.1693558484315872
27064,0.1767054945230484
27065,0.15586543083190918
27066,0.15581502318382262
27067,0.26857830286026
27068,0.2310689717531204
27069,0.11502981632947921
27070,0.19981148540973664
27071,0.17356504797935485
27072,0.28776726722717283
27073,0.30433099567890165
27074,0.2963430404663086
27075,0.152607661485672
27076,0.22030132710933686
27077,0.21884438991546631
27078,0.15145107060670854
27079,0.21757289469242097
27080,0.14869755506515503
27081,0.19759657979011536
27082,0.14110615849494934
27083,0.16377890408039092
27084,0.24942048490047455
27085,0.20867117643356323
27086,0.22567469179630278
27087,0.21270716786384583
27088,0.23460718393325805
27089,0.14684225618839264
27090,0.18725720643997193
27091,0.17156441807746886
27092,0.1429208055138588
27093,0.17076849341392517
27094,0.21679030656814574
27095,0.2649970710277557
27096,0.17797528803348542
27097,0.22458466291427612
27098,0.17888199388980866
27099,0.22378431856632233
27100,0.10354167819023133
27101,0.1694083482027054
27102,0.20528046488761903
27103,0.15181075632572175
27104,0.20744287669658662
27105,0.17042312622070313
27106,0.3002685636281967
27107,0.21768057942390442
27108,0.23995689749717714
27109,0.14447660744190216
27110,0.2183777719736099
27111,0.2285538375377655
27112,0.2161020040512085
27113,0.17068348228931426
27114,0.17912229001522065
27115,0.23067137897014617
27116,0.26555344760417937
27117,0.14557685554027558
27118,0.14715186655521392
27119,0.19428628087043762
27120,0.2415483057498932
27121,0.16355781853199006
27122,0.22597897350788115
27123,0.24339085519313813
27124,0.3118947833776474
27125,0.12817120552062988
27126,0.21135436594486237
27127,0.23787207305431365
27128,0.17173295617103576
27129,0.21390373408794403
27130,0.1869191974401474
27131,0.15882111787796022
27132,0.17961346507072448
27133,0.23815674781799318
27134,0.27592953145503996
27135,0.27194433808326723
27136,0.19452228248119355
27137,0.17131551206111909
27138,0.2330658346414566
27139,0.26970359981060027
27140,0.1481756091117859
27141,0.2379750430583954
27142,0.3341130018234253
27143,0.2112560361623764
27144,0.17056278586387635
27145,0.11393108367919921
27146,0.14756184816360474
27147,0.18145087659358977
27148,0.2021309942007065
27149,0.22119271755218506
27150,0.18576482236385344
27151,0.14575517922639847
27152,0.19509890377521516
27153,0.23486006259918213
27154,0.19106855988502502
27155,0.2761209785938263
27156,0.1854944944381714
27157,0.2578966975212097
27158,0.21764432191848754
27159,0.17710494101047516
27160,0.16649673879146576
27161,0.15913232266902924
27162,0.1978504776954651
27163,0.21351221799850464
27164,0.19542888998985292
27165,0.14838078022003173
27166,0.21521509289741517
27167,0.1918701320886612
27168,0.22872763872146606
27169,0.1977744847536087
27170,0.22825442850589753
27171,0.16177571415901185
27172,0.17885641157627105
27173,0.16577883064746857
27174,0.190705543756485
27175,0.16683704555034637
27176,0.20808144509792328
27177,0.20836482048034669
27178,0.20912045538425444
27179,0.23102764785289764
27180,0.17578198611736298
27181,0.23728790879249573
27182,0.1613949030637741
27183,0.2766895890235901
27184,0.25505652129650114
27185,0.2718834191560745
27186,0.15621904283761978
27187,0.2754813075065613
27188,0.24376462101936341
27189,0.17970849871635436
27190,0.22765809297561646
27191,0.20316980183124542
27192,0.2701267242431641
27193,0.13000510036945342
27194,0.23879199624061584
27195,0.2493823379278183
27196,0.26109773814678194
27197,0.2040221482515335
27198,0.1893507421016693
27199,0.21213165819644927
27200,0.17246091663837432
27201,0.2208638846874237
27202,0.23579387366771698
27203,0.26024547815322874
27204,0.2401198625564575
27205,0.2072724759578705
27206,0.15148380696773528
27207,0.21816170811653138
27208,0.2699688822031021
27209,0.2028670519590378
27210,0.22571328580379485
27211,0.2615079343318939
27212,0.15229371190071106
27213,0.2012727975845337
27214,0.2502758204936981
27215,0.17273272275924684
27216,0.2310974955558777
27217,0.17633820772171022
27218,0.1847444385290146
27219,0.15356246531009674
27220,0.17212942540645598
27221,0.22277071177959443
27222,0.21045243442058564
27223,0.22202357947826384
27224,0.21566024124622346
27225,0.25227136015892027
27226,0.1705902874469757
27227,0.23359162211418152
27228,0.20147489607334138
27229,0.20516014099121094
27230,0.19118658304214478
27231,0.24261551201343537
27232,0.2387766420841217
27233,0.18940603733062744
27234,0.21458511352539061
27235,0.17513615489006043
27236,0.2618632137775421
27237,0.20326182544231414
27238,0.19873763620853424
27239,0.18442467153072356
27240,0.20726902782917023
27241,0.23283565640449524
27242,0.12001602351665497
27243,0.1747876822948456
27244,0.23611461222171784
27245,0.1735418677330017
27246,0.2368267685174942
27247,0.2090741664171219
27248,0.27815641164779664
27249,0.1573740214109421
27250,0.23304671347141265
27251,0.24098505079746246
27252,0.26698905825614927
27253,0.22532112300395965
27254,0.20929416716098787
27255,0.2347133845090866
27256,0.22572792768478395
27257,0.2745022803544998
27258,0.21881217360496522
27259,0.2259918600320816
27260,0.20212495923042298
27261,0.19439796805381776
27262,0.2506688952445984
27263,0.1667100489139557
27264,0.23048212230205536
27265,0.17412209510803223
27266,0.1793356418609619
27267,0.2740664929151535
27268,0.16766214966773987
27269,0.2068909853696823
27270,0.17022198736667632
27271,0.19665915966033937
27272,0.17313750088214874
27273,0.22507982552051545
27274,0.21256609857082367
27275,0.24227176010608673
27276,0.15131371319293976
27277,0.20057992041110992
27278,0.1861598461866379
27279,0.18138318061828612
27280,0.16177694052457808
27281,0.32853564620018005
27282,0.18923076689243318
27283,0.16909728944301605
27284,0.24615565836429595
27285,0.2922814548015594
27286,0.2090458869934082
27287,0.21721866428852082
27288,0.31696887612342833
27289,0.24869785010814666
27290,0.3040756046772003
27291,0.26080683171749114
27292,0.18591358363628388
27293,0.26539588868618014
27294,0.2779708385467529
27295,0.14701386094093322
27296,0.211699977517128
27297,0.2199808120727539
27298,0.2525335490703583
27299,0.2083728015422821
27300,0.24191563725471496
27301,0.18665778934955596
27302,0.2282219260931015
27303,0.18252911567687988
27304,0.2368690311908722
27305,0.2281981647014618
27306,0.2737616032361984
27307,0.16600366681814194
27308,0.24823221266269685
27309,0.26313827037811277
27310,0.16687730550765992
27311,0.19676629602909088
27312,0.21962158083915712
27313,0.17856425642967225
27314,0.20120514929294586
27315,0.2536650747060776
27316,0.3219721853733063
27317,0.21765335500240326
27318,0.16989289820194245
27319,0.26305740177631376
27320,0.21503457129001619
27321,0.1896503061056137
27322,0.20815132856369017
27323,0.22232503890991212
27324,0.14431048333644866
27325,0.1522777184844017
27326,0.15965454578399657
27327,0.1710923433303833
27328,0.15197137892246246
27329,0.22713086605072022
27330,0.16591835618019105
27331,0.17285582721233367
27332,0.22545426487922668
27333,0.2751543402671814
27334,0.22892457246780396
27335,0.21674348711967467
27336,0.22541301548480988
27337,0.15589533150196075
27338,0.19563720226287842
27339,0.2699645936489105
27340,0.2014959305524826
27341,0.16571831405162812
27342,0.2833771973848343
27343,0.27772778570652007
27344,0.27818653285503386
27345,0.19375256896018983
27346,0.24281004965305328
27347,0.16280072927474976
27348,0.26742575168609617
27349,0.23803585767745972
27350,0.19576994180679322
27351,0.22945160865783693
27352,0.2740869253873825
27353,0.23254470825195311
27354,0.22829350531101228
27355,0.20829764008522034
27356,0.19456014335155486
27357,0.1928671807050705
27358,0.18505289852619172
27359,0.3175446569919586
27360,0.16050865054130553
27361,0.18641581237316132
27362,0.26850299835205077
27363,0.21526276767253877
27364,0.18686017990112305
27365,0.21636439561843873
27366,0.18828296959400176
27367,0.19827058613300325
27368,0.2510481238365173
27369,0.20962763726711273
27370,0.22805078327655792
27371,0.16330980658531188
27372,0.27843883335590364
27373,0.23211049139499665
27374,0.2522363722324371
27375,0.26241415143013
27376,0.17972498685121535
27377,0.14072006940841675
27378,0.24074048399925232
27379,0.1879801034927368
27380,0.21119117736816406
27381,0.18839788436889648
27382,0.17696442902088166
27383,0.14903214573860168
27384,0.2197771728038788
27385,0.13849021047353743
27386,0.1925346851348877
27387,0.18728357255458833
27388,0.17418632209300994
27389,0.2448919653892517
27390,0.18658715784549712
27391,0.19699959456920624
27392,0.22203016579151152
27393,0.3001380771398544
27394,0.1924548327922821
27395,0.249538853764534
27396,0.24244548082351686
27397,0.17912709414958955
27398,0.24346824288368224
27399,0.24166198670864106
27400,0.19572051465511323
27401,0.26199689507484436
27402,0.21772802472114564
27403,0.18510797917842864
27404,0.35866032242774964
27405,0.2598118633031845
27406,0.241986683011055
27407,0.28161637485027313
27408,0.15521043688058853
27409,0.2082641214132309
27410,0.14187470078468323
27411,0.1704256772994995
27412,0.1993109941482544
27413,0.2936748147010803
27414,0.18975501656532287
27415,0.2454657793045044
27416,0.20879843831062317
27417,0.13918003737926482
27418,0.21185234189033508
27419,0.22856120467185975
27420,0.2634762078523636
27421,0.1783598005771637
27422,0.2394959360361099
27423,0.17316124588251114
27424,0.12515808641910553
27425,0.1915936529636383
27426,0.1953112244606018
27427,0.20491301119327546
27428,0.2584355533123016
27429,0.22489145398139954
27430,0.1504404991865158
27431,0.2927339613437653
27432,0.20508451461791993
27433,0.19736949503421783
27434,0.2814749389886856
27435,0.20972622334957122
27436,0.15520509481430053
27437,0.2081609457731247
27438,0.1350085601210594
27439,0.17315549552440643
27440,0.18976317644119262
27441,0.1774211436510086
27442,0.22936095297336578
27443,0.14533212333917617
27444,0.26006488800048827
27445,0.18286021947860717
27446,0.20270013809204102
27447,0.22105892300605773
27448,0.19966892898082733
27449,0.20822732746601105
27450,0.2825059533119202
27451,0.17399892210960388
27452,0.20434674620628357
27453,0.2431654691696167
27454,0.1918056935071945
27455,0.18191368877887726
27456,0.1316677898168564
27457,0.2043015480041504
27458,0.12750376015901566
27459,0.2820689380168915
27460,0.172383588552475
27461,0.18322528153657913
27462,0.1769117832183838
27463,0.155934876203537
27464,0.20776771306991576
27465,0.17237953543663026
27466,0.24570577442646027
27467,0.19401797652244568
27468,0.21934252381324768
27469,0.24452930688858032
27470,0.14423918426036836
27471,0.15531164705753325
27472,0.1780252754688263
27473,0.15206150710582733
27474,0.1896343320608139
27475,0.20889589488506316
27476,0.1988521158695221
27477,0.27360239028930666
27478,0.192135027050972
27479,0.279312726855278
27480,0.17722757160663605
27481,0.26250526010990144
27482,0.2079652428627014
27483,0.1847916930913925
27484,0.2712994873523712
27485,0.22542660236358641
27486,0.22878660261631012
27487,0.19721096754074097
27488,0.16345553994178771
27489,0.13889048546552657
27490,0.1797736644744873
27491,0.2234349399805069
27492,0.18968310952186584
27493,0.188023641705513
27494,0.2354702264070511
27495,0.17968405783176422
27496,0.23455922901630402
27497,0.26980479061603546
27498,0.16209056079387665
27499,0.16673352420330048
27500,0.23012033998966216
27501,0.2612024933099747
27502,0.2634678214788437
27503,0.19335789680480958
27504,0.21107329726219176
27505,0.15954759418964387
27506,0.16248418986797333
27507,0.2312826544046402
27508,0.265563377737999
27509,0.16562376022338868
27510,0.14355417490005493
27511,0.1999183863401413
27512,0.2236022651195526
27513,0.24102604389190674
27514,0.19657614827156067
27515,0.2371163249015808
27516,0.16547808349132537
27517,0.17766740024089814
27518,0.1636907786130905
27519,0.22533723711967468
27520,0.15304244458675384
27521,0.1881499171257019
27522,0.16414330005645753
27523,0.2152995854616165
27524,0.22676990330219268
27525,0.2459827721118927
27526,0.19693844616413117
27527,0.33021135330200196
27528,0.23160805702209472
27529,0.20193113386631012
27530,0.12684885263442994
27531,0.24735913872718812
27532,0.19002395868301392
27533,0.22572705745697022
27534,0.19737033545970917
27535,0.19572937488555908
27536,0.22571543753147125
27537,0.17955623269081117
27538,0.1711392104625702
27539,0.23613746762275695
27540,0.16181122958660127
27541,0.1871322900056839
27542,0.16620642840862274
27543,0.275781512260437
27544,0.29494777619838713
27545,0.20071695148944854
27546,0.3341763973236084
27547,0.23972671627998351
27548,0.31970841288566587
27549,0.1779054582118988
27550,0.22339480519294738
27551,0.16866748332977294
27552,0.24185456931591034
27553,0.2116162121295929
27554,0.18387664556503297
27555,0.20358896255493164
27556,0.19815635085105895
27557,0.23905135691165924
27558,0.1370380476117134
27559,0.313664573431015
27560,0.22790648639202118
27561,0.2903173267841339
27562,0.2389300584793091
27563,0.23649534285068513
27564,0.2857255697250366
27565,0.23008081316947937
27566,0.17847443521022796
27567,0.17420361042022706
27568,0.30406399071216583
27569,0.18887100517749786
27570,0.2750051379203796
27571,0.18764349222183227
27572,0.18545618057250976
27573,0.2406023234128952
27574,0.307992547750473
27575,0.2662927061319351
27576,0.2226833313703537
27577,0.20915286540985106
27578,0.30029712319374086
27579,0.19736747145652772
27580,0.21119641065597533
27581,0.1928659588098526
27582,0.1744261473417282
27583,0.178670933842659
27584,0.18906426429748535
27585,0.2900491088628769
27586,0.22545985877513885
27587,0.2928998112678528
27588,0.2481280893087387
27589,0.174813711643219
27590,0.1888337939977646
27591,0.22559368312358857
27592,0.16158859431743622
27593,0.22820303440093995
27594,0.19990784525871277
27595,0.2082040160894394
27596,0.2240618109703064
27597,0.1382336437702179
27598,0.24083752036094666
27599,0.271028071641922
27600,0.2553515672683716
27601,0.20775834918022157
27602,0.1825878232717514
27603,0.26938623785972593
27604,0.2366459012031555
27605,0.17025986909866334
27606,0.2073850303888321
27607,0.2012087047100067
27608,0.21062946915626526
27609,0.13812323063611984
27610,0.18148816227912903
27611,0.21196865141391755
27612,0.20845945477485656
27613,0.22404028177261354
27614,0.2897909879684448
27615,0.14180978387594223
27616,0.2062184751033783
27617,0.16986779272556304
27618,0.16013151705265044
27619,0.18865879774093627
27620,0.18780073821544646
27621,0.171548929810524
27622,0.2618621617555618
27623,0.16117443144321442
27624,0.15083432346582412
27625,0.22272365987300874
27626,0.14807456731796265
27627,0.21224749684333802
27628,0.2336082249879837
27629,0.22862809002399445
27630,0.2396483302116394
27631,0.15523527562618256
27632,0.20722466409206391
27633,0.22519510090351105
27634,0.3676743507385254
27635,0.1944790691137314
27636,0.252884241938591
27637,0.21925509870052337
27638,0.17993391454219818
27639,0.21780484020709992
27640,0.2511173576116562
27641,0.12997995615005492
27642,0.1520975947380066
27643,0.22679231762886048
27644,0.19511777758598328
27645,0.19244562983512878
27646,0.23870451748371124
27647,0.2826256275177002
27648,0.1613738179206848
27649,0.1749233454465866
27650,0.19095427691936492
27651,0.16979960501194
27652,0.1822129189968109
27653,0.24564775824546814
27654,0.2072037935256958
27655,0.25896436274051665
27656,0.23571186661720275
27657,0.21705619990825653
27658,0.2639021247625351
27659,0.13832983374595642
27660,0.16997095942497253
27661,0.22523794174194336
27662,0.26756233870983126
27663,0.1838204950094223
27664,0.17551665008068085
27665,0.2044496387243271
27666,0.2231030911207199
27667,0.21081486642360686
27668,0.1559321478009224
27669,0.15940806567668914
27670,0.17545240819454194
27671,0.2294468641281128
27672,0.26032323837280275
27673,0.17226968258619307
27674,0.21189849376678466
27675,0.21715219914913178
27676,0.22056892216205598
27677,0.21229787468910216
27678,0.1967955231666565
27679,0.22219347655773164
27680,0.264765191078186
27681,0.16434161067008973
27682,0.264022696018219
27683,0.20274616479873658
27684,0.19187624454498292
27685,0.19090192914009094
27686,0.16442297101020814
27687,0.17257438600063324
27688,0.1506034478545189
27689,0.1977830410003662
27690,0.14194093644618988
27691,0.308441823720932
27692,0.19036225080490113
27693,0.26677890717983244
27694,0.2359900712966919
27695,0.18123142123222352
27696,0.29340646862983705
27697,0.2941433131694794
27698,0.1688257187604904
27699,0.15199986100196838
27700,0.22906542122364043
27701,0.14567368924617768
27702,0.1841317057609558
27703,0.1891483932733536
27704,0.2707070350646973
27705,0.19322637617588043
27706,0.1357259824872017
27707,0.20641208589076995
27708,0.14861402064561843
27709,0.2487451434135437
27710,0.18999259769916535
27711,0.3274220168590546
27712,0.17659256756305694
27713,0.20599111914634705
27714,0.23558757603168487
27715,0.17236018776893616
27716,0.2840930938720703
27717,0.1836297780275345
27718,0.19628523886203766
27719,0.17405757308006287
27720,0.15629125535488128
27721,0.15532272458076476
27722,0.2232002794742584
27723,0.19970034062862396
27724,0.3035129696130753
27725,0.19672589302062987
27726,0.2025913715362549
27727,0.15542084276676177
27728,0.1401354745030403
27729,0.13956887573003768
27730,0.22247865796089172
27731,0.14855024814605713
27732,0.19320299923419954
27733,0.21639563143253326
27734,0.21503519117832184
27735,0.25471491515636446
27736,0.29056856632232664
27737,0.27648631632328036
27738,0.1957239478826523
27739,0.24480495154857634
27740,0.2311211884021759
27741,0.18717327415943147
27742,0.20884408354759215
27743,0.24598500430583953
27744,0.2816652566194534
27745,0.19977858066558837
27746,0.1868978038430214
27747,0.19505885243415833
27748,0.2327755182981491
27749,0.15845705568790436
27750,0.22214681506156922
27751,0.17708776593208314
27752,0.21069368422031404
27753,0.17754667699337007
27754,0.19525392055511476
27755,0.26856634616851804
27756,0.14878290593624116
27757,0.211950820684433
27758,0.1962609976530075
27759,0.1961276888847351
27760,0.27893433570861814
27761,0.1702879250049591
27762,0.1488414838910103
27763,0.20502184629440307
27764,0.16445720493793486
27765,0.2570433676242828
27766,0.21865274310111998
27767,0.23212562501430511
27768,0.21080324053764343
27769,0.1849038630723953
27770,0.2718173205852509
27771,0.18359658718109131
27772,0.22188325524330138
27773,0.22903550565242767
27774,0.23532696664333344
27775,0.17092716097831726
27776,0.21499849259853362
27777,0.29354511499404906
27778,0.19508543312549592
27779,0.2304447203874588
27780,0.175296750664711
27781,0.2881620943546295
27782,0.15386043190956117
27783,0.24708220958709717
27784,0.17554924190044402
27785,0.2261284589767456
27786,0.29865368604660036
27787,0.2504196226596832
27788,0.2246860921382904
27789,0.18800469040870665
27790,0.2632365614175797
27791,0.1966416209936142
27792,0.279007226228714
27793,0.12384353429079056
27794,0.21511388719081878
27795,0.2541639685630798
27796,0.2007555365562439
27797,0.19745103120803834
27798,0.14872589111328124
27799,0.2525895297527313
27800,0.22245644629001618
27801,0.20717243254184722
27802,0.2053864300251007
27803,0.24931957721710205
27804,0.2109902024269104
27805,0.2276426762342453
27806,0.33942198753356934
27807,0.1560417577624321
27808,0.25190137028694154
27809,0.2659432411193848
27810,0.21429298520088197
27811,0.23003719449043275
27812,0.22599505186080932
27813,0.13287149667739867
27814,0.1730563908815384
27815,0.2518982976675034
27816,0.2108928769826889
27817,0.17021191120147705
27818,0.19346899092197417
27819,0.19835105538368225
27820,0.35569301843643186
27821,0.13493146002292633
27822,0.22060000598430635
27823,0.16699205338954926
27824,0.30773909091949464
27825,0.2911451369524002
27826,0.1523725152015686
27827,0.2366058796644211
27828,0.17705914974212647
27829,0.18034802377223969
27830,0.24199069738388063
27831,0.2821374237537384
27832,0.1849236637353897
27833,0.18785759806632996
27834,0.2109539747238159
27835,0.17503732740879058
27836,0.19221283495426178
27837,0.17555805146694184
27838,0.16235925853252411
27839,0.2560745805501938
27840,0.22408432364463807
27841,0.24653670191764832
27842,0.22674257755279542
27843,0.1903458684682846
27844,0.17955776453018188
27845,0.22760821878910065
27846,0.2878714561462402
27847,0.2212720364332199
27848,0.26763724684715273
27849,0.19788810312747956
27850,0.2445179343223572
27851,0.31072104573249815
27852,0.13524975180625914
27853,0.2012140303850174
27854,0.2001491069793701
27855,0.18177786469459534
27856,0.13587526530027388
27857,0.24018988609313965
27858,0.15396397411823273
27859,0.13788907378911971
27860,0.23754842281341554
27861,0.1504982441663742
27862,0.16303583979606628
27863,0.2526309758424759
27864,0.21220631003379822
27865,0.15659631192684173
27866,0.16162570416927338
27867,0.15460053235292434
27868,0.2357379376888275
27869,0.19780924618244172
27870,0.19491923749446868
27871,0.2743464261293411
27872,0.15526446998119353
27873,0.17549506425857545
27874,0.20234278440475464
27875,0.2848912000656128
27876,0.21516679525375365
27877,0.1990482121706009
27878,0.17465665340423583
27879,0.17389099895954133
27880,0.18961832523345948
27881,0.17300354242324828
27882,0.23497886955738068
27883,0.20994504988193513
27884,0.25306967794895174
27885,0.25637962222099303
27886,0.21540347039699553
27887,0.16360470950603484
27888,0.31994972825050355
27889,0.24494142532348634
27890,0.2623319298028946
27891,0.1868380308151245
27892,0.2172245740890503
27893,0.2604956716299057
27894,0.18135712444782257
27895,0.15870371758937835
27896,0.24676578640937805
27897,0.20477187633514404
27898,0.29206631183624265
27899,0.23908787965774536
27900,0.17112895846366882
27901,0.1905989170074463
27902,0.1748715966939926
27903,0.2120647370815277
27904,0.14357167780399321
27905,0.19300659894943237
27906,0.1466251492500305
27907,0.20502690076828003
27908,0.19165983200073242
27909,0.20767942667007447
27910,0.18819268345832824
27911,0.24860635697841643
27912,0.1413297563791275
27913,0.1486309736967087
27914,0.20843501687049865
27915,0.19065312147140503
27916,0.15972667634487153
27917,0.20133354663848876
27918,0.17222629487514496
27919,0.28388807475566863
27920,0.22462825775146483
27921,0.2267648994922638
27922,0.18181170225143434
27923,0.14357260763645172
27924,0.21322849690914153
27925,0.13451733142137529
27926,0.18375754356384277
27927,0.1659934014081955
27928,0.1642950713634491
27929,0.2216785430908203
27930,0.202853724360466
27931,0.27177142202854154
27932,0.22737113237380982
27933,0.2077809363603592
27934,0.2686565458774567
27935,0.2127121478319168
27936,0.18494367897510527
27937,0.2668890953063965
27938,0.23127061128616333
27939,0.1860360950231552
27940,0.1887086123228073
27941,0.240484556555748
27942,0.18987713754177094
27943,0.15703138262033461
27944,0.3165109038352966
27945,0.16800834834575654
27946,0.25133067965507505
27947,0.19152046442031861
27948,0.1758417546749115
27949,0.2081797391176224
27950,0.3249141573905945
27951,0.24050481021404266
27952,0.2433952808380127
27953,0.1625818908214569
27954,0.15195588916540145
27955,0.19814297556877136
27956,0.16509525179862977
27957,0.1589202582836151
27958,0.15001729130744934
27959,0.20982961654663085
27960,0.29372586607933043
27961,0.1805157631635666
27962,0.29059672355651855
27963,0.1720431238412857
27964,0.23028510212898254
27965,0.1626706063747406
27966,0.2571158707141876
27967,0.2604670852422714
27968,0.1763078272342682
27969,0.24311887621879577
27970,0.23403631746768952
27971,0.19537119567394257
27972,0.22210585176944733
27973,0.15990828722715378
27974,0.28679822087287904
27975,0.2613373637199402
27976,0.32440715432167055
27977,0.1432927817106247
27978,0.12874146699905395
27979,0.329095858335495
27980,0.20979683995246887
27981,0.2270598292350769
27982,0.28274405002593994
27983,0.17479269504547118
27984,0.18354711234569548
27985,0.18475825488567352
27986,0.238312229514122
27987,0.10209324061870576
27988,0.22683270871639252
27989,0.2817328870296478
27990,0.2098410099744797
27991,0.24416997134685517
27992,0.15663474798202515
27993,0.17523711025714875
27994,0.20746940076351167
27995,0.28322907984256745
27996,0.22510020732879638
27997,0.21047531366348265
27998,0.15820842683315278
27999,0.22241502702236177
28000,0.15612716376781463
28001,0.20661652088165283
28002,0.19921788573265076
28003,0.2074129730463028
28004,0.22706343233585358
28005,0.16170061230659485
28006,0.21353122889995574
28007,0.221096670627594
28008,0.2208327531814575
28009,0.21975893676280975
28010,0.23679016828536986
28011,0.25137650668621064
28012,0.2128939747810364
28013,0.16934225261211394
28014,0.16567125022411347
28015,0.1962677448987961
28016,0.2397138148546219
28017,0.2275781363248825
28018,0.15096576511859894
28019,0.13821993619203568
28020,0.21285318434238434
28021,0.1946723908185959
28022,0.23187561333179474
28023,0.2127830445766449
28024,0.1984503149986267
28025,0.22856894731521607
28026,0.24577843248844147
28027,0.1450667381286621
28028,0.2275507479906082
28029,0.20110211074352263
28030,0.23269481658935548
28031,0.15202690064907073
28032,0.22107836604118347
28033,0.1367660015821457
28034,0.1577755481004715
28035,0.18480609357357025
28036,0.1885899543762207
28037,0.20123518109321595
28038,0.20183112621307372
28039,0.1872745931148529
28040,0.2901241540908813
28041,0.20807039737701416
28042,0.2119657188653946
28043,0.26828394532203675
28044,0.18972584903240203
28045,0.25629930198192596
28046,0.19964956641197204
28047,0.19359832108020783
28048,0.2093925178050995
28049,0.24543075561523436
28050,0.25932663679122925
28051,0.30832710266113283
28052,0.18308577239513396
28053,0.1767711639404297
28054,0.18762381970882416
28055,0.1811673164367676
28056,0.1892997592687607
28057,0.2223454535007477
28058,0.15688951909542084
28059,0.17083557546138764
28060,0.16868782341480254
28061,0.19330799281597139
28062,0.25991053581237794
28063,0.2617239266633987
28064,0.1836903691291809
28065,0.23629170358181
28066,0.12987703680992127
28067,0.27307450473308564
28068,0.21878413558006288
28069,0.20842292606830598
28070,0.19419144988059997
28071,0.17382929623126983
28072,0.1645795539021492
28073,0.21968831419944762
28074,0.19670733511447908
28075,0.18085938692092896
28076,0.23886306285858155
28077,0.15733439326286316
28078,0.2557409435510635
28079,0.1907308429479599
28080,0.20508184731006623
28081,0.20243366956710815
28082,0.2237620919942856
28083,0.17010128498077393
28084,0.23388615250587463
28085,0.12882329970598222
28086,0.19735248982906342
28087,0.1417580485343933
28088,0.18745814859867097
28089,0.2288455069065094
28090,0.23295401632785798
28091,0.15739238262176514
28092,0.20649521052837372
28093,0.2220562219619751
28094,0.19938029646873473
28095,0.21951716840267183
28096,0.15761690735816955
28097,0.17174588441848754
28098,0.278018057346344
28099,0.17921349108219148
28100,0.16244797706604003
28101,0.23100776076316834
28102,0.20057156085968017
28103,0.21040825843811034
28104,0.2750491499900818
28105,0.15291572511196136
28106,0.32554681301116944
28107,0.23348831832408906
28108,0.2573378920555115
28109,0.1710449904203415
28110,0.1392577201128006
28111,0.22164357006549834
28112,0.17066843807697296
28113,0.2833326101303101
28114,0.22623079121112824
28115,0.1914230078458786
28116,0.2356055498123169
28117,0.19678321480751038
28118,0.3135002672672272
28119,0.2544287383556366
28120,0.22673676609992982
28121,0.30265991389751434
28122,0.16460976302623748
28123,0.2019841879606247
28124,0.18347447812557222
28125,0.22764905393123627
28126,0.1218651369214058
28127,0.17573305666446687
28128,0.20785928666591644
28129,0.1788080543279648
28130,0.170219287276268
28131,0.1711987316608429
28132,0.24169882535934448
28133,0.2601251542568207
28134,0.20144230127334595
28135,0.22925806045532227
28136,0.2949656695127487
28137,0.20900211930274964
28138,0.1492781385779381
28139,0.20984410345554352
28140,0.22369841039180755
28141,0.2022240698337555
28142,0.233435320854187
28143,0.16303931176662445
28144,0.22098137438297272
28145,0.16807493567466736
28146,0.20543724596500396
28147,0.3291825294494629
28148,0.2230459749698639
28149,0.19071804285049437
28150,0.1746227264404297
28151,0.25420946478843687
28152,0.23519017100334166
28153,0.16017440408468248
28154,0.18584918677806855
28155,0.18728980422019958
28156,0.23979283273220062
28157,0.2870525300502777
28158,0.275808709859848
28159,0.17025029957294463
28160,0.26089792549610136
28161,0.2295727550983429
28162,0.21713901460170745
28163,0.23345190584659575
28164,0.17584172189235686
28165,0.1997177243232727
28166,0.23795080780982972
28167,0.12989043593406677
28168,0.2391621708869934
28169,0.16829722821712495
28170,0.16910171508789062
28171,0.17603363394737243
28172,0.1324728637933731
28173,0.21026089191436767
28174,0.19766505658626557
28175,0.14748584628105163
28176,0.2200840175151825
28177,0.1937618672847748
28178,0.16728370487689972
28179,0.232842555642128
28180,0.156727397441864
28181,0.25093168318271636
28182,0.16880848705768586
28183,0.285893177986145
28184,0.20623624920845032
28185,0.23088918030261993
28186,0.18102141618728637
28187,0.16816359758377075
28188,0.193461874127388
28189,0.15265126526355743
28190,0.22398330569267272
28191,0.21352919936180115
28192,0.19645732939243316
28193,0.2126474142074585
28194,0.19521434903144835
28195,0.2610785126686096
28196,0.17198272943496704
28197,0.14464494735002517
28198,0.1445365369319916
28199,0.2687859356403351
28200,0.14662388563156128
28201,0.2917105734348297
28202,0.21772283017635347
28203,0.21035540699958802
28204,0.21532671451568602
28205,0.15563742816448212
28206,0.162062668800354
28207,0.14745458364486694
28208,0.22045153975486756
28209,0.28521113395690917
28210,0.12969405502080916
28211,0.2337816536426544
28212,0.2304449737071991
28213,0.18932740092277528
28214,0.13755132853984833
28215,0.13598880618810655
28216,0.2626704633235931
28217,0.22312315106391906
28218,0.2235077977180481
28219,0.16402581334114075
28220,0.19325372576713562
28221,0.2880586862564087
28222,0.21836436092853545
28223,0.23371461927890777
28224,0.19339455664157867
28225,0.17956045866012574
28226,0.21753805577754975
28227,0.2732594311237335
28228,0.18611758649349214
28229,0.20728840231895446
28230,0.24459460377693176
28231,0.27839337289333344
28232,0.22799953520298005
28233,0.15833483636379242
28234,0.1989690214395523
28235,0.18519438207149505
28236,0.20838700830936432
28237,0.29347039461135865
28238,0.22995999455451965
28239,0.274275529384613
28240,0.1688641369342804
28241,0.22369570434093475
28242,0.29146559834480285
28243,0.23147609531879426
28244,0.20386610329151153
28245,0.13517521917819977
28246,0.202137091755867
28247,0.2088162213563919
28248,0.1970542699098587
28249,0.2594191342592239
28250,0.24434487521648407
28251,0.21805995106697082
28252,0.20107317268848418
28253,0.2133956342935562
28254,0.18893879652023315
28255,0.19054887294769288
28256,0.1593793511390686
28257,0.24062770009040832
28258,0.17189935743808746
28259,0.21229485273361207
28260,0.22035895884037018
28261,0.31697348356246946
28262,0.251764240860939
28263,0.16140121221542358
28264,0.2163172632455826
28265,0.25454665124416354
28266,0.1631265848875046
28267,0.15049802362918854
28268,0.23396061658859252
28269,0.24678993225097656
28270,0.23908117711544036
28271,0.18457877039909362
28272,0.23844145238399506
28273,0.2515558451414108
28274,0.24677836298942565
28275,0.2701718479394913
28276,0.24545421004295348
28277,0.2016617089509964
28278,0.21296307742595671
28279,0.19944926500320434
28280,0.22693210542201997
28281,0.22700068056583406
28282,0.22041477560997008
28283,0.17730069756507874
28284,0.23539392352104188
28285,0.19560578167438508
28286,0.1877048283815384
28287,0.2783968418836594
28288,0.2218651592731476
28289,0.2369496136903763
28290,0.2264275908470154
28291,0.21937355399131775
28292,0.24863533675670624
28293,0.27118891179561616
28294,0.1606244832277298
28295,0.21585131883621217
28296,0.23070709705352782
28297,0.14439543932676316
28298,0.24572399258613586
28299,0.23989287614822388
28300,0.23362503349781036
28301,0.1549710214138031
28302,0.18088246881961823
28303,0.2805813640356064
28304,0.24135800898075105
28305,0.18392667472362517
28306,0.22218641340732576
28307,0.21657582521438598
28308,0.21430945098400117
28309,0.2625454694032669
28310,0.19983516335487367
28311,0.25290741622447965
28312,0.27659872472286223
28313,0.13204197734594345
28314,0.25833049714565276
28315,0.189954537153244
28316,0.22444944083690643
28317,0.19153050184249878
28318,0.18159998059272767
28319,0.23799194991588593
28320,0.23387017846107483
28321,0.224382284283638
28322,0.18956954181194305
28323,0.2064614862203598
28324,0.22873774766921998
28325,0.22714535295963287
28326,0.15256892442703246
28327,0.2635410398244858
28328,0.18578506708145143
28329,0.19230179488658905
28330,0.16369864642620086
28331,0.1656218558549881
28332,0.28356653451919556
28333,0.21978888511657715
28334,0.35329286754131317
28335,0.17983853816986084
28336,0.1878384530544281
28337,0.30557298064231875
28338,0.22186735570430755
28339,0.264683198928833
28340,0.2038871943950653
28341,0.19809307754039765
28342,0.25446088016033175
28343,0.1830962061882019
28344,0.1899452954530716
28345,0.17860265374183654
28346,0.20519312620162963
28347,0.2123480260372162
28348,0.12768235951662063
28349,0.21490861475467682
28350,0.16681265830993652
28351,0.18786985278129578
28352,0.25455291867256163
28353,0.25729016959667206
28354,0.21985301971435547
28355,0.12609589099884033
28356,0.2094619333744049
28357,0.17476426661014557
28358,0.2338799864053726
28359,0.21855324506759644
28360,0.24559687674045563
28361,0.2697964757680893
28362,0.14952057600021362
28363,0.23431347608566283
28364,0.22640783786773683
28365,0.18012793958187104
28366,0.3155501067638397
28367,0.2210961878299713
28368,0.26648221611976625
28369,0.25450835227966306
28370,0.19478821158409118
28371,0.17521482408046724
28372,0.24863192737102507
28373,0.20033730566501617
28374,0.2978896498680115
28375,0.19862851202487947
28376,0.16819572150707246
28377,0.2043450266122818
28378,0.16927651464939117
28379,0.24486286640167237
28380,0.22019924521446227
28381,0.21474067866802216
28382,0.17843758463859558
28383,0.20718899965286255
28384,0.19268053770065308
28385,0.17030140459537507
28386,0.2716344952583313
28387,0.20596909523010254
28388,0.25076329708099365
28389,0.1895575702190399
28390,0.21169115900993346
28391,0.2220665693283081
28392,0.17020125091075897
28393,0.128312586247921
28394,0.20604223906993865
28395,0.14461084753274916
28396,0.22679886519908904
28397,0.23506930768489837
28398,0.2475024163722992
28399,0.1685242772102356
28400,0.2322175085544586
28401,0.19720409512519838
28402,0.2051681697368622
28403,0.21399289667606353
28404,0.22481855750083923
28405,0.24322290122509002
28406,0.2407155752182007
28407,0.20084815919399263
28408,0.21374620795249938
28409,0.2022201180458069
28410,0.1587761402130127
28411,0.16469368636608123
28412,0.22357470989227296
28413,0.23297027349472046
28414,0.22875331938266755
28415,0.18334682285785675
28416,0.1983104467391968
28417,0.21415361762046814
28418,0.1288551852107048
28419,0.2263314187526703
28420,0.20678755044937133
28421,0.16442497968673705
28422,0.2703377604484558
28423,0.18605685234069824
28424,0.25005708634853363
28425,0.18767707645893097
28426,0.16170387268066405
28427,0.20838911235332488
28428,0.16841586530208588
28429,0.24795840680599213
28430,0.1806919813156128
28431,0.24759831726551057
28432,0.175040203332901
28433,0.2518978625535965
28434,0.19070014953613282
28435,0.16692377328872682
28436,0.2469690054655075
28437,0.22154025435447694
28438,0.26360406577587125
28439,0.15969015657901764
28440,0.240777650475502
28441,0.14531663954257965
28442,0.14996666312217713
28443,0.1780478447675705
28444,0.1552869200706482
28445,0.2479874700307846
28446,0.24349471926689148
28447,0.21034879982471466
28448,0.20844740569591522
28449,0.24368010759353637
28450,0.25935180485248566
28451,0.1488403409719467
28452,0.2603852689266205
28453,0.18283648490905763
28454,0.1503454029560089
28455,0.17265536189079284
28456,0.24420052170753478
28457,0.2267572581768036
28458,0.23492321074008943
28459,0.35736520290374757
28460,0.1727786034345627
28461,0.2453911155462265
28462,0.2787203282117844
28463,0.1978767603635788
28464,0.21995799243450165
28465,0.25960104167461395
28466,0.36994860172271726
28467,0.21328094899654387
28468,0.2707533597946167
28469,0.29054024815559387
28470,0.18927718997001647
28471,0.22645711600780488
28472,0.16847690045833588
28473,0.18038527965545653
28474,0.17730519771575928
28475,0.25544628500938416
28476,0.15975164473056794
28477,0.20031697750091554
28478,0.27483231425285337
28479,0.16246578395366668
28480,0.2016482323408127
28481,0.21862738728523254
28482,0.16428475081920624
28483,0.2561330020427704
28484,0.21385855674743653
28485,0.17528400123119353
28486,0.2399335026741028
28487,0.23231049478054047
28488,0.18122749030590057
28489,0.13534587621688843
28490,0.13341945111751558
28491,0.1913541942834854
28492,0.18414089381694793
28493,0.24381554424762725
28494,0.1700334757566452
28495,0.201407727599144
28496,0.25627204179763796
28497,0.1846130073070526
28498,0.1838232696056366
28499,0.23695796132087707
28500,0.20821010768413545
28501,0.25062466859817506
28502,0.18096116185188293
28503,0.12896215170621872
28504,0.15786153078079224
28505,0.20213815569877625
28506,0.21993424594402314
28507,0.18144456744194032
28508,0.22393880486488343
28509,0.14519689679145814
28510,0.1523356705904007
28511,0.2570290893316269
28512,0.17147793769836425
28513,0.14663221538066865
28514,0.1931777775287628
28515,0.18935649394989013
28516,0.22644849121570587
28517,0.13588169813156128
28518,0.2233261436223984
28519,0.1736338347196579
28520,0.20592013299465178
28521,0.22306997179985047
28522,0.18486761450767517
28523,0.233218252658844
28524,0.14914983212947847
28525,0.1943695515394211
28526,0.1783635526895523
28527,0.15579910278320314
28528,0.2122311294078827
28529,0.23293809592723846
28530,0.2664025485515594
28531,0.181332328915596
28532,0.26467905938625336
28533,0.1519097238779068
28534,0.20703495144844056
28535,0.2857592046260834
28536,0.19283801317214966
28537,0.19441191703081132
28538,0.15934192836284639
28539,0.28950693011283873
28540,0.26274603307247163
28541,0.16761271059513091
28542,0.1894063502550125
28543,0.21010030210018157
28544,0.14254194796085357
28545,0.28042427599430086
28546,0.21213549077510835
28547,0.2503727048635483
28548,0.18251726627349854
28549,0.2852199822664261
28550,0.20750783681869506
28551,0.1926012009382248
28552,0.2273716300725937
28553,0.17511252760887147
28554,0.21071795225143433
28555,0.21827702224254608
28556,0.1759440064430237
28557,0.15439570546150208
28558,0.19548315405845643
28559,0.21773149371147155
28560,0.15617167353630065
28561,0.22373407781124116
28562,0.2321828842163086
28563,0.27957139909267426
28564,0.2393464684486389
28565,0.1745852619409561
28566,0.23042792975902557
28567,0.1552549958229065
28568,0.17898885309696197
28569,0.2474027007818222
28570,0.2554067850112915
28571,0.20120052695274354
28572,0.2114058792591095
28573,0.13697297871112823
28574,0.22094207108020783
28575,0.23644729256629943
28576,0.19029768109321593
28577,0.18110387325286864
28578,0.24544036090373994
28579,0.23560382127761842
28580,0.24476124346256256
28581,0.21980698108673097
28582,0.29271005392074584
28583,0.1949411451816559
28584,0.19662260115146638
28585,0.22688331305980683
28586,0.1458869010210037
28587,0.2064199298620224
28588,0.13793523907661437
28589,0.2663764595985413
28590,0.15563834309577942
28591,0.15685831606388093
28592,0.13969485610723495
28593,0.190968856215477
28594,0.24767928421497346
28595,0.205704265832901
28596,0.35082554817199707
28597,0.2822311341762543
28598,0.21644329726696016
28599,0.16243335604667664
28600,0.1961552917957306
28601,0.26665674448013305
28602,0.35157392621040345
28603,0.27322238981723784
28604,0.3080002188682556
28605,0.2694664537906647
28606,0.24656815230846404
28607,0.2603135496377945
28608,0.21321948170661925
28609,0.2116127371788025
28610,0.17813175320625305
28611,0.1351792335510254
28612,0.1806309700012207
28613,0.2163286656141281
28614,0.18523843288421632
28615,0.27968818247318267
28616,0.25101161003112793
28617,0.3687757909297943
28618,0.26980564594268797
28619,0.3282794713973999
28620,0.22494477033615112
28621,0.24383151829242705
28622,0.23014139831066133
28623,0.18848420977592467
28624,0.2499356597661972
28625,0.24029097855091094
28626,0.22588829100131988
28627,0.19758556485176088
28628,0.28232796788215636
28629,0.2036815792322159
28630,0.17814084589481355
28631,0.09601998403668403
28632,0.23160751163959503
28633,0.12476776987314224
28634,0.24248621761798858
28635,0.27984658181667327
28636,0.24981673061847687
28637,0.1893235206604004
28638,0.21432781219482422
28639,0.12958685904741288
28640,0.15332368165254592
28641,0.19579848945140838
28642,0.20239973366260527
28643,0.22612316012382508
28644,0.23899511992931366
28645,0.16871139109134675
28646,0.12535476982593535
28647,0.17507341504096985
28648,0.21302980780601502
28649,0.30580857396125793
28650,0.18701039850711823
28651,0.18577950894832612
28652,0.3040172129869461
28653,0.21675847768783568
28654,0.12799951583147048
28655,0.16528010368347168
28656,0.27485173046588895
28657,0.37788441181182864
28658,0.23368226289749144
28659,0.1253375917673111
28660,0.22877610325813294
28661,0.1893243372440338
28662,0.14772239923477173
28663,0.1781399130821228
28664,0.14295012205839158
28665,0.19431857466697694
28666,0.2160881221294403
28667,0.29567496180534364
28668,0.14102877378463746
28669,0.19716158211231233
28670,0.19258879125118256
28671,0.36749203205108644
28672,0.18339409530162812
28673,0.18251100480556487
28674,0.19473576545715332
28675,0.17306249737739562
28676,0.26621830463409424
28677,0.20987437963485717
28678,0.16972405910491944
28679,0.2025061160326004
28680,0.19865524768829346
28681,0.22185301184654235
28682,0.1837882250547409
28683,0.28703994750976564
28684,0.18982865512371064
28685,0.19197858273983
28686,0.2294737607240677
28687,0.23101586997509002
28688,0.2215040385723114
28689,0.18192543983459472
28690,0.178334641456604
28691,0.18246408700942993
28692,0.1709865838289261
28693,0.14806116372346878
28694,0.1398396149277687
28695,0.15327966958284378
28696,0.262563493847847
28697,0.22764335870742797
28698,0.20730869174003602
28699,0.2435839891433716
28700,0.15934227406978607
28701,0.3124978244304657
28702,0.211578568816185
28703,0.12218566536903382
28704,0.238340762257576
28705,0.1666584402322769
28706,0.15858447551727295
28707,0.18220563232898712
28708,0.1905887693166733
28709,0.14070276767015458
28710,0.20661429464817047
28711,0.18983408212661743
28712,0.2601583540439606
28713,0.19121516942977906
28714,0.1869164824485779
28715,0.23609268963336943
28716,0.16904613375663757
28717,0.23169184625148773
28718,0.17072231471538543
28719,0.2165473997592926
28720,0.18607903718948365
28721,0.13936970233917237
28722,0.19163295924663543
28723,0.2643831491470337
28724,0.1834293156862259
28725,0.18258331418037416
28726,0.16231664419174194
28727,0.20765289962291716
28728,0.13890524953603745
28729,0.16709162592887877
28730,0.18559147119522096
28731,0.2087205469608307
28732,0.22167291939258577
28733,0.2576038122177124
28734,0.18705308735370635
28735,0.1769753009080887
28736,0.2015183836221695
28737,0.24828576147556305
28738,0.20794877111911775
28739,0.17184968292713165
28740,0.249847874045372
28741,0.2417881429195404
28742,0.1911253035068512
28743,0.3155702769756317
28744,0.22125714719295503
28745,0.17563460171222686
28746,0.16061255931854249
28747,0.24033949375152588
28748,0.21002799272537231
28749,0.17018785774707795
28750,0.2939374178647995
28751,0.25949038863182067
28752,0.22926677763462067
28753,0.1594152867794037
28754,0.1928386867046356
28755,0.15798672437667846
28756,0.17684924304485322
28757,0.23507583439350127
28758,0.19295915067195893
28759,0.17490079402923583
28760,0.27958895862102506
28761,0.20115715265274048
28762,0.21558409035205842
28763,0.1821359246969223
28764,0.18230915069580078
28765,0.19988795816898347
28766,0.2278498351573944
28767,0.1678400754928589
28768,0.17440684139728546
28769,0.16682620346546173
28770,0.24404953718185424
28771,0.16021933555603027
28772,0.2462915301322937
28773,0.2240993857383728
28774,0.23942600786685944
28775,0.2704958736896515
28776,0.1449585571885109
28777,0.19134911596775056
28778,0.23129063546657563
28779,0.22614298462867738
28780,0.21602017879486085
28781,0.21091690063476562
28782,0.27253100275993347
28783,0.1834957242012024
28784,0.2234233111143112
28785,0.1754614681005478
28786,0.17644206285476685
28787,0.16977317929267882
28788,0.1960997611284256
28789,0.22387242317199707
28790,0.24745085537433625
28791,0.20299036502838136
28792,0.2201647251844406
28793,0.19893263876438141
28794,0.1669830083847046
28795,0.12677515745162965
28796,0.1874597728252411
28797,0.15025898218154907
28798,0.18238318860530853
28799,0.2288731813430786
28800,0.22174274325370788
28801,0.1886475205421448
28802,0.2036273568868637
28803,0.12793293446302414
28804,0.22468477189540864
28805,0.23284103274345397
28806,0.18164637982845305
28807,0.16308415532112122
28808,0.24551070630550384
28809,0.19613585472106934
28810,0.17402793765068053
28811,0.223457670211792
28812,0.22920259237289428
28813,0.1668098598718643
28814,0.2765267461538315
28815,0.19711859226226808
28816,0.1624217748641968
28817,0.19440952241420745
28818,0.17008365988731383
28819,0.26197871565818787
28820,0.21421640515327453
28821,0.2345902740955353
28822,0.23425025045871734
28823,0.1420253187417984
28824,0.23380753695964812
28825,0.2132155954837799
28826,0.1728763073682785
28827,0.23793350160121918
28828,0.1335711345076561
28829,0.13666931837797164
28830,0.14408350586891175
28831,0.16544550359249116
28832,0.1655439093708992
28833,0.21252965033054352
28834,0.1767680436372757
28835,0.23716138005256654
28836,0.2553895652294159
28837,0.1816473424434662
28838,0.1526525229215622
28839,0.23510152697563172
28840,0.21881234645843506
28841,0.16817473769187927
28842,0.19786188900470733
28843,0.1273145094513893
28844,0.21231908202171326
28845,0.24292185604572297
28846,0.2001069575548172
28847,0.1874029666185379
28848,0.15651805698871613
28849,0.15921983420848845
28850,0.25153863728046416
28851,0.1561527967453003
28852,0.30083868503570554
28853,0.2901350915431976
28854,0.26031194627285004
28855,0.26206600069999697
28856,0.2218638002872467
28857,0.1708926171064377
28858,0.12087025195360183
28859,0.24594514966011047
28860,0.24659046530723572
28861,0.19787403345108032
28862,0.19460463225841523
28863,0.20047141909599303
28864,0.1755468428134918
28865,0.19345179200172424
28866,0.18556064367294312
28867,0.19528606832027434
28868,0.19169380962848664
28869,0.17773904800415039
28870,0.23456602394580842
28871,0.21971515119075774
28872,0.1929781198501587
28873,0.13237131386995316
28874,0.3353166043758392
28875,0.13251140117645263
28876,0.22471668422222138
28877,0.18397385478019715
28878,0.17911096215248107
28879,0.21278438866138458
28880,0.23132733702659608
28881,0.2573291450738907
28882,0.258531254529953
28883,0.13641554862260818
28884,0.1613441526889801
28885,0.2194165349006653
28886,0.26682673692703246
28887,0.18623098134994506
28888,0.23677657842636107
28889,0.2203021377325058
28890,0.17422964572906494
28891,0.2142685502767563
28892,0.19454749524593354
28893,0.26347907781600954
28894,0.19849291443824768
28895,0.19544390439987183
28896,0.18749500811100006
28897,0.19903834760189057
28898,0.25362207293510436
28899,0.1803078383207321
28900,0.1333975836634636
28901,0.3216811567544937
28902,0.21367585361003877
28903,0.21300281584262848
28904,0.138349749147892
28905,0.20108330845832825
28906,0.2426418960094452
28907,0.2756229519844055
28908,0.2981036722660065
28909,0.1574750155210495
28910,0.24507403373718262
28911,0.2035157173871994
28912,0.2982795000076294
28913,0.17195402681827546
28914,0.2777858734130859
28915,0.13521892577409744
28916,0.2235323369503021
28917,0.17066625356674195
28918,0.19198947846889497
28919,0.22757962644100188
28920,0.21543751060962676
28921,0.16379190385341644
28922,0.24368758201599122
28923,0.25214387476444244
28924,0.2247483104467392
28925,0.16819108724594117
28926,0.20105188190937043
28927,0.25503647327423096
28928,0.1688803732395172
28929,0.1820237934589386
28930,0.21996431350708007
28931,0.20303515791893006
28932,0.2154146045446396
28933,0.16393410563468933
28934,0.209000888466835
28935,0.18321533501148224
28936,0.188710817694664
28937,0.157527157664299
28938,0.1718144655227661
28939,0.2056203156709671
28940,0.2526284337043762
28941,0.15689710825681685
28942,0.22084660530090333
28943,0.1866457164287567
28944,0.1447815328836441
28945,0.22105879783630372
28946,0.18594067990779878
28947,0.22212105989456177
28948,0.13814483284950257
28949,0.16612274944782257
28950,0.19744747877120972
28951,0.16030389070510864
28952,0.31316261887550356
28953,0.19351483285427093
28954,0.2806237548589706
28955,0.13585242480039597
28956,0.17992196679115297
28957,0.21056572198867798
28958,0.21601579785346986
28959,0.22022506296634675
28960,0.19161247909069062
28961,0.2220266193151474
28962,0.20296235978603364
28963,0.1439763203263283
28964,0.1260052353143692
28965,0.18371497392654418
28966,0.2230837106704712
28967,0.25052997171878816
28968,0.2782636135816574
28969,0.20053652226924895
28970,0.19923478066921235
28971,0.16137152016162873
28972,0.20537146627902986
28973,0.20048600435256958
28974,0.20015331506729125
28975,0.22710802257061005
28976,0.14177970290184022
28977,0.18494043052196502
28978,0.1580433577299118
28979,0.15852134823799133
28980,0.14893660545349122
28981,0.189200359582901
28982,0.24937600493431092
28983,0.19032992124557496
28984,0.15903350710868835
28985,0.17710439562797547
28986,0.22241905331611633
28987,0.2428071230649948
28988,0.2756536304950714
28989,0.24077449440956117
28990,0.16426502168178558
28991,0.18865807056427003
28992,0.17470693588256836
28993,0.18887609243392944
28994,0.18769488334655762
28995,0.2041322708129883
28996,0.23684152960777283
28997,0.23896905183792114
28998,0.17461333870887757
28999,0.22346184849739076
29000,0.15834441781044006
29001,0.1243994563817978
29002,0.20498135983943938
29003,0.1508038803935051
29004,0.227445849776268
29005,0.21377082467079161
29006,0.16222297251224518
29007,0.25180986523628235
29008,0.22682245075702667
29009,0.28213836848735807
29010,0.1503596305847168
29011,0.1380045682191849
29012,0.22926506996154786
29013,0.2061951845884323
29014,0.21845583617687225
29015,0.1361963927745819
29016,0.288756850361824
29017,0.20814758241176606
29018,0.21926918625831604
29019,0.21680265367031099
29020,0.25129630267620084
29021,0.18767983615398406
29022,0.1638356178998947
29023,0.20982483327388762
29024,0.20626818835735322
29025,0.15620274245738983
29026,0.22589421570301055
29027,0.19187431037425995
29028,0.15419968068599701
29029,0.2117936372756958
29030,0.1571122705936432
29031,0.15358739495277404
29032,0.1961106240749359
29033,0.20617878139019014
29034,0.2387198716402054
29035,0.18220747709274293
29036,0.16757906079292298
29037,0.16443323194980622
29038,0.17099466323852539
29039,0.29739537835121155
29040,0.2812677890062332
29041,0.16565142273902894
29042,0.16105141788721083
29043,0.1867613434791565
29044,0.21606465280056
29045,0.18752868473529816
29046,0.2158346325159073
29047,0.21289723515510559
29048,0.26833932995796206
29049,0.3001321405172348
29050,0.21268567442893982
29051,0.14881470203399658
29052,0.2053571492433548
29053,0.2275963693857193
29054,0.17021316885948182
29055,0.17581240236759185
29056,0.17096248269081116
29057,0.1819174587726593
29058,0.18980792462825774
29059,0.18870262801647186
29060,0.18646419644355774
29061,0.23328603506088258
29062,0.23391607105731965
29063,0.16561726927757264
29064,0.23236860930919648
29065,0.18947835266590118
29066,0.32342107892036437
29067,0.27689872980117797
29068,0.1976002037525177
29069,0.2521872162818909
29070,0.23218128979206085
29071,0.21986960172653197
29072,0.23026557862758637
29073,0.2283155769109726
29074,0.15373314023017884
29075,0.20231651067733764
29076,0.22647908329963684
29077,0.23660340309143066
29078,0.24308654069900512
29079,0.15432081818580629
29080,0.15941329449415206
29081,0.2239957869052887
29082,0.2521652698516846
29083,0.20342923402786256
29084,0.3220361828804016
29085,0.260041806101799
29086,0.16537024974822997
29087,0.17753798067569732
29088,0.22686899602413177
29089,0.24578426480293275
29090,0.2183064967393875
29091,0.17161226868629456
29092,0.20680834949016572
29093,0.18160827457904816
29094,0.1319597080349922
29095,0.1501169517636299
29096,0.27904086410999296
29097,0.145027232170105
29098,0.21738246977329254
29099,0.19421108365058898
29100,0.1374675452709198
29101,0.25094136893749236
29102,0.1890883833169937
29103,0.22431620955467224
29104,0.18210762441158296
29105,0.15577369630336763
29106,0.19768043756484985
29107,0.13742055892944335
29108,0.191163370013237
29109,0.29819833636283877
29110,0.2804089456796646
29111,0.21933868527412415
29112,0.22191336750984192
29113,0.15643651634454728
29114,0.23567708432674409
29115,0.19914357662200927
29116,0.17398592829704285
29117,0.1973329544067383
29118,0.2255577713251114
29119,0.2299247682094574
29120,0.22706152200698854
29121,0.15235657691955568
29122,0.18580475449562073
29123,0.24131348431110383
29124,0.20383145213127135
29125,0.2067490667104721
29126,0.25726322531700135
29127,0.16341821551322938
29128,0.20262695252895355
29129,0.16450647115707398
29130,0.25587976574897764
29131,0.1867388069629669
29132,0.18447478711605073
29133,0.3513308584690094
29134,0.21511016488075257
29135,0.3425809323787689
29136,0.13773471266031265
29137,0.1806383103132248
29138,0.21808377504348755
29139,0.23037417232990265
29140,0.14808116406202315
29141,0.22837369740009308
29142,0.22824125587940217
29143,0.22607236802577974
29144,0.18405724167823792
29145,0.19558106660842894
29146,0.28369626998901365
29147,0.1599661111831665
29148,0.2677271693944931
29149,0.2118268996477127
29150,0.28210816979408265
29151,0.21756855249404908
29152,0.24542921483516694
29153,0.2364100456237793
29154,0.24366169273853303
29155,0.26946237683296204
29156,0.1830357253551483
29157,0.1943224310874939
29158,0.19662952423095703
29159,0.2665218681097031
29160,0.12442791014909745
29161,0.18110918402671813
29162,0.30032011270523074
29163,0.16500626504421234
29164,0.19442445635795594
29165,0.20148956179618835
29166,0.18991002738475798
29167,0.18380741775035858
29168,0.2546934992074966
29169,0.28836253881454466
29170,0.18793764412403108
29171,0.27142513990402223
29172,0.22342668771743773
29173,0.25621736943721773
29174,0.16472055912017822
29175,0.16228367388248444
29176,0.2531972140073776
29177,0.14188514947891234
29178,0.17032987177371978
29179,0.1757051169872284
29180,0.20603019297122954
29181,0.29235364198684693
29182,0.2757095396518707
29183,0.23095726370811462
29184,0.2571976512670517
29185,0.18174468576908112
29186,0.2007034957408905
29187,0.23191809952259063
29188,0.20646193921566008
29189,0.15218816697597504
29190,0.15550207495689392
29191,0.1926288902759552
29192,0.17594760060310363
29193,0.17632342875003815
29194,0.12840838134288787
29195,0.20046454668045044
29196,0.24763883352279664
29197,0.1910568207502365
29198,0.26931611001491546
29199,0.23008845746517181
29200,0.25917612910270693
29201,0.1763524144887924
29202,0.25712273120880125
29203,0.20404123961925508
29204,0.17649551928043367
29205,0.2686176925897598
29206,0.15632214844226838
29207,0.16840586215257644
29208,0.20270128548145294
29209,0.14839777946472169
29210,0.19131486117839813
29211,0.1736873596906662
29212,0.20747628509998323
29213,0.16723888218402863
29214,0.16160995364189149
29215,0.24433032870292665
29216,0.22055180966854096
29217,0.23027617037296294
29218,0.15139007717370986
29219,0.17910197973251343
29220,0.19911698997020721
29221,0.29327328503131866
29222,0.2308452308177948
29223,0.16283032596111296
29224,0.2084207147359848
29225,0.13797844350337982
29226,0.2557931959629059
29227,0.23047467470169067
29228,0.18254227936267853
29229,0.21955828070640565
29230,0.21399083137512206
29231,0.17660753130912782
29232,0.17327772080898285
29233,0.22228314876556396
29234,0.1844407230615616
29235,0.23562087416648864
29236,0.178151535987854
29237,0.16965612173080444
29238,0.23926338851451873
29239,0.09201276898384095
29240,0.24734762609004973
29241,0.1656094342470169
29242,0.23990920484066008
29243,0.18322574198246003
29244,0.2248263329267502
29245,0.18920201659202576
29246,0.1764318525791168
29247,0.21016397774219514
29248,0.16275283098220825
29249,0.2798687756061554
29250,0.23365819752216338
29251,0.2110503613948822
29252,0.18522426784038543
29253,0.36266905069351196
29254,0.20094150602817534
29255,0.23707177937030793
29256,0.20656534135341645
29257,0.18911457657814026
29258,0.15874171555042266
29259,0.22606564462184905
29260,0.1938478320837021
29261,0.2323043167591095
29262,0.15271847248077391
29263,0.18616916835308076
29264,0.34206485748291016
29265,0.2230639010667801
29266,0.18883020877838136
29267,0.1592663288116455
29268,0.19552879631519318
29269,0.2277875542640686
29270,0.31086224913597105
29271,0.1762068897485733
29272,0.23538019955158235
29273,0.24075839817523956
29274,0.2169652983546257
29275,0.23308800756931305
29276,0.26021223366260526
29277,0.1503973573446274
29278,0.21052833199501036
29279,0.16705125272274018
29280,0.19354322850704192
29281,0.17714103758335115
29282,0.2482726752758026
29283,0.2362864077091217
29284,0.2803283244371414
29285,0.16283726692199707
29286,0.1669900119304657
29287,0.15834487080574036
29288,0.335945200920105
29289,0.21280745267868043
29290,0.23053475916385652
29291,0.1417603850364685
29292,0.18196600079536437
29293,0.1444995254278183
29294,0.1823881149291992
29295,0.2696889996528625
29296,0.2501166552305222
29297,0.18506383001804352
29298,0.2468692183494568
29299,0.1892979174852371
29300,0.21389943659305571
29301,0.2967457950115204
29302,0.25348627269268037
29303,0.19994997382164
29304,0.31032105088233947
29305,0.15789025127887726
29306,0.23948151767253875
29307,0.26180204153060915
29308,0.1618365615606308
29309,0.19200601875782014
29310,0.2831754207611084
29311,0.33600679636001585
29312,0.20510157942771912
29313,0.23898385763168334
29314,0.17130423486232757
29315,0.19821244180202485
29316,0.2685776650905609
29317,0.24195819199085236
29318,0.31525073647499086
29319,0.18963887989521028
29320,0.20321061313152314
29321,0.27525586187839507
29322,0.3255603194236755
29323,0.21048276424407958
29324,0.30398933291435243
29325,0.28553460240364076
29326,0.17655399441719055
29327,0.27192988991737366
29328,0.29710482954978945
29329,0.17001003324985503
29330,0.19171542227268218
29331,0.2589768975973129
29332,0.22424136698246003
29333,0.20114286243915558
29334,0.262475261092186
29335,0.19347756505012512
29336,0.13441731929779052
29337,0.1879328966140747
29338,0.22279271483421326
29339,0.15811571329832078
29340,0.20617786049842834
29341,0.2382521688938141
29342,0.19791851043701172
29343,0.23373425602912903
29344,0.28188684582710266
29345,0.29800671339035034
29346,0.21252150535583497
29347,0.20503976941108704
29348,0.18026549816131593
29349,0.12852180004119873
29350,0.19801377654075622
29351,0.15414293110370636
29352,0.17710888981819153
29353,0.22585756480693817
29354,0.184501451253891
29355,0.17910577058792115
29356,0.28525460958480836
29357,0.2177648961544037
29358,0.18930244147777558
29359,0.2570705085992813
29360,0.15028220862150193
29361,0.1617672026157379
29362,0.23672759532928467
29363,0.12909860908985138
29364,0.26056277453899385
29365,0.15920570492744446
29366,0.1710030645132065
29367,0.1702223539352417
29368,0.16316522359848024
29369,0.24325084090232849
29370,0.20613394379615785
29371,0.2541270077228546
29372,0.14906715154647826
29373,0.13214976489543914
29374,0.21196520030498506
29375,0.23035067021846772
29376,0.17710584700107573
29377,0.17268952429294587
29378,0.2414413720369339
29379,0.16461359858512878
29380,0.18672564923763274
29381,0.23318514823913575
29382,0.2682196408510208
29383,0.20388118624687196
29384,0.17465600669384002
29385,0.21043924391269683
29386,0.13542967289686203
29387,0.2822982847690582
29388,0.24183771908283233
29389,0.16925339102745057
29390,0.17163673043251038
29391,0.2191781222820282
29392,0.19982562959194183
29393,0.23481035232543945
29394,0.2056551992893219
29395,0.17679620683193206
29396,0.26802254617214205
29397,0.24925574362277986
29398,0.22820971608161927
29399,0.2461339235305786
29400,0.21171984672546387
29401,0.15834880471229554
29402,0.1681170254945755
29403,0.132895427942276
29404,0.1939648360013962
29405,0.22719633877277373
29406,0.25525213181972506
29407,0.20569094121456147
29408,0.204341921210289
29409,0.2270868808031082
29410,0.19377974271774293
29411,0.1965389907360077
29412,0.23652958273887634
29413,0.1912164032459259
29414,0.18955711126327515
29415,0.20500327944755553
29416,0.21203292906284332
29417,0.2285221576690674
29418,0.1985817790031433
29419,0.20521870851516724
29420,0.14620531648397445
29421,0.23320782780647278
29422,0.3068844586610794
29423,0.20680879950523376
29424,0.20557072162628173
29425,0.17544580698013307
29426,0.14701936841011048
29427,0.2266552358865738
29428,0.291621595621109
29429,0.232244136929512
29430,0.17504265904426575
29431,0.17277693152427673
29432,0.17805665135383605
29433,0.1937455266714096
29434,0.19997768104076385
29435,0.1996872365474701
29436,0.26102215051651
29437,0.3072612345218658
29438,0.1911817818880081
29439,0.1989835560321808
29440,0.22839669585227967
29441,0.15539431273937226
29442,0.2978623390197754
29443,0.22834439277648927
29444,0.21349751055240632
29445,0.14860711395740508
29446,0.15308472514152527
29447,0.2098797768354416
29448,0.2482208639383316
29449,0.19744724929332733
29450,0.12189946323633194
29451,0.1938291996717453
29452,0.20571898221969603
29453,0.18867896497249603
29454,0.19231034815311432
29455,0.31760496497154234
29456,0.18598286509513856
29457,0.20738872289657592
29458,0.17290928065776826
29459,0.2675417631864548
29460,0.2055196464061737
29461,0.17918127179145812
29462,0.33408364057540896
29463,0.2072485864162445
29464,0.24297856986522676
29465,0.19128097593784332
29466,0.16798318922519684
29467,0.19902425706386567
29468,0.2755705893039703
29469,0.15497512519359588
29470,0.2569181561470032
29471,0.20059857070446013
29472,0.27410373985767367
29473,0.20937170088291168
29474,0.17917248606681824
29475,0.13829992860555648
29476,0.2568141341209412
29477,0.29399561882019043
29478,0.1849437326192856
29479,0.2739939659833908
29480,0.23547205030918122
29481,0.18160437047481537
29482,0.29292976558208467
29483,0.24331819415092468
29484,0.27683144211769106
29485,0.1962859183549881
29486,0.23827990889549255
29487,0.22899262309074403
29488,0.18546362817287446
29489,0.18647395372390746
29490,0.2042564332485199
29491,0.16667712330818177
29492,0.20504140555858613
29493,0.17017028033733367
29494,0.20854314267635346
29495,0.19732246398925782
29496,0.18931333720684052
29497,0.16697845458984376
29498,0.18333791196346283
29499,0.21325863599777223
29500,0.25618647038936615
29501,0.2348286658525467
29502,0.24887535572052003
29503,0.1293666422367096
29504,0.2339436113834381
29505,0.1708991825580597
29506,0.19350091218948365
29507,0.18130551278591156
29508,0.23991728127002715
29509,0.17306594252586366
29510,0.17026779651641846
29511,0.22183997929096222
29512,0.20030675530433656
29513,0.23596157729625702
29514,0.2765721768140793
29515,0.20842991769313812
29516,0.19029269814491273
29517,0.31941295266151426
29518,0.19080443382263185
29519,0.15811737924814223
29520,0.16516975164413453
29521,0.20193860828876495
29522,0.2540128231048584
29523,0.1483595237135887
29524,0.22964110672473909
29525,0.2631763756275177
29526,0.23129084706306458
29527,0.19718950986862183
29528,0.20574630796909332
29529,0.1657503604888916
29530,0.14949450343847276
29531,0.15339757204055787
29532,0.17638260424137114
29533,0.1518566995859146
29534,0.23908472955226898
29535,0.2443656861782074
29536,0.1963682621717453
29537,0.24901669323444367
29538,0.245245561003685
29539,0.3232493221759796
29540,0.1634245902299881
29541,0.22914216816425323
29542,0.21326298117637635
29543,0.1509535938501358
29544,0.19937582612037658
29545,0.18621560633182527
29546,0.17182503044605255
29547,0.1505732774734497
29548,0.2338366448879242
29549,0.17546766102313996
29550,0.17882312834262848
29551,0.1226070448756218
29552,0.1809544175863266
29553,0.24226262271404267
29554,0.20169291496276856
29555,0.2616434633731842
29556,0.21348292231559754
29557,0.20389027297496795
29558,0.1827716201543808
29559,0.21623447835445403
29560,0.21331127882003784
29561,0.22452869713306428
29562,0.1993980199098587
29563,0.1653771162033081
29564,0.24252910614013673
29565,0.2712599694728851
29566,0.22478597164154052
29567,0.3039990127086639
29568,0.2142784148454666
29569,0.15327429175376892
29570,0.25929520428180697
29571,0.17762983739376068
29572,0.28363717794418336
29573,0.16610767543315888
29574,0.17683528661727904
29575,0.22809503376483917
29576,0.2695239335298538
29577,0.2224397599697113
29578,0.27829609215259554
29579,0.17291319966316224
29580,0.2061486393213272
29581,0.20074619352817535
29582,0.23580435812473297
29583,0.2105029970407486
29584,0.17492877840995788
29585,0.17811709642410278
29586,0.1909529373049736
29587,0.14905790686607362
29588,0.197517129778862
29589,0.18483458757400512
29590,0.23542151749134063
29591,0.2148527354001999
29592,0.22888681888580323
29593,0.15668037235736848
29594,0.23393560349941253
29595,0.22140973210334777
29596,0.29018567204475404
29597,0.18109987378120423
29598,0.14402097165584565
29599,0.24209023416042327
29600,0.2491939812898636
29601,0.268751522898674
29602,0.23916130959987641
29603,0.1477188855409622
29604,0.18989675641059875
29605,0.18619872033596038
29606,0.16996452808380128
29607,0.16514959931373596
29608,0.1579507112503052
29609,0.19988272786140443
29610,0.20364511013031006
29611,0.27802415788173673
29612,0.10281084701418877
29613,0.25583871006965636
29614,0.16816059947013856
29615,0.1844586431980133
29616,0.20632616579532623
29617,0.2708977162837982
29618,0.27199006378650664
29619,0.2228447377681732
29620,0.19564599096775054
29621,0.15757710933685304
29622,0.1863432615995407
29623,0.22824015319347382
29624,0.15895234048366547
29625,0.14220075756311418
29626,0.17336854636669158
29627,0.20427700579166413
29628,0.21803969740867615
29629,0.24695030152797698
29630,0.1894574522972107
29631,0.19773183166980743
29632,0.1366283968091011
29633,0.2354893207550049
29634,0.23177443742752074
29635,0.1850668251514435
29636,0.16078191995620728
29637,0.2399548977613449
29638,0.24689918160438537
29639,0.16243227422237397
29640,0.22020304799079896
29641,0.17709022760391235
29642,0.20540110468864442
29643,0.20284586548805236
29644,0.21113720834255217
29645,0.16364294588565825
29646,0.25287954807281493
29647,0.20441921949386596
29648,0.18540219068527222
29649,0.16702735275030137
29650,0.24085040092468263
29651,0.14803521931171418
29652,0.18272541463375092
29653,0.20063497126102448
29654,0.22724698185920716
29655,0.23635144531726837
29656,0.2151868849992752
29657,0.22031035721302034
29658,0.14426731765270234
29659,0.20545002818107605
29660,0.15612224042415618
29661,0.255497881770134
29662,0.30117138624191286
29663,0.19023039937019348
29664,0.18024953901767732
29665,0.32386624813079834
29666,0.21078595519065857
29667,0.15931835472583772
29668,0.19222108721733094
29669,0.1814517229795456
29670,0.23957455158233643
29671,0.209023916721344
29672,0.20033389925956727
29673,0.2436140388250351
29674,0.1754429131746292
29675,0.16370429396629332
29676,0.210072261095047
29677,0.10861885994672775
29678,0.3668714642524719
29679,0.14524854272603988
29680,0.2506557613611221
29681,0.21161266565322875
29682,0.19427101612091063
29683,0.19857703149318695
29684,0.20342651307582854
29685,0.1829129159450531
29686,0.20988677740097045
29687,0.13129305988550186
29688,0.15907839834690093
29689,0.26139349937438966
29690,0.14307383596897125
29691,0.22082005739212035
29692,0.1952604442834854
29693,0.18664696514606477
29694,0.24261253774166108
29695,0.1702537477016449
29696,0.3204608380794525
29697,0.21693403720855714
29698,0.191435569524765
29699,0.2036659836769104
29700,0.22138605415821075
29701,0.185233673453331
29702,0.2224065214395523
29703,0.27415751218795775
29704,0.20604782104492186
29705,0.19554798901081086
29706,0.27687333822250365
29707,0.14687095135450362
29708,0.23122144043445586
29709,0.2111787348985672
29710,0.29296439290046694
29711,0.18596547245979309
29712,0.23570525050163268
29713,0.1612701803445816
29714,0.18138790130615234
29715,0.13902464509010315
29716,0.21460672914981843
29717,0.13473479449748993
29718,0.14919205904006957
29719,0.21355485916137695
29720,0.21261937022209168
29721,0.26429867148399355
29722,0.15181367099285126
29723,0.18929365277290344
29724,0.19596932530403138
29725,0.3521634221076965
29726,0.2233350843191147
29727,0.13577447980642318
29728,0.23606800138950348
29729,0.237009260058403
29730,0.15798591673374177
29731,0.2079589396715164
29732,0.18873046338558197
29733,0.19542554914951324
29734,0.19361628592014313
29735,0.2277427226305008
29736,0.2323683112859726
29737,0.1765030652284622
29738,0.2996201068162918
29739,0.20112026929855348
29740,0.19554568827152252
29741,0.2562277764081955
29742,0.23603911697864532
29743,0.2236940622329712
29744,0.29802992939949036
29745,0.19934203326702118
29746,0.30582775473594664
29747,0.19550873339176178
29748,0.265533035993576
29749,0.16540538072586058
29750,0.2539918214082718
29751,0.19406979382038117
29752,0.2048117995262146
29753,0.32668766379356384
29754,0.17142787277698518
29755,0.2671405404806137
29756,0.1754324495792389
29757,0.2370453804731369
29758,0.231160768866539
29759,0.22471756339073182
29760,0.18910290896892548
29761,0.18115176856517792
29762,0.14918136298656465
29763,0.28249057531356814
29764,0.17841120064258575
29765,0.2253667116165161
29766,0.25067128241062164
29767,0.1931068331003189
29768,0.22038950622081757
29769,0.18851790428161622
29770,0.26096519231796267
29771,0.15509454905986786
29772,0.19580281674861907
29773,0.2497249037027359
29774,0.16272690892219543
29775,0.2202917218208313
29776,0.16736195087432862
29777,0.1619420826435089
29778,0.16242353320121766
29779,0.17463028132915498
29780,0.2904554337263107
29781,0.19277264475822448
29782,0.19400873482227327
29783,0.15719615072011947
29784,0.178348907828331
29785,0.2695963829755783
29786,0.2517304927110672
29787,0.1979951322078705
29788,0.21979412138462068
29789,0.18270175755023957
29790,0.2289218157529831
29791,0.1596797674894333
29792,0.2192109167575836
29793,0.19737578928470612
29794,0.19519514739513397
29795,0.2455042392015457
29796,0.16066594421863556
29797,0.13188353329896926
29798,0.21557932794094087
29799,0.23920540809631347
29800,0.1791537582874298
29801,0.203227898478508
29802,0.14190897792577745
29803,0.2219652384519577
29804,0.21820091605186462
29805,0.20653771758079528
29806,0.21363908648490906
29807,0.23189480900764464
29808,0.19999672174453736
29809,0.260612016916275
29810,0.19823517501354218
29811,0.18084934055805207
29812,0.22491538226604463
29813,0.20101277232170106
29814,0.16415759921073914
29815,0.2890343934297562
29816,0.25224868655204774
29817,0.20945691764354707
29818,0.2647366464138031
29819,0.2503473341464996
29820,0.1463799446821213
29821,0.17147158980369567
29822,0.2034410357475281
29823,0.2588853359222412
29824,0.30845633149147034
29825,0.18598570227622985
29826,0.22764879167079927
29827,0.20439850091934203
29828,0.2870305418968201
29829,0.27821149230003356
29830,0.2248605966567993
29831,0.21660881936550141
29832,0.31487279534339907
29833,0.1729470133781433
29834,0.17255825400352479
29835,0.15221379995346068
29836,0.1934318333864212
29837,0.1336441531777382
29838,0.3028333067893982
29839,0.15409285724163055
29840,0.18906837105751037
29841,0.3604115128517151
29842,0.17686967253685
29843,0.17668184638023376
29844,0.17291453778743743
29845,0.1402488186955452
29846,0.19649721384048463
29847,0.18366840183734895
29848,0.17709830701351165
29849,0.23811248540878296
29850,0.2508938044309616
29851,0.23292062282562256
29852,0.1689914733171463
29853,0.19450911581516267
29854,0.18007545173168182
29855,0.20541669726371764
29856,0.1860323041677475
29857,0.2208556592464447
29858,0.18991854190826415
29859,0.23536801040172578
29860,0.23746398985385894
29861,0.19212626516819
29862,0.17837658524513245
29863,0.24148605465888978
29864,0.26038921177387236
29865,0.24449683129787445
29866,0.18775653541088105
29867,0.3321301579475403
29868,0.1652183085680008
29869,0.2668617248535156
29870,0.27596997022628783
29871,0.14096611440181733
29872,0.19631128907203674
29873,0.1789926767349243
29874,0.18504748940467836
29875,0.20325551331043243
29876,0.2308739095926285
29877,0.23599462807178498
29878,0.18613703548908234
29879,0.1627705454826355
29880,0.16119033396244048
29881,0.2576968878507614
29882,0.30211572647094725
29883,0.18024086356163024
29884,0.156498458981514
29885,0.2518440753221512
29886,0.27689871191978455
29887,0.22134445905685424
29888,0.21123124659061432
29889,0.21636668741703033
29890,0.16274640560150147
29891,0.20560590028762818
29892,0.2835371524095535
29893,0.19751490354537965
29894,0.17043269872665406
29895,0.18786610662937164
29896,0.3133525848388672
29897,0.21780197620391845
29898,0.18445298373699187
29899,0.2103303402662277
29900,0.22339534163475036
29901,0.21807714700698852
29902,0.24645483493804932
29903,0.19151349365711212
29904,0.22367641031742097
29905,0.17661837637424468
29906,0.3199186325073242
29907,0.2339614897966385
29908,0.19352351129055023
29909,0.1456195145845413
29910,0.26539803445339205
29911,0.19685478806495665
29912,0.23403372764587402
29913,0.22242899537086486
29914,0.2932859092950821
29915,0.2028685986995697
29916,0.18617773950099945
29917,0.29405624568462374
29918,0.2152774900197983
29919,0.13497943729162215
29920,0.20781697630882262
29921,0.1995656669139862
29922,0.14530839622020722
29923,0.17189012169837953
29924,0.20321654975414277
29925,0.23132857978343963
29926,0.1831095576286316
29927,0.19674135148525237
29928,0.14571942389011383
29929,0.22208766937255858
29930,0.17951848208904267
29931,0.18191584348678588
29932,0.3220881104469299
29933,0.15527926683425902
29934,0.2791348993778229
29935,0.2562732964754105
29936,0.18892987370491027
29937,0.2504169911146164
29938,0.27404039800167085
29939,0.23031565248966218
29940,0.1543292671442032
29941,0.1479887470602989
29942,0.21619058549404144
29943,0.22561993598937988
29944,0.24268378019332887
29945,0.26315447092056277
29946,0.1656683623790741
29947,0.23271882236003877
29948,0.21691620945930482
29949,0.3372099220752716
29950,0.21922801434993744
29951,0.26674840450286863
29952,0.25530830323696135
29953,0.19277458488941193
29954,0.22242079079151153
29955,0.16047451198101043
29956,0.19627258479595183
29957,0.17911470532417298
29958,0.1871364086866379
29959,0.15257500112056732
29960,0.2746040254831314
29961,0.14169539660215377
29962,0.19087716042995453
29963,0.18287561535835267
29964,0.18519267439842224
29965,0.19857276529073714
29966,0.2129710614681244
29967,0.1891969621181488
29968,0.16085440814495086
29969,0.15761416554450988
29970,0.1819343686103821
29971,0.20019567906856536
29972,0.19086063802242278
29973,0.20010224282741546
29974,0.1549532890319824
29975,0.19050511419773103
29976,0.13777557611465455
29977,0.131579227745533
29978,0.24333312809467317
29979,0.20247673392295837
29980,0.26882759630680086
29981,0.2038808524608612
29982,0.21409206688404084
29983,0.1862615466117859
29984,0.14633642435073851
29985,0.21741946339607238
29986,0.202657613158226
29987,0.19317635297775268
29988,0.1613709270954132
29989,0.1656430780887604
29990,0.22130382657051087
29991,0.31048344373703
29992,0.14914554953575135
29993,0.22379283010959625
29994,0.1541045367717743
29995,0.131373830139637
29996,0.26727954149246214
29997,0.25406635999679567
29998,0.2716698497533798
29999,0.20010690689086913
30000,0.23180613815784454
30001,0.19677672982215882
30002,0.19029114544391632
30003,0.23239696323871611
30004,0.1746036320924759
30005,0.18919457793235778
30006,0.21458023488521577
30007,0.2229401558637619
30008,0.300896143913269
30009,0.2122033178806305
30010,0.1989642232656479
30011,0.20948590338230133
30012,0.162170147895813
30013,0.20704565942287445
30014,0.1870221823453903
30015,0.10365847051143647
30016,0.2650575220584869
30017,0.16689358055591583
30018,0.18234999775886535
30019,0.1966978669166565
30020,0.24892792105674744
30021,0.21509350538253785
30022,0.18226117491722107
30023,0.2747371673583984
30024,0.20579224228858947
30025,0.160535791516304
30026,0.2193719267845154
30027,0.1939331203699112
30028,0.2556613475084305
30029,0.18560085594654083
30030,0.19575214087963105
30031,0.1436587765812874
30032,0.24248149394989013
30033,0.24544421434402466
30034,0.2790232956409454
30035,0.10460825860500336
30036,0.24225760698318483
30037,0.16295757591724397
30038,0.15679771900177003
30039,0.3274866223335266
30040,0.13628885447978972
30041,0.18035040199756622
30042,0.20289608240127563
30043,0.15041730999946595
30044,0.17163367867469786
30045,0.16672873198986055
30046,0.21577056050300597
30047,0.159637650847435
30048,0.17984975576400758
30049,0.2180843472480774
30050,0.21102601289749146
30051,0.2161891222000122
30052,0.14118778705596924
30053,0.13610541224479675
30054,0.16929774582386017
30055,0.14494532942771912
30056,0.22790184617042542
30057,0.20553083717823029
30058,0.2451945275068283
30059,0.23169004023075104
30060,0.22693154513835906
30061,0.21175253987312317
30062,0.1974649101495743
30063,0.1866561710834503
30064,0.23009069859981537
30065,0.21437239050865173
30066,0.17584939897060395
30067,0.22127317190170287
30068,0.235971137881279
30069,0.23667122721672057
30070,0.2199699729681015
30071,0.2263861209154129
30072,0.17719633281230926
30073,0.18185982704162598
30074,0.24807336032390595
30075,0.19732242524623872
30076,0.22790090143680572
30077,0.18286762535572051
30078,0.23760183155536652
30079,0.21337790191173553
30080,0.1405731052160263
30081,0.1653217703104019
30082,0.2067887991666794
30083,0.18562227487564087
30084,0.25776019394397737
30085,0.19438664317131044
30086,0.23438974916934968
30087,0.20863224565982819
30088,0.20220052003860473
30089,0.2505659192800522
30090,0.1605934292078018
30091,0.1378702238202095
30092,0.31525160670280455
30093,0.20112172961235047
30094,0.1573883444070816
30095,0.18420559763908387
30096,0.2390673965215683
30097,0.24942499697208403
30098,0.2720623522996902
30099,0.19962481260299683
30100,0.21699755787849426
30101,0.18156571984291076
30102,0.3183207452297211
30103,0.19712285697460175
30104,0.22564591467380524
30105,0.20669634640216827
30106,0.23793684542179108
30107,0.261001455783844
30108,0.27437674403190615
30109,0.3553124964237213
30110,0.3254238605499268
30111,0.2157149940729141
30112,0.3309192776679993
30113,0.239996275305748
30114,0.18661803603172303
30115,0.20951723754405976
30116,0.24400405138731002
30117,0.15386888682842254
30118,0.26358997225761416
30119,0.16920528709888458
30120,0.2583332359790802
30121,0.1627463310956955
30122,0.14348101913928984
30123,0.18980355560779572
30124,0.18908186256885529
30125,0.209188711643219
30126,0.16908475756645203
30127,0.2307170808315277
30128,0.17256118655204772
30129,0.20440466105937957
30130,0.21053339540958405
30131,0.2109633356332779
30132,0.19228812158107758
30133,0.1759450227022171
30134,0.24087982773780822
30135,0.24473260939121247
30136,0.23505817949771882
30137,0.19986903071403503
30138,0.1499548152089119
30139,0.24747625291347503
30140,0.17396236658096315
30141,0.2123990148305893
30142,0.21425140798091888
30143,0.15106512010097503
30144,0.1548671156167984
30145,0.1906037896871567
30146,0.23285225331783294
30147,0.2292329341173172
30148,0.20907047092914582
30149,0.20841726958751677
30150,0.19849245846271515
30151,0.17141117453575133
30152,0.17807661592960358
30153,0.20780981183052064
30154,0.16186676025390626
30155,0.21185785830020903
30156,0.19864707291126252
30157,0.15292538702487946
30158,0.21892579793930053
30159,0.22914206087589264
30160,0.1581823021173477
30161,0.14995157122612
30162,0.20926163494586944
30163,0.21456098258495332
30164,0.17787834703922273
30165,0.20155103504657745
30166,0.1597364753484726
30167,0.209034326672554
30168,0.17011739015579225
30169,0.14350417554378508
30170,0.19986226856708528
30171,0.18183588087558747
30172,0.25951628386974335
30173,0.22768508195877074
30174,0.22903008460998536
30175,0.2642781466245651
30176,0.2617420643568039
30177,0.20391203761100768
30178,0.14806179255247115
30179,0.21271490752696992
30180,0.2867774605751038
30181,0.20948160588741302
30182,0.17919887006282806
30183,0.21310002207756043
30184,0.17702603936195374
30185,0.23120976090431214
30186,0.18477196097373963
30187,0.16874324381351472
30188,0.1778123199939728
30189,0.24820307791233062
30190,0.18046203553676604
30191,0.23939027190208434
30192,0.17700977325439454
30193,0.2097605675458908
30194,0.3552749454975128
30195,0.2551712870597839
30196,0.16092123985290527
30197,0.20856086015701295
30198,0.22587274014949799
30199,0.25122982263565063
30200,0.16320997178554536
30201,0.18492759466171266
30202,0.2037463903427124
30203,0.23738774061203002
30204,0.1662964791059494
30205,0.2606013596057892
30206,0.20818910002708435
30207,0.18818092048168183
30208,0.18231373131275178
30209,0.17187303006649018
30210,0.18720943927764894
30211,0.1445704624056816
30212,0.32953420877456663
30213,0.1289230316877365
30214,0.21021029651165007
30215,0.1351680114865303
30216,0.1944006234407425
30217,0.21956463158130646
30218,0.10194561034440994
30219,0.2178193747997284
30220,0.3777273654937744
30221,0.27990694642066954
30222,0.25624527633190153
30223,0.1950412780046463
30224,0.23619092106819153
30225,0.21761173903942108
30226,0.15558983385562897
30227,0.16980939209461213
30228,0.19314165115356446
30229,0.2459159880876541
30230,0.18933922052383423
30231,0.2661763489246368
30232,0.17756836712360383
30233,0.2193809539079666
30234,0.32726967334747314
30235,0.24961992502212524
30236,0.2881453037261963
30237,0.1574808567762375
30238,0.12666750252246856
30239,0.3123697817325592
30240,0.2991256982088089
30241,0.28045528531074526
30242,0.21467282474040986
30243,0.15004545897245408
30244,0.15531854331493378
30245,0.2452055871486664
30246,0.12801170200109482
30247,0.18371205627918244
30248,0.17822495400905608
30249,0.23711457550525666
30250,0.2899449199438095
30251,0.14197616279125214
30252,0.2603927731513977
30253,0.2646577477455139
30254,0.24787736237049102
30255,0.25747820138931277
30256,0.32570548057556153
30257,0.21173436045646668
30258,0.23819872736930847
30259,0.16599715054035186
30260,0.187308269739151
30261,0.2355504333972931
30262,0.1908889889717102
30263,0.11494033336639405
30264,0.23223976492881776
30265,0.22315417230129242
30266,0.2691054970026016
30267,0.25296672582626345
30268,0.25687172412872317
30269,0.22069706320762633
30270,0.15806390345096588
30271,0.163080333173275
30272,0.22859764993190765
30273,0.15732535421848298
30274,0.16347959339618684
30275,0.18789387345314026
30276,0.17890370786190032
30277,0.1640476256608963
30278,0.16757076382637023
30279,0.2488843321800232
30280,0.19155754148960114
30281,0.250537046790123
30282,0.1610547810792923
30283,0.1989248663187027
30284,0.2541057586669922
30285,0.1444241464138031
30286,0.23339179456233977
30287,0.19374724924564363
30288,0.15630275309085845
30289,0.174647057056427
30290,0.13674412816762924
30291,0.18703132271766662
30292,0.18891594409942628
30293,0.18504728078842164
30294,0.24176864922046662
30295,0.1638460338115692
30296,0.1198040172457695
30297,0.20051339864730836
30298,0.18979015648365022
30299,0.21839744746685028
30300,0.24613406360149384
30301,0.27377685010433195
30302,0.14089779555797577
30303,0.22989715039730071
30304,0.183325457572937
30305,0.31680232286453247
30306,0.21032733023166655
30307,0.1741703361272812
30308,0.1682112544775009
30309,0.1347130209207535
30310,0.2200460195541382
30311,0.20676713883876802
30312,0.2027776211500168
30313,0.23466874063014984
30314,0.21492867469787597
30315,0.15249504148960114
30316,0.2466668277978897
30317,0.23856350183486938
30318,0.25958106815814974
30319,0.25095433592796323
30320,0.16818599700927733
30321,0.18404847681522368
30322,0.15957406163215637
30323,0.2247622549533844
30324,0.16201940774917603
30325,0.16623443812131883
30326,0.1771165668964386
30327,0.12805647104978563
30328,0.25220151245594025
30329,0.2057792454957962
30330,0.2140662133693695
30331,0.13301536291837693
30332,0.23084523975849153
30333,0.1850540041923523
30334,0.22727879285812377
30335,0.2116684228181839
30336,0.23475463092327117
30337,0.16584584414958953
30338,0.19210082590579985
30339,0.37827256321907043
30340,0.17230972945690154
30341,0.16121869087219237
30342,0.21071350574493408
30343,0.22486003041267394
30344,0.2787555456161499
30345,0.17618402540683747
30346,0.18889464437961578
30347,0.16895437240600586
30348,0.21713338494300843
30349,0.289249923825264
30350,0.14829379916191102
30351,0.13749785721302032
30352,0.22389298379421235
30353,0.1498444139957428
30354,0.2439519166946411
30355,0.16931630969047545
30356,0.2474477171897888
30357,0.1841768354177475
30358,0.24495506286621094
30359,0.18669473230838776
30360,0.2189466893672943
30361,0.2915019392967224
30362,0.1394353538751602
30363,0.1758139669895172
30364,0.20531702935695648
30365,0.12343424707651138
30366,0.20363360941410064
30367,0.21465639770030975
30368,0.2013734072446823
30369,0.3023960322141647
30370,0.24866463840007783
30371,0.1877895325422287
30372,0.17299152314662933
30373,0.14460592865943908
30374,0.21213886737823487
30375,0.20280623137950898
30376,0.21338958144187928
30377,0.16338593065738677
30378,0.17953245639801024
30379,0.19455964863300323
30380,0.1381719946861267
30381,0.2008559912443161
30382,0.22426836490631102
30383,0.18664878010749816
30384,0.28562701046466826
30385,0.21887634992599486
30386,0.19023663103580474
30387,0.12409908622503281
30388,0.1816311776638031
30389,0.26094727516174315
30390,0.20258575677871704
30391,0.25784610509872435
30392,0.21059316992759705
30393,0.1882089614868164
30394,0.21874146163463593
30395,0.1840370148420334
30396,0.16512051820755005
30397,0.32420766949653623
30398,0.20901858806610107
30399,0.18503955900669097
30400,0.23286007940769196
30401,0.28773798048496246
30402,0.26724315583705904
30403,0.22029533982276917
30404,0.1371735155582428
30405,0.3295171558856964
30406,0.16003077179193498
30407,0.28582876920700073
30408,0.2294040083885193
30409,0.21657401621341704
30410,0.1890593111515045
30411,0.19565945267677307
30412,0.27973169684410093
30413,0.17560528516769408
30414,0.14682294130325318
30415,0.23380500376224517
30416,0.1723637193441391
30417,0.1668074369430542
30418,0.2074968159198761
30419,0.27061438262462617
30420,0.15554504543542863
30421,0.18958730399608612
30422,0.3287464439868927
30423,0.21085055768489838
30424,0.27581705451011657
30425,0.22633882761001586
30426,0.22574255764484405
30427,0.19291911721229554
30428,0.2567238599061966
30429,0.22291527092456817
30430,0.19082345366477965
30431,0.1816338151693344
30432,0.21480115354061127
30433,0.15320648550987243
30434,0.16241067051887512
30435,0.19194113910198213
30436,0.1883445590734482
30437,0.17972867488861083
30438,0.1210818499326706
30439,0.15768777430057526
30440,0.179885533452034
30441,0.2130850851535797
30442,0.214366215467453
30443,0.14155083149671555
30444,0.19690205454826354
30445,0.21890988647937776
30446,0.18728086352348328
30447,0.2637308180332184
30448,0.18246483206748962
30449,0.19703829288482666
30450,0.17085932493209838
30451,0.1879919469356537
30452,0.1666016012430191
30453,0.20010465979576111
30454,0.14072204977273942
30455,0.22233124673366547
30456,0.23359934687614442
30457,0.18045299649238586
30458,0.17459871768951415
30459,0.26608907580375674
30460,0.2573956072330475
30461,0.20148869454860688
30462,0.22518235445022583
30463,0.15799362063407899
30464,0.2311588168144226
30465,0.1709764689207077
30466,0.18819999396800996
30467,0.16527728438377381
30468,0.1644343465566635
30469,0.24186765849590303
30470,0.19607435166835785
30471,0.15028207004070282
30472,0.17840082347393035
30473,0.17599491775035858
30474,0.1426757588982582
30475,0.2502511918544769
30476,0.1364887312054634
30477,0.23336082100868225
30478,0.2400005578994751
30479,0.1652885138988495
30480,0.1826890677213669
30481,0.21680972576141358
30482,0.18767794966697693
30483,0.2726349174976349
30484,0.16327710449695587
30485,0.1917779415845871
30486,0.1845526397228241
30487,0.2500020533800125
30488,0.18536846935749055
30489,0.160722616314888
30490,0.17824902832508088
30491,0.25195092856884005
30492,0.22396716475486755
30493,0.2874996930360794
30494,0.21952525675296783
30495,0.16843322813510894
30496,0.16236616373062135
30497,0.20968373119831085
30498,0.21377729177474974
30499,0.17368698120117188
30500,0.26398135125637057
30501,0.17971582114696502
30502,0.23199910819530487
30503,0.3436834454536438
30504,0.2575879245996475
30505,0.15372931361198425
30506,0.18887263536453247
30507,0.21492685973644257
30508,0.15240578055381776
30509,0.1513471633195877
30510,0.23877640664577485
30511,0.24407427310943602
30512,0.2398914724588394
30513,0.15096502304077147
30514,0.23404984772205353
30515,0.13212678879499434
30516,0.21745032370090484
30517,0.18331525921821595
30518,0.1763806313276291
30519,0.15945417284965516
30520,0.19314055740833283
30521,0.19818237721920012
30522,0.1867335021495819
30523,0.15553692281246184
30524,0.34574769139289857
30525,0.18626080453395844
30526,0.22102682292461395
30527,0.27471384704113005
30528,0.16871491372585296
30529,0.21111156642436982
30530,0.24063560366630554
30531,0.26512733697891233
30532,0.2761307120323181
30533,0.2473924309015274
30534,0.2052449256181717
30535,0.20890111923217775
30536,0.14083934873342513
30537,0.1985357880592346
30538,0.18395633101463318
30539,0.1632826119661331
30540,0.24787953197956086
30541,0.2649762243032455
30542,0.14921761006116868
30543,0.20346432626247407
30544,0.1371334433555603
30545,0.2324378162622452
30546,0.1820235460996628
30547,0.1420424371957779
30548,0.22046560943126678
30549,0.2758547991514206
30550,0.28023530542850494
30551,0.18829013407230377
30552,0.2740391165018082
30553,0.18161330223083497
30554,0.2606981784105301
30555,0.20155248939990997
30556,0.13730549961328506
30557,0.1715306043624878
30558,0.24713091552257538
30559,0.1590244948863983
30560,0.216295924782753
30561,0.2254588633775711
30562,0.22946207821369172
30563,0.2393409252166748
30564,0.11975520998239517
30565,0.19680079221725463
30566,0.20875665545463562
30567,0.2107435643672943
30568,0.23802163898944856
30569,0.26179319322109224
30570,0.29249521493911745
30571,0.16537758111953735
30572,0.18008247315883635
30573,0.16664733588695527
30574,0.1691232681274414
30575,0.20750105381011963
30576,0.21059259176254272
30577,0.22243474721908568
30578,0.15858688056468964
30579,0.15707609951496124
30580,0.21139600574970246
30581,0.3016146898269653
30582,0.20970239639282226
30583,0.14587763100862502
30584,0.17147092819213866
30585,0.20101768672466278
30586,0.24481614530086518
30587,0.14686452150344848
30588,0.17559023201465607
30589,0.22747408151626586
30590,0.23252591490745544
30591,0.21348338723182678
30592,0.2568632960319519
30593,0.15730038285255432
30594,0.23699289560317993
30595,0.17600577771663667
30596,0.19772322475910187
30597,0.21812881529331207
30598,0.1932041585445404
30599,0.2124825119972229
30600,0.16157185435295104
30601,0.17975544631481172
30602,0.15803914666175842
30603,0.3027583956718445
30604,0.14891238510608673
30605,0.15108550637960433
30606,0.20226592421531678
30607,0.1399751991033554
30608,0.2413650184869766
30609,0.24151446521282197
30610,0.24646902084350586
30611,0.22752491235733033
30612,0.22105374336242675
30613,0.20587804913520813
30614,0.1805313616991043
30615,0.17761770486831666
30616,0.20550353229045867
30617,0.24096620380878447
30618,0.17282747328281403
30619,0.23812971413135528
30620,0.22704482674598694
30621,0.2527135103940964
30622,0.19869374334812165
30623,0.2764687597751617
30624,0.2872230976819992
30625,0.2839338779449463
30626,0.34424700736999514
30627,0.27250597178936004
30628,0.1708938419818878
30629,0.21231379508972167
30630,0.2190593183040619
30631,0.2459079533815384
30632,0.20551172494888306
30633,0.19241369068622588
30634,0.22781454920768737
30635,0.2063160628080368
30636,0.16148419976234435
30637,0.22405052483081817
30638,0.21189211308956146
30639,0.2531337678432465
30640,0.19032884240150452
30641,0.1902516096830368
30642,0.159005206823349
30643,0.19632659256458282
30644,0.1866161584854126
30645,0.16387198716402054
30646,0.17778110206127168
30647,0.21106545627117157
30648,0.1873173952102661
30649,0.18131342828273772
30650,0.2006189614534378
30651,0.22966855466365815
30652,0.20898500978946685
30653,0.18472350537776946
30654,0.3353916883468628
30655,0.17668626308441163
30656,0.19053202867507935
30657,0.25852366983890535
30658,0.16662025600671768
30659,0.16001853346824646
30660,0.2955824017524719
30661,0.19825802147388458
30662,0.2091101199388504
30663,0.1712960720062256
30664,0.21784097254276275
30665,0.2526634931564331
30666,0.20982795655727388
30667,0.16446636319160463
30668,0.15749868154525756
30669,0.16974068582057952
30670,0.2883542448282242
30671,0.19778592884540558
30672,0.3080792725086212
30673,0.20089050531387329
30674,0.21683751046657562
30675,0.23158431947231292
30676,0.2150440752506256
30677,0.2724307894706726
30678,0.22515887022018433
30679,0.1889284759759903
30680,0.19929066598415374
30681,0.21488498151302338
30682,0.2117151141166687
30683,0.25542278289794923
30684,0.16662694811820983
30685,0.24711765944957734
30686,0.17115278244018556
30687,0.2287659764289856
30688,0.22715549170970917
30689,0.14352340549230574
30690,0.21538714468479156
30691,0.18319542407989503
30692,0.15111915171146392
30693,0.19864228069782258
30694,0.22597898542881012
30695,0.3290863037109375
30696,0.1761035740375519
30697,0.15699773877859116
30698,0.16607870459556578
30699,0.2610783904790878
30700,0.14427718371152878
30701,0.18264591991901397
30702,0.2597439169883728
30703,0.18742102086544038
30704,0.19539400637149812
30705,0.22671645879745483
30706,0.17951824367046357
30707,0.2418985813856125
30708,0.18558602631092072
30709,0.21951459348201752
30710,0.2000402629375458
30711,0.18823290765285491
30712,0.17069209814071656
30713,0.2018119901418686
30714,0.2634123146533966
30715,0.29575967192649844
30716,0.18960716724395751
30717,0.1930761843919754
30718,0.2751088529825211
30719,0.27493762969970703
30720,0.19113260507583618
30721,0.22346314191818237
30722,0.32215418219566344
30723,0.20331183969974517
30724,0.20969076156616212
30725,0.2550313264131546
30726,0.12506952434778212
30727,0.1761122763156891
30728,0.2304936408996582
30729,0.2195863366127014
30730,0.15562958717346193
30731,0.14188843071460724
30732,0.1749217003583908
30733,0.20169349014759064
30734,0.19771650433540344
30735,0.1717025011777878
30736,0.19302307665348054
30737,0.18927547037601472
30738,0.1514345869421959
30739,0.22339360415935516
30740,0.2459476500749588
30741,0.22084660232067108
30742,0.23621399104595184
30743,0.17311524450778962
30744,0.24356507062911986
30745,0.1963813066482544
30746,0.18594037890434265
30747,0.24801989495754242
30748,0.18998669683933259
30749,0.20014694333076477
30750,0.19345913231372833
30751,0.19688040018081665
30752,0.17011545598506927
30753,0.19678412973880768
30754,0.20490673780441285
30755,0.2085786759853363
30756,0.17241713404655457
30757,0.24807476699352266
30758,0.19047943949699403
30759,0.2051034837961197
30760,0.1843384861946106
30761,0.251375612616539
30762,0.16477855443954467
30763,0.2109648644924164
30764,0.18911353051662444
30765,0.25393291413784025
30766,0.26306264102458954
30767,0.23872821033000946
30768,0.2585205942392349
30769,0.13817669898271562
30770,0.2022794932126999
30771,0.19492565393447875
30772,0.15293935537338257
30773,0.1885552853345871
30774,0.19376206696033477
30775,0.20694512724876404
30776,0.23677787482738494
30777,0.23585849404335021
30778,0.28626641631126404
30779,0.2574749618768692
30780,0.17607761919498444
30781,0.20971719026565552
30782,0.3179773688316345
30783,0.19758588075637817
30784,0.23477187156677246
30785,0.21311396956443787
30786,0.2027076244354248
30787,0.2346377044916153
30788,0.1939731240272522
30789,0.1478097379207611
30790,0.18392646312713623
30791,0.23484804332256318
30792,0.2426817387342453
30793,0.3597272515296936
30794,0.2996267735958099
30795,0.25011511743068693
30796,0.2958480894565582
30797,0.24067758321762084
30798,0.15740113854408264
30799,0.28074090778827665
30800,0.1784123808145523
30801,0.26544432044029237
30802,0.17010593116283418
30803,0.21503744423389434
30804,0.2574860841035843
30805,0.2121717154979706
30806,0.14358838200569152
30807,0.27750574350357055
30808,0.1518523722887039
30809,0.2937698304653168
30810,0.25648836195468905
30811,0.16758957505226135
30812,0.197333163022995
30813,0.131004399061203
30814,0.1982787013053894
30815,0.14580817222595216
30816,0.15542564690113067
30817,0.1848730206489563
30818,0.24282708168029785
30819,0.16856829822063446
30820,0.1468042701482773
30821,0.2817836821079254
30822,0.18462636470794677
30823,0.18934548795223236
30824,0.25751143991947173
30825,0.32585943341255186
30826,0.16379055082798005
30827,0.2224057585000992
30828,0.23223718702793122
30829,0.26744768023490906
30830,0.2359446406364441
30831,0.23021224439144133
30832,0.22377364635467528
30833,0.20660781264305114
30834,0.33011536598205565
30835,0.19850270748138427
30836,0.28200507164001465
30837,0.2598727285861969
30838,0.1632792115211487
30839,0.2154365748167038
30840,0.1720775842666626
30841,0.26393302381038664
30842,0.23045583069324493
30843,0.33838760256767275
30844,0.14435119777917862
30845,0.20323399901390077
30846,0.14526544213294984
30847,0.21873583495616913
30848,0.13071580082178116
30849,0.23269386291503907
30850,0.20942347049713134
30851,0.22596450448036193
30852,0.26338265240192416
30853,0.2652866214513779
30854,0.2528002291917801
30855,0.21817517876625062
30856,0.2469008356332779
30857,0.31714627146720886
30858,0.20833870470523835
30859,0.20374585688114166
30860,0.10853620693087578
30861,0.17123165130615234
30862,0.23197222948074342
30863,0.21573954224586486
30864,0.29880533218383787
30865,0.20149289071559906
30866,0.1861403316259384
30867,0.3422813355922699
30868,0.2338888943195343
30869,0.16278939098119735
30870,0.17676157057285308
30871,0.183494833111763
30872,0.16518327295780183
30873,0.20003390908241273
30874,0.195575949549675
30875,0.17594417035579682
30876,0.1984718084335327
30877,0.2561285555362701
30878,0.25922058820724486
30879,0.1969260960817337
30880,0.28675602078437806
30881,0.2156773805618286
30882,0.2312667965888977
30883,0.2154091477394104
30884,0.26240535974502566
30885,0.23175816535949706
30886,0.17025780081748962
30887,0.2152044266462326
30888,0.15898560583591462
30889,0.2506667822599411
30890,0.2406211107969284
30891,0.17432256042957306
30892,0.18488041460514068
30893,0.2584063857793808
30894,0.13983721882104874
30895,0.17326975464820862
30896,0.24878957569599153
30897,0.2094797670841217
30898,0.20492751002311707
30899,0.18795783817768097
30900,0.28828545212745665
30901,0.1900891989469528
30902,0.15454820692539215
30903,0.22413499653339386
30904,0.23317696452140807
30905,0.19497458934783934
30906,0.22865967750549315
30907,0.1611768513917923
30908,0.21458905339241027
30909,0.19109257757663728
30910,0.20698594748973848
30911,0.24412438571453093
30912,0.2021711438894272
30913,0.2199689745903015
30914,0.2069729119539261
30915,0.19589782059192656
30916,0.14132045805454255
30917,0.16678693294525146
30918,0.2595185965299606
30919,0.22965660095214843
30920,0.2620024114847183
30921,0.1680830329656601
30922,0.17251516580581666
30923,0.19015449583530425
30924,0.20083546936511992
30925,0.22142217457294464
30926,0.26729997992515564
30927,0.20313243567943573
30928,0.18341025412082673
30929,0.2327945590019226
30930,0.20263641476631164
30931,0.20300739109516144
30932,0.2977518916130066
30933,0.24485333561897277
30934,0.21593600809574126
30935,0.21399689614772796
30936,0.19522017240524292
30937,0.17584561109542846
30938,0.25281784534454343
30939,0.15879594385623932
30940,0.16189856827259064
30941,0.13185431212186813
30942,0.26114760935306547
30943,0.3041398644447327
30944,0.2720177322626114
30945,0.26059511601924895
30946,0.157920503616333
30947,0.22771493196487427
30948,0.17180929183959961
30949,0.1620632529258728
30950,0.27984862923622134
30951,0.19146097898483277
30952,0.2385667085647583
30953,0.11799950152635574
30954,0.1519899159669876
30955,0.2645523965358734
30956,0.15992631316184996
30957,0.21479809880256653
30958,0.2142729490995407
30959,0.21298909187316895
30960,0.25917705297470095
30961,0.22829433977603913
30962,0.2702211767435074
30963,0.1615259438753128
30964,0.23267702460289003
30965,0.21676476001739503
30966,0.21533166468143464
30967,0.18573178350925446
30968,0.17424607276916504
30969,0.20804329216480255
30970,0.1946471303701401
30971,0.2067815989255905
30972,0.13353565335273743
30973,0.2807529538869858
30974,0.1778135120868683
30975,0.2080606073141098
30976,0.18567991256713867
30977,0.27104890048503877
30978,0.11509021669626236
30979,0.2502234399318695
30980,0.145064514875412
30981,0.19190652072429656
30982,0.2547896713018417
30983,0.22255564033985137
30984,0.16830859780311586
30985,0.15968225300312042
30986,0.26479458510875703
30987,0.18435415029525756
30988,0.14723726660013198
30989,0.1914795994758606
30990,0.14957534968852998
30991,0.25510727763175967
30992,0.23831712007522582
30993,0.20370574593544005
30994,0.2519954651594162
30995,0.1760726660490036
30996,0.2742177724838257
30997,0.3076151430606842
30998,0.17950356304645537
30999,0.2285994917154312
31000,0.24665968716144562
31001,0.2131570100784302
31002,0.19291900992393493
31003,0.20133458077907562
31004,0.17721937000751495
31005,0.21365582048892975
31006,0.23642107248306274
31007,0.16182557940483094
31008,0.1693873167037964
31009,0.21716372668743134
31010,0.15875214636325835
31011,0.22412540912628173
31012,0.20953453183174134
31013,0.23248088359832764
31014,0.22575401663780212
31015,0.13782758563756942
31016,0.2071051388978958
31017,0.2492506682872772
31018,0.18177773356437682
31019,0.24586158394813537
31020,0.19729035794734956
31021,0.19931771457195283
31022,0.1786729484796524
31023,0.20298072099685668
31024,0.22820868194103242
31025,0.2579052001237869
31026,0.2239084005355835
31027,0.19469283819198607
31028,0.20786285996437073
31029,0.15576147735118867
31030,0.16913070380687714
31031,0.19033103287220002
31032,0.17816271483898163
31033,0.158832785487175
31034,0.18719790279865264
31035,0.2143147498369217
31036,0.13921212255954743
31037,0.2398252785205841
31038,0.22109326124191284
31039,0.1780452698469162
31040,0.15025617480278014
31041,0.2651568531990051
31042,0.24190478026866913
31043,0.16807132661342622
31044,0.26109597086906433
31045,0.17883953154087068
31046,0.25812276899814607
31047,0.2438980370759964
31048,0.17151816487312316
31049,0.21631624400615693
31050,0.24752272367477418
31051,0.2516187071800232
31052,0.15850452482700347
31053,0.2028968870639801
31054,0.23503031432628632
31055,0.13715301007032393
31056,0.22536641061306
31057,0.17646561563014984
31058,0.28725273013114927
31059,0.18536142408847808
31060,0.2114199012517929
31061,0.21945410668849946
31062,0.2425215572118759
31063,0.16312908232212067
31064,0.18140334784984588
31065,0.19953851103782655
31066,0.22423385977745056
31067,0.15769902169704436
31068,0.2054361253976822
31069,0.21798508167266845
31070,0.3077357590198517
31071,0.2444010078907013
31072,0.15131880939006806
31073,0.14381382316350938
31074,0.19099896550178527
31075,0.1554727554321289
31076,0.25246398746967313
31077,0.24228140115737914
31078,0.2049958139657974
31079,0.1814049392938614
31080,0.15381284654140473
31081,0.22050384283065796
31082,0.26077833473682405
31083,0.1645534485578537
31084,0.2355131298303604
31085,0.22571588456630706
31086,0.23262336254119872
31087,0.273297318816185
31088,0.18678413033485414
31089,0.22773516774177552
31090,0.20985535979270936
31091,0.19922473132610322
31092,0.24326278269290924
31093,0.32197664976119994
31094,0.14036789536476135
31095,0.17592298686504365
31096,0.22113100290298462
31097,0.24919434785842895
31098,0.24085001647472382
31099,0.22315241396427155
31100,0.32815388441085813
31101,0.2454003781080246
31102,0.20752037763595582
31103,0.1991569459438324
31104,0.18608511686325074
31105,0.26275929510593415
31106,0.2295330911874771
31107,0.20293851494789122
31108,0.20702984035015107
31109,0.1736283928155899
31110,0.17802171558141708
31111,0.18248617947101592
31112,0.1894868791103363
31113,0.16295750737190245
31114,0.18151527345180513
31115,0.2881916582584381
31116,0.28011314868927
31117,0.13913420736789703
31118,0.2900067627429962
31119,0.1504061222076416
31120,0.2282416194677353
31121,0.18161051571369172
31122,0.2117108017206192
31123,0.2758737564086914
31124,0.30999005436897276
31125,0.1382958859205246
31126,0.19034250378608703
31127,0.322102689743042
31128,0.255314701795578
31129,0.18468137681484223
31130,0.1773364782333374
31131,0.23560096323490143
31132,0.2828602761030197
31133,0.23381678760051727
31134,0.1703849047422409
31135,0.2380904495716095
31136,0.1839050441980362
31137,0.19340463280677794
31138,0.26448023319244385
31139,0.20328186750411986
31140,0.25712486505508425
31141,0.21522645950317382
31142,0.23600267767906188
31143,0.25483645498752594
31144,0.12194015085697174
31145,0.15496671497821807
31146,0.2290560096502304
31147,0.253269761800766
31148,0.2093173921108246
31149,0.17774511575698854
31150,0.2336251139640808
31151,0.20804674923419952
31152,0.17546254992485047
31153,0.1563390910625458
31154,0.21141301691532136
31155,0.20661134421825408
31156,0.14030696153640748
31157,0.1757643461227417
31158,0.34711548686027527
31159,0.17770793437957763
31160,0.22973604500293732
31161,0.1936262935400009
31162,0.1662241905927658
31163,0.2118712067604065
31164,0.18102613985538482
31165,0.2559979557991028
31166,0.25970545709133147
31167,0.19553984701633453
31168,0.2098424881696701
31169,0.23636578321456908
31170,0.14539908468723298
31171,0.17716483473777772
31172,0.20241627395153045
31173,0.12463284581899643
31174,0.20960361063480376
31175,0.2582550853490829
31176,0.17502125799655915
31177,0.2645552486181259
31178,0.1799921840429306
31179,0.16935837268829346
31180,0.1874291330575943
31181,0.18538762331008912
31182,0.21339924037456512
31183,0.21231726109981536
31184,0.19605277776718139
31185,0.20173238813877106
31186,0.17078487873077391
31187,0.22738336622714997
31188,0.27526170015335083
31189,0.18570869266986847
31190,0.14507898390293122
31191,0.23663661181926726
31192,0.2118595540523529
31193,0.22155807316303253
31194,0.14765972048044204
31195,0.19147566258907317
31196,0.22443407475948335
31197,0.24376186430454255
31198,0.20557352304458618
31199,0.20041425228118898
31200,0.16212479770183563
31201,0.13693948835134506
31202,0.2303195208311081
31203,0.19405473172664642
31204,0.18138793706893921
31205,0.20798077285289765
31206,0.157119782269001
31207,0.1456195279955864
31208,0.18156514167785645
31209,0.18862960934638978
31210,0.17364459931850434
31211,0.14809682220220566
31212,0.23022592067718506
31213,0.17209520041942597
31214,0.25025710463523865
31215,0.18410535156726837
31216,0.16863083839416504
31217,0.19805450439453126
31218,0.2382992297410965
31219,0.19823609292507172
31220,0.1571139931678772
31221,0.22316184043884277
31222,0.27312753200531004
31223,0.22247954308986664
31224,0.1750520646572113
31225,0.27955787181854247
31226,0.2567522943019867
31227,0.26954452991485595
31228,0.2906699299812317
31229,0.17719302773475648
31230,0.15189312100410463
31231,0.20800042450428008
31232,0.18721797168254853
31233,0.2567935407161713
31234,0.2427743196487427
31235,0.36322588920593263
31236,0.18818897902965545
31237,0.18883387446403505
31238,0.23336078822612763
31239,0.2029438704252243
31240,0.22807293832302095
31241,0.2035588264465332
31242,0.19051215946674346
31243,0.20296003818511962
31244,0.19474947154521943
31245,0.20041555166244507
31246,0.19918605387210847
31247,0.145377779006958
31248,0.16644783020019532
31249,0.1875791221857071
31250,0.21235535740852357
31251,0.24609996378421783
31252,0.1651841253042221
31253,0.21158810555934907
31254,0.12079744637012482
31255,0.17755525261163713
31256,0.18768778145313264
31257,0.2542788952589035
31258,0.16677959859371186
31259,0.15090133547782897
31260,0.21374984681606293
31261,0.17297900915145875
31262,0.22679088711738588
31263,0.16579272747039794
31264,0.27097056806087494
31265,0.21848024129867555
31266,0.18102274239063262
31267,0.13573572635650635
31268,0.20309759676456451
31269,0.22452482283115388
31270,0.2264992982149124
31271,0.19643666446208954
31272,0.21259307861328125
31273,0.2303926944732666
31274,0.14435406178236007
31275,0.2554736614227295
31276,0.18895533680915833
31277,0.16525384783744812
31278,0.1880070000886917
31279,0.19781748950481415
31280,0.17471130788326264
31281,0.27880088686943055
31282,0.1778026357293129
31283,0.22216454148292542
31284,0.20504511892795563
31285,0.1439366579055786
31286,0.18172188699245453
31287,0.2023165464401245
31288,0.24419034719467164
31289,0.19234269261360168
31290,0.22880734205245973
31291,0.14219320863485335
31292,0.20137242674827577
31293,0.14620499610900878
31294,0.1475250631570816
31295,0.18572890162467956
31296,0.2193005472421646
31297,0.1613876312971115
31298,0.1399224132299423
31299,0.1698595851659775
31300,0.17045388221740723
31301,0.18255317211151123
31302,0.22823938131332397
31303,0.2754659831523895
31304,0.1531514048576355
31305,0.20811129212379456
31306,0.1680234283208847
31307,0.19139683544635772
31308,0.14327372908592223
31309,0.19145970344543456
31310,0.19596863090991973
31311,0.22545085549354554
31312,0.17429171204566957
31313,0.20496435463428497
31314,0.15072740316390992
31315,0.16937014162540437
31316,0.25046775937080384
31317,0.3450135886669159
31318,0.24141950011253357
31319,0.1857675015926361
31320,0.2805276602506638
31321,0.18154971301555634
31322,0.2582960933446884
31323,0.22019696831703187
31324,0.2383123070001602
31325,0.19308508932590485
31326,0.19053064286708832
31327,0.19077121019363402
31328,0.20288849771022796
31329,0.2366033375263214
31330,0.23625129759311675
31331,0.18231570720672607
31332,0.19420005679130553
31333,0.1591663032770157
31334,0.2523178905248642
31335,0.17756932675838472
31336,0.2489757150411606
31337,0.16258647441864013
31338,0.2330119490623474
31339,0.1674082785844803
31340,0.1924908399581909
31341,0.26847869753837583
31342,0.13935912549495696
31343,0.19744054973125458
31344,0.20177605450153352
31345,0.22272277772426605
31346,0.28763613700866697
31347,0.19008260667324067
31348,0.19305848181247712
31349,0.1464009553194046
31350,0.2409139722585678
31351,0.18468908965587616
31352,0.16719272136688232
31353,0.2227914035320282
31354,0.35827988386154175
31355,0.26868343353271484
31356,0.22399296760559081
31357,0.19817061722278595
31358,0.2202632635831833
31359,0.24235745370388032
31360,0.20511462092399596
31361,0.22291635870933532
31362,0.20516619384288787
31363,0.22850555181503296
31364,0.2842202126979828
31365,0.1844972401857376
31366,0.21227215528488158
31367,0.2224150389432907
31368,0.25838438868522645
31369,0.14568734914064407
31370,0.15851943492889403
31371,0.21217885613441467
31372,0.16794871389865876
31373,0.20882937014102937
31374,0.25882035195827485
31375,0.24810383915901185
31376,0.1522722691297531
31377,0.11644341498613357
31378,0.1732317328453064
31379,0.18912510573863983
31380,0.23520282208919524
31381,0.1707665130496025
31382,0.18344270288944245
31383,0.2169102281332016
31384,0.2222549706697464
31385,0.1934276670217514
31386,0.30069139003753664
31387,0.21045687198638915
31388,0.24299169480800628
31389,0.17954948544502258
31390,0.27015846967697144
31391,0.19184238612651824
31392,0.14669790416955947
31393,0.23531755208969116
31394,0.1534801334142685
31395,0.2453310191631317
31396,0.2653945565223694
31397,0.19789112508296966
31398,0.2672617077827454
31399,0.19955094158649445
31400,0.17915083169937135
31401,0.2741487562656403
31402,0.21504653990268707
31403,0.16726290583610534
31404,0.14577814787626267
31405,0.31613649129867555
31406,0.25690053403377533
31407,0.24038578271865846
31408,0.16297701597213746
31409,0.1859415978193283
31410,0.2405783861875534
31411,0.23120948672294617
31412,0.15225804150104522
31413,0.22027916312217713
31414,0.2215971142053604
31415,0.21544482409954072
31416,0.33717986941337585
31417,0.2429557830095291
31418,0.24989041984081267
31419,0.1818578600883484
31420,0.2609559416770935
31421,0.26162336468696595
31422,0.15806205868721007
31423,0.2665267825126648
31424,0.21562709510326386
31425,0.2313100814819336
31426,0.15859392583370208
31427,0.23501830101013182
31428,0.27174177169799807
31429,0.1611214965581894
31430,0.15652791559696197
31431,0.19351261258125305
31432,0.17926232814788817
31433,0.196870419383049
31434,0.1923535943031311
31435,0.23983238637447357
31436,0.27686163783073425
31437,0.22297745048999787
31438,0.24169829487800598
31439,0.1703951120376587
31440,0.29328107833862305
31441,0.23126808404922486
31442,0.21917375326156616
31443,0.1620542973279953
31444,0.19756473004817962
31445,0.2725367546081543
31446,0.25398626923561096
31447,0.23672532737255098
31448,0.26975818872451784
31449,0.21276349127292632
31450,0.1811626821756363
31451,0.22531270682811738
31452,0.1977602571249008
31453,0.21835200488567352
31454,0.2643516182899475
31455,0.1775664806365967
31456,0.23574747145175934
31457,0.15329958498477936
31458,0.23699845671653746
31459,0.22485491037368774
31460,0.21843112409114837
31461,0.2169328898191452
31462,0.14161793291568756
31463,0.2018846809864044
31464,0.188901686668396
31465,0.2244906097650528
31466,0.14696340262889862
31467,0.170272096991539
31468,0.16314878761768342
31469,0.2717599987983704
31470,0.17508754134178162
31471,0.24568698704242706
31472,0.21768087148666382
31473,0.165427827835083
31474,0.14332800060510636
31475,0.19426933526992798
31476,0.2596303254365921
31477,0.24259658753871918
31478,0.19329386651515962
31479,0.1827855795621872
31480,0.2336098998785019
31481,0.20555697083473207
31482,0.19943448901176453
31483,0.2605361372232437
31484,0.14053285717964173
31485,0.1911798506975174
31486,0.18211641311645507
31487,0.18471291959285735
31488,0.12456153333187103
31489,0.22049681842327118
31490,0.2742926836013794
31491,0.1923893004655838
31492,0.2493410289287567
31493,0.2843719244003296
31494,0.27444868683815005
31495,0.22757667005062104
31496,0.146843221783638
31497,0.1357427269220352
31498,0.31674590706825256
31499,0.26837908029556273
31500,0.21909255385398865
31501,0.2665940523147583
31502,0.20350070297718048
31503,0.24342714846134186
31504,0.21004644632339478
31505,0.28524633049964904
31506,0.14481959789991378
31507,0.21254592537879943
31508,0.2181108683347702
31509,0.32668507695198057
31510,0.19049088656902313
31511,0.2320188105106354
31512,0.3798146307468414
31513,0.1766124039888382
31514,0.21596428751945496
31515,0.21107796132564544
31516,0.177116259932518
31517,0.24243533313274385
31518,0.224827316403389
31519,0.22742545306682588
31520,0.13581476509571075
31521,0.2134462356567383
31522,0.19986262321472167
31523,0.2066658079624176
31524,0.2422681510448456
31525,0.15965355932712555
31526,0.20380777716636658
31527,0.2984436392784119
31528,0.2606103152036667
31529,0.24289202094078063
31530,0.26374948024749756
31531,0.20626865923404694
31532,0.26366814970970154
31533,0.15648407340049744
31534,0.16115051805973052
31535,0.14526423662900925
31536,0.2086694657802582
31537,0.22818576395511628
31538,0.2135353922843933
31539,0.24170102775096894
31540,0.20452408790588378
31541,0.18144930005073548
31542,0.25887917876243594
31543,0.23124412596225738
31544,0.24407429099082947
31545,0.16524821519851685
31546,0.31521308422088623
31547,0.165753772854805
31548,0.1727059930562973
31549,0.16361808329820632
31550,0.18495310246944427
31551,0.15807013511657714
31552,0.16922199428081514
31553,0.21053680777549744
31554,0.13535320162773132
31555,0.16754619479179383
31556,0.1921096622943878
31557,0.2951014518737793
31558,0.20290205180644988
31559,0.1580360159277916
31560,0.180030158162117
31561,0.18266990780830383
31562,0.19188613593578338
31563,0.23442542254924775
31564,0.2579245507717133
31565,0.21997638642787934
31566,0.20180263221263886
31567,0.2672095835208893
31568,0.15626793205738068
31569,0.14480496644973756
31570,0.30781155824661255
31571,0.29099409878253935
31572,0.17051511406898498
31573,0.2179788827896118
31574,0.12417436987161637
31575,0.21779195964336395
31576,0.18703716695308686
31577,0.19295630156993865
31578,0.21219573318958282
31579,0.19386181533336638
31580,0.14899681508541107
31581,0.2235745906829834
31582,0.20411652624607085
31583,0.21961929202079772
31584,0.18656046390533448
31585,0.2432374984025955
31586,0.18310701251029968
31587,0.19430349469184877
31588,0.19116613566875457
31589,0.24201377630233764
31590,0.18978722691535949
31591,0.23668800294399261
31592,0.30105845630168915
31593,0.18624062240123748
31594,0.22369987964630128
31595,0.18062091618776321
31596,0.2505210876464844
31597,0.1933663159608841
31598,0.17924066483974457
31599,0.1489191770553589
31600,0.26693026125431063
31601,0.2088563024997711
31602,0.19076818227767944
31603,0.2548620641231537
31604,0.2318527579307556
31605,0.26261143684387206
31606,0.2391294479370117
31607,0.22898099422454835
31608,0.17094848155975342
31609,0.2653443366289139
31610,0.16403118073940276
31611,0.18234338164329528
31612,0.19504496157169343
31613,0.23981270492076873
31614,0.20102728605270387
31615,0.1840149700641632
31616,0.19472044110298156
31617,0.21041570007801055
31618,0.25105325877666473
31619,0.22682271003723145
31620,0.18272995352745056
31621,0.23340702950954437
31622,0.1777183949947357
31623,0.16266704797744752
31624,0.31502955555915835
31625,0.25905286371707914
31626,0.2250746488571167
31627,0.22594982981681824
31628,0.1864384561777115
31629,0.22405393719673156
31630,0.2079927295446396
31631,0.2395839959383011
31632,0.17325733304023744
31633,0.17410764694213868
31634,0.19557554721832277
31635,0.251736518740654
31636,0.1941096842288971
31637,0.20973452925682068
31638,0.13892939686775208
31639,0.15021495521068573
31640,0.26565141379833224
31641,0.17672806680202485
31642,0.19360864758491517
31643,0.19712457358837127
31644,0.19363140165805817
31645,0.2159013956785202
31646,0.18245719373226166
31647,0.18254498839378358
31648,0.2713383287191391
31649,0.20226503014564515
31650,0.1856222778558731
31651,0.176660892367363
31652,0.20035484433174133
31653,0.21821047067642213
31654,0.15929988622665406
31655,0.23952104449272155
31656,0.16876521408557893
31657,0.19139087498188018
31658,0.15980420410633087
31659,0.2216251313686371
31660,0.1877699762582779
31661,0.180938920378685
31662,0.2608123779296875
31663,0.2097219705581665
31664,0.28030702471733093
31665,0.22335722148418427
31666,0.22675277292728424
31667,0.2060891330242157
31668,0.2326948881149292
31669,0.2279462158679962
31670,0.25192303359508517
31671,0.21785974502563477
31672,0.2142174869775772
31673,0.20271583497524262
31674,0.11322450041770935
31675,0.2659412771463394
31676,0.22649927139282228
31677,0.17757220566272736
31678,0.2160389691591263
31679,0.29996477663516996
31680,0.17614346444606782
31681,0.3212887108325958
31682,0.2715818852186203
31683,0.1959648072719574
31684,0.22499660551548004
31685,0.12466152310371399
31686,0.17694432139396668
31687,0.1607661575078964
31688,0.15135598182678223
31689,0.16234831511974335
31690,0.20379728376865386
31691,0.16048668026924134
31692,0.18050492107868193
31693,0.16845469176769257
31694,0.223018616437912
31695,0.31824709177017213
31696,0.17088326513767244
31697,0.21163178384304046
31698,0.18128335177898408
31699,0.24773316085338593
31700,0.27011901438236235
31701,0.1729959487915039
31702,0.2238490343093872
31703,0.2001478999853134
31704,0.18085664808750151
31705,0.166103395819664
31706,0.17984384894371033
31707,0.1689647912979126
31708,0.2900216966867447
31709,0.27592487931251525
31710,0.24269449412822724
31711,0.2461961030960083
31712,0.15951181650161744
31713,0.23585144877433778
31714,0.17040097415447236
31715,0.20983618795871734
31716,0.23817228376865388
31717,0.21754805445671083
31718,0.19566060304641725
31719,0.26276839077472686
31720,0.25620085597038267
31721,0.28949050307273866
31722,0.21135975420475006
31723,0.2284461736679077
31724,0.19029609858989716
31725,0.16333399415016175
31726,0.2448567807674408
31727,0.22575659155845643
31728,0.26670359671115873
31729,0.24567446112632751
31730,0.17733795940876007
31731,0.16559024453163146
31732,0.33020182847976687
31733,0.27672589719295504
31734,0.2746606647968292
31735,0.16582397222518921
31736,0.20935842096805574
31737,0.209640571475029
31738,0.21036595702171326
31739,0.18575515151023864
31740,0.19911433458328248
31741,0.19109730720520018
31742,0.15762867033481598
31743,0.17187920808792115
31744,0.13416631668806075
31745,0.14767909348011016
31746,0.2566600054502487
31747,0.13641687631607055
31748,0.2602441400289536
31749,0.24105009138584138
31750,0.24537985324859618
31751,0.1880899965763092
31752,0.21593292355537413
31753,0.19631867110729218
31754,0.16866429448127745
31755,0.18266810476779938
31756,0.22049929499626159
31757,0.35640791058540344
31758,0.17161848545074462
31759,0.1275134414434433
31760,0.20086044669151307
31761,0.20880091786384583
31762,0.22985682785511016
31763,0.22414328455924987
31764,0.16969728469848633
31765,0.18394527733325958
31766,0.14280297756195068
31767,0.20315456986427308
31768,0.14806607216596604
31769,0.20770873129367828
31770,0.15171632021665574
31771,0.18004047274589538
31772,0.21884961426258087
31773,0.20953205823898316
31774,0.16039528846740722
31775,0.285452401638031
31776,0.23679484724998473
31777,0.18329879343509675
31778,0.15103903710842131
31779,0.1974939614534378
31780,0.24937034547328948
31781,0.24275934994220733
31782,0.1859632670879364
31783,0.18681855201721193
31784,0.20011793076992035
31785,0.16567354202270507
31786,0.26507310569286346
31787,0.1761874347925186
31788,0.12467305660247803
31789,0.1403219982981682
31790,0.24153340458869935
31791,0.16583991348743438
31792,0.26816627383232117
31793,0.18173723816871643
31794,0.2162715047597885
31795,0.1793883740901947
31796,0.16519069969654082
31797,0.18137241303920745
31798,0.208360955119133
31799,0.24160328805446624
31800,0.18419331014156343
31801,0.23132060170173646
31802,0.22586344480514525
31803,0.15926062166690827
31804,0.17738776206970214
31805,0.17713120579719543
31806,0.2054963856935501
31807,0.1645185172557831
31808,0.2594959259033203
31809,0.14668512642383574
31810,0.20249482691287995
31811,0.2077962189912796
31812,0.21021330654621123
31813,0.19276195168495178
31814,0.2130994439125061
31815,0.28983321189880373
31816,0.23207660317420958
31817,0.13588964939117432
31818,0.15000081658363343
31819,0.21584854423999786
31820,0.2617220044136047
31821,0.20310252904891968
31822,0.21716422736644744
31823,0.17585387229919433
31824,0.23763743042945862
31825,0.11889924257993698
31826,0.24852305948734282
31827,0.18445348143577575
31828,0.15683514028787612
31829,0.27740907967090606
31830,0.21125636994838715
31831,0.18205679059028626
31832,0.22259416580200195
31833,0.1988666236400604
31834,0.19689359664916992
31835,0.18603721559047698
31836,0.270758730173111
31837,0.1807736039161682
31838,0.16543689668178557
31839,0.178110271692276
31840,0.1871205449104309
31841,0.259552937746048
31842,0.19844078719615937
31843,0.26491806507110593
31844,0.1792823612689972
31845,0.1507662981748581
31846,0.27749798595905306
31847,0.1704598844051361
31848,0.18463890701532365
31849,0.18882083892822266
31850,0.13111671060323715
31851,0.22277199029922484
31852,0.23663958311080932
31853,0.24453679621219634
31854,0.3112523198127747
31855,0.2059033542871475
31856,0.2019975870847702
31857,0.26642864346504214
31858,0.2294642686843872
31859,0.1473843976855278
31860,0.20027265846729278
31861,0.2511569410562515
31862,0.24257457852363587
31863,0.30058438181877134
31864,0.24183377325534822
31865,0.27267947793006897
31866,0.15133677124977113
31867,0.1331967830657959
31868,0.2616177171468735
31869,0.24139363169670106
31870,0.22025830745697023
31871,0.22863971889019014
31872,0.2626196265220642
31873,0.24853841364383697
31874,0.20365578234195708
31875,0.18669835925102235
31876,0.22905395328998565
31877,0.23303864896297455
31878,0.15015942305326463
31879,0.3058187782764435
31880,0.18927817642688752
31881,0.21475471258163453
31882,0.17383809983730317
31883,0.156171253323555
31884,0.22106132805347442
31885,0.2254081577062607
31886,0.27535839676856994
31887,0.2079145461320877
31888,0.24081007838249208
31889,0.2130800873041153
31890,0.2214236378669739
31891,0.21366035640239717
31892,0.19396072924137114
31893,0.22853290736675264
31894,0.2559275448322296
31895,0.2048219084739685
31896,0.17684042751789092
31897,0.2643766552209854
31898,0.20280300378799437
31899,0.13956846296787262
31900,0.22036010324954985
31901,0.20380426943302155
31902,0.24165319800376892
31903,0.18148498237133026
31904,0.17020083367824554
31905,0.11535182148218155
31906,0.2131324052810669
31907,0.1983593463897705
31908,0.24836034178733826
31909,0.20988485515117644
31910,0.25704126060009
31911,0.21109784245491028
31912,0.2222907453775406
31913,0.22109570801258088
31914,0.1477087438106537
31915,0.19857440292835235
31916,0.1898505210876465
31917,0.13428763598203658
31918,0.20752454102039336
31919,0.2661530911922455
31920,0.18787174820899963
31921,0.23220622539520264
31922,0.27044757306575773
31923,0.21101066768169402
31924,0.15796548128128052
31925,0.2426244229078293
31926,0.21614257991313934
31927,0.16493972837924958
31928,0.25580685436725614
31929,0.2678137332201004
31930,0.14843348562717437
31931,0.21629363298416138
31932,0.21025951206684113
31933,0.20083042979240417
31934,0.13771121799945832
31935,0.1798430413007736
31936,0.1574321359395981
31937,0.2677795171737671
31938,0.20973593294620513
31939,0.1569575399160385
31940,0.20565879046916963
31941,0.21042426824569702
31942,0.19940728545188904
31943,0.21005193889141083
31944,0.19788774251937866
31945,0.2833249092102051
31946,0.26289457976818087
31947,0.18375417292118074
31948,0.21351976692676544
31949,0.26045915186405183
31950,0.26261469125747683
31951,0.23608237206935884
31952,0.19904068112373352
31953,0.2100953757762909
31954,0.20226885974407197
31955,0.18635082840919495
31956,0.33026004433631895
31957,0.17919280827045442
31958,0.2215418577194214
31959,0.2527852803468704
31960,0.16167683899402618
31961,0.22709545493125916
31962,0.1508106082677841
31963,0.24808955788612366
31964,0.14649198204278946
31965,0.270301952958107
31966,0.1615354210138321
31967,0.22438565790653228
31968,0.10056204497814178
31969,0.13146271407604218
31970,0.16623224914073945
31971,0.18137558102607726
31972,0.25465189218521117
31973,0.16993822753429413
31974,0.2604797750711441
31975,0.16632882356643677
31976,0.26321329474449157
31977,0.19287117421627045
31978,0.20885931551456452
31979,0.2874376654624939
31980,0.1515720948576927
31981,0.1966172456741333
31982,0.3611627757549286
31983,0.16496349573135377
31984,0.1963199257850647
31985,0.2221788465976715
31986,0.1892814815044403
31987,0.20699492394924163
31988,0.13874012380838394
31989,0.2184359073638916
31990,0.12286185175180435
31991,0.20376412868499755
31992,0.24752533733844756
31993,0.28551198840141295
31994,0.17020909190177919
31995,0.18693448901176452
31996,0.1769150286912918
31997,0.1365530639886856
31998,0.20648470222949983
31999,0.11806496232748032
32000,0.160542094707489
32001,0.2782624542713165
32002,0.21177861094474792
32003,0.23638664484024047
32004,0.2414854109287262
32005,0.2369966357946396
32006,0.1540359526872635
32007,0.20102478861808776
32008,0.31349661350250246
32009,0.195063579082489
32010,0.24330644607543944
32011,0.2618045449256897
32012,0.24287250638008118
32013,0.13384501487016678
32014,0.18597614765167236
32015,0.1329616501927376
32016,0.23036041259765624
32017,0.23784475326538085
32018,0.13592994064092637
32019,0.21411598324775696
32020,0.13809653371572495
32021,0.14274662137031555
32022,0.12760900110006332
32023,0.17955025732517244
32024,0.1471492201089859
32025,0.2873796999454498
32026,0.20650850236415863
32027,0.22742133736610412
32028,0.12261374592781067
32029,0.2639275908470154
32030,0.2062528669834137
32031,0.2126797467470169
32032,0.14932826161384583
32033,0.21655960381031036
32034,0.1961939215660095
32035,0.1963762253522873
32036,0.21762844622135163
32037,0.14677228778600693
32038,0.26891676485538485
32039,0.2754691421985626
32040,0.19319753348827362
32041,0.17232160568237304
32042,0.16593632996082305
32043,0.1621846377849579
32044,0.2603156119585037
32045,0.1830211639404297
32046,0.21220668852329255
32047,0.29421318173408506
32048,0.22434200942516327
32049,0.19855116903781891
32050,0.18368702232837678
32051,0.2893048137426376
32052,0.18706237077713012
32053,0.33648139238357544
32054,0.20301324129104614
32055,0.21327335238456727
32056,0.24543429911136627
32057,0.17276586592197418
32058,0.2521678447723389
32059,0.1570632889866829
32060,0.22070051729679108
32061,0.30618621706962584
32062,0.16211471259593963
32063,0.13922374099493026
32064,0.2717234969139099
32065,0.22094253599643707
32066,0.20972768664360047
32067,0.21283286511898042
32068,0.19284912943840027
32069,0.194606152176857
32070,0.18490013778209685
32071,0.1673243135213852
32072,0.1870492696762085
32073,0.2689323604106903
32074,0.17027744948863982
32075,0.21442088782787322
32076,0.19432919025421141
32077,0.2260721892118454
32078,0.18622150123119355
32079,0.2094087302684784
32080,0.2844446271657944
32081,0.24822935461997986
32082,0.1678778499364853
32083,0.23015860021114348
32084,0.2168194681406021
32085,0.14641835987567903
32086,0.26753835678100585
32087,0.18873389661312104
32088,0.22302473187446595
32089,0.2726515382528305
32090,0.19082170724868774
32091,0.2287815511226654
32092,0.2186339408159256
32093,0.1864980310201645
32094,0.17932798266410827
32095,0.21944015324115754
32096,0.20653279423713683
32097,0.14163085222244262
32098,0.17285171151161194
32099,0.17997819781303406
32100,0.20380065143108367
32101,0.22878855764865874
32102,0.17129966020584106
32103,0.23997004628181456
32104,0.17469091415405275
32105,0.2059318244457245
32106,0.2522620350122452
32107,0.19013359844684602
32108,0.26261153519153596
32109,0.18582042157649994
32110,0.14409601092338561
32111,0.21353510916233062
32112,0.1867617517709732
32113,0.15865717232227325
32114,0.18385233879089355
32115,0.1847325772047043
32116,0.24113517999649048
32117,0.16348616480827333
32118,0.21369700729846955
32119,0.22046384513378142
32120,0.353310227394104
32121,0.22592347860336304
32122,0.2669660210609436
32123,0.27569873034954073
32124,0.284365114569664
32125,0.15775313079357148
32126,0.2565675288438797
32127,0.15967411696910858
32128,0.19087401330471038
32129,0.20544092059135438
32130,0.18159804344177247
32131,0.19621826708316803
32132,0.1656224399805069
32133,0.1189071699976921
32134,0.1407061606645584
32135,0.1306983083486557
32136,0.1669757217168808
32137,0.18087234795093537
32138,0.18933395743370057
32139,0.14019003212451936
32140,0.2239639163017273
32141,0.23657633662223815
32142,0.2059141665697098
32143,0.20300154983997346
32144,0.14910427629947662
32145,0.22373183965682983
32146,0.1773785412311554
32147,0.22442378103733063
32148,0.21775981187820434
32149,0.254782509803772
32150,0.19863729774951935
32151,0.2645024597644806
32152,0.2523287534713745
32153,0.18613899052143096
32154,0.22975461781024933
32155,0.2346227765083313
32156,0.2264121264219284
32157,0.20282092094421386
32158,0.13926077485084534
32159,0.16977719366550445
32160,0.15349986553192138
32161,0.19931143820285796
32162,0.17190673053264618
32163,0.2447570890188217
32164,0.25472864508628845
32165,0.19788431227207184
32166,0.1042963758111
32167,0.16746127009391784
32168,0.17449843883514404
32169,0.1416123852133751
32170,0.21297432184219361
32171,0.20189589858055115
32172,0.13939782232046127
32173,0.12497400343418122
32174,0.1837477296590805
32175,0.16821935027837753
32176,0.1287282094359398
32177,0.1811160683631897
32178,0.14527982771396636
32179,0.22424432039260864
32180,0.2621356397867203
32181,0.2266098827123642
32182,0.26242401003837584
32183,0.21692562699317933
32184,0.13901010751724244
32185,0.20937388837337495
32186,0.20764168500900268
32187,0.15873179733753204
32188,0.18177492618560792
32189,0.15099127143621444
32190,0.1526217132806778
32191,0.2622116953134537
32192,0.14087447077035903
32193,0.24284526705741882
32194,0.21593174040317537
32195,0.25531602203845977
32196,0.2957820504903793
32197,0.20017796158790588
32198,0.19648133516311644
32199,0.19834040701389313
32200,0.21414683759212494
32201,0.17693139612674713
32202,0.24664113521575928
32203,0.1815704733133316
32204,0.3459134876728058
32205,0.16882143616676332
32206,0.20067771077156066
32207,0.1700349986553192
32208,0.15919193923473357
32209,0.23392491936683654
32210,0.12353288680315018
32211,0.1850105941295624
32212,0.15173800885677338
32213,0.14705092012882232
32214,0.20847093164920807
32215,0.19235453009605408
32216,0.1600111871957779
32217,0.3130051255226135
32218,0.19413373470306397
32219,0.2207756221294403
32220,0.14477251023054122
32221,0.14586114883422852
32222,0.1619880884885788
32223,0.1838637560606003
32224,0.22827825844287872
32225,0.208905890583992
32226,0.24119758009910583
32227,0.18050958812236786
32228,0.1902216464281082
32229,0.18072789311408996
32230,0.157830873131752
32231,0.1913423001766205
32232,0.20584235191345215
32233,0.23742407262325288
32234,0.24752804934978484
32235,0.22214955985546112
32236,0.2658130288124084
32237,0.23975775837898256
32238,0.16074734926223755
32239,0.13351857364177705
32240,0.14314371347427368
32241,0.24483420848846435
32242,0.27099441885948183
32243,0.18676120936870574
32244,0.18130030632019042
32245,0.17928070724010467
32246,0.18025264143943787
32247,0.17764752507209777
32248,0.1355202540755272
32249,0.15868201553821565
32250,0.17967776358127593
32251,0.23980896472930907
32252,0.12957006692886353
32253,0.18810353577136993
32254,0.162029629945755
32255,0.19325907230377198
32256,0.1563364088535309
32257,0.23206642866134644
32258,0.29482648372650144
32259,0.21537052392959594
32260,0.1596817433834076
32261,0.1798638492822647
32262,0.16379885673522948
32263,0.13775057047605516
32264,0.23444628417491914
32265,0.2168797016143799
32266,0.2150070607662201
32267,0.2380325049161911
32268,0.18819162100553513
32269,0.13824949711561202
32270,0.1547878697514534
32271,0.20543982088565826
32272,0.2621186703443527
32273,0.25538122057914736
32274,0.13628951460123062
32275,0.20225873589515686
32276,0.19700852632522584
32277,0.1858690619468689
32278,0.31575427055358884
32279,0.17646058201789855
32280,0.32739884257316587
32281,0.24476880133152007
32282,0.12127133160829544
32283,0.13547197133302688
32284,0.15151013433933258
32285,0.17581548988819123
32286,0.2265975683927536
32287,0.13713472038507463
32288,0.21900064647197723
32289,0.16899872124195098
32290,0.17547264993190764
32291,0.17381007969379425
32292,0.2602389007806778
32293,0.21330154836177825
32294,0.15090649724006652
32295,0.2146010398864746
32296,0.15362052023410797
32297,0.1605343699455261
32298,0.17079499661922454
32299,0.1929401248693466
32300,0.20451398491859435
32301,0.1856747329235077
32302,0.15246863216161727
32303,0.14123017638921737
32304,0.2915353536605835
32305,0.27461073398590086
32306,0.1903191477060318
32307,0.15164851844310762
32308,0.19106340110301973
32309,0.14405452758073806
32310,0.17104620039463042
32311,0.17417610585689544
32312,0.17208081483840942
32313,0.24936152398586273
32314,0.2035308748483658
32315,0.11759520322084427
32316,0.20935589969158172
32317,0.22313372492790223
32318,0.15445837378501892
32319,0.24251615703105928
32320,0.13825974017381668
32321,0.1348767876625061
32322,0.20902274549007416
32323,0.2029951274394989
32324,0.16226147711277009
32325,0.26998327374458314
32326,0.2137955069541931
32327,0.22400656044483186
32328,0.27554649114608765
32329,0.3185699224472046
32330,0.12759309262037277
32331,0.1497071459889412
32332,0.14330290108919144
32333,0.24989460706710814
32334,0.18265171647071837
32335,0.11655962765216828
32336,0.16132356226444244
32337,0.27330830693244934
32338,0.16123870611190796
32339,0.18712612092494965
32340,0.27959286272525785
32341,0.2604618966579437
32342,0.1578805148601532
32343,0.21465924978256226
32344,0.14788970947265626
32345,0.14173102080821992
32346,0.17251099944114684
32347,0.22856312692165376
32348,0.15085828602313994
32349,0.24234409630298615
32350,0.13583612889051438
32351,0.17027325332164764
32352,0.18116311728954315
32353,0.19446004927158356
32354,0.16410342305898667
32355,0.15457423776388168
32356,0.20240915417671204
32357,0.180389142036438
32358,0.3128043472766876
32359,0.25967285633087156
32360,0.20185703337192534
32361,0.17282221615314483
32362,0.25043024122714996
32363,0.1861375093460083
32364,0.2560005247592926
32365,0.2628270506858826
32366,0.13855727016925812
32367,0.25020373463630674
32368,0.24087446928024292
32369,0.14424041360616685
32370,0.1391083613038063
32371,0.1246783971786499
32372,0.17650917172431946
32373,0.28929702639579774
32374,0.15759239792823793
32375,0.161795736849308
32376,0.15686894655227662
32377,0.24138521552085876
32378,0.25121591687202455
32379,0.17361895143985748
32380,0.17189772725105285
32381,0.1601357638835907
32382,0.20896534025669097
32383,0.21290232241153717
32384,0.23645675778388978
32385,0.14878056347370147
32386,0.14931419640779495
32387,0.238540580868721
32388,0.12746212184429168
32389,0.20785129070281982
32390,0.17421192526817322
32391,0.2764732986688614
32392,0.18434479534626008
32393,0.15066372454166413
32394,0.16768647730350494
32395,0.13014072477817534
32396,0.3046515852212906
32397,0.21064957976341248
32398,0.1474095642566681
32399,0.13516904711723327
32400,0.19874094426631927
32401,0.20795445442199706
32402,0.21992355287075044
32403,0.19508354365825653
32404,0.13933870047330857
32405,0.1718096524477005
32406,0.13264774680137634
32407,0.35032784938812256
32408,0.1999356061220169
32409,0.24844170212745667
32410,0.2284263014793396
32411,0.19381880164146423
32412,0.20519143342971802
32413,0.23822376132011414
32414,0.21334264874458314
32415,0.1650227963924408
32416,0.1496589109301567
32417,0.16812084317207338
32418,0.26046244204044344
32419,0.29945936501026155
32420,0.14572952836751937
32421,0.2529208153486252
32422,0.20589356422424315
32423,0.20896604061126708
32424,0.23712023496627807
32425,0.2447340279817581
32426,0.19812289178371428
32427,0.14719748497009277
32428,0.18190677165985109
32429,0.173862960934639
32430,0.1797397702932358
32431,0.24307971596717834
32432,0.22808879911899566
32433,0.29698223173618316
32434,0.21543640196323394
32435,0.22864339351654053
32436,0.20288173854351044
32437,0.1947035998106003
32438,0.21677961349487304
32439,0.14924687147140503
32440,0.15371297001838685
32441,0.2110860288143158
32442,0.2920915484428406
32443,0.33748074769973757
32444,0.20568547248840333
32445,0.2072599858045578
32446,0.15327058732509613
32447,0.15438947677612305
32448,0.16001958549022674
32449,0.13158840537071229
32450,0.18684903383255005
32451,0.22027892172336577
32452,0.1229993999004364
32453,0.20801641643047333
32454,0.17691012769937514
32455,0.13685457408428192
32456,0.1899927020072937
32457,0.16799184679985046
32458,0.1689251720905304
32459,0.18920913934707642
32460,0.11499868482351303
32461,0.1551072597503662
32462,0.14783951342105867
32463,0.21344935297966003
32464,0.20482514798641205
32465,0.22305173575878143
32466,0.18635942041873932
32467,0.19849315285682678
32468,0.10789254456758499
32469,0.16710285246372222
32470,0.28859739303588866
32471,0.13276811689138412
32472,0.14946216344833374
32473,0.17119223177433013
32474,0.14123692065477372
32475,0.2611935704946518
32476,0.19675853848457336
32477,0.17397917211055755
32478,0.30875250697135925
32479,0.12969236224889755
32480,0.14860994517803192
32481,0.16692008078098297
32482,0.2476190984249115
32483,0.2292920470237732
32484,0.16319112479686737
32485,0.23633114397525787
32486,0.1377614051103592
32487,0.17802276760339736
32488,0.17377131581306457
32489,0.203160884976387
32490,0.1907826393842697
32491,0.14946209788322448
32492,0.19132617712020875
32493,0.24656098783016206
32494,0.2831284761428833
32495,0.23275256752967835
32496,0.2364640861749649
32497,0.16507136821746826
32498,0.1788147509098053
32499,0.22335350513458252
32500,0.24941519796848297
32501,0.2433875620365143
32502,0.17614960074424743
32503,0.1222316011786461
32504,0.17169364392757416
32505,0.14978352785110474
32506,0.16074677109718322
32507,0.13006916791200637
32508,0.24518787264823913
32509,0.14502297937870026
32510,0.20841424763202668
32511,0.2096424013376236
32512,0.2636427879333496
32513,0.19551139175891877
32514,0.18046848624944686
32515,0.16996015310287477
32516,0.19576065242290497
32517,0.252997562289238
32518,0.1910801649093628
32519,0.2397532880306244
32520,0.16759030520915985
32521,0.2261860966682434
32522,0.3148267865180969
32523,0.14588819742202758
32524,0.22247686088085175
32525,0.12983590066432954
32526,0.15555281937122345
32527,0.1555062085390091
32528,0.1851810783147812
32529,0.18028414249420166
32530,0.20309941172599794
32531,0.18932501077651978
32532,0.1346080258488655
32533,0.3000993698835373
32534,0.2101133406162262
32535,0.13271457552909852
32536,0.1282900631427765
32537,0.12796605825424195
32538,0.17124879062175752
32539,0.16963518559932708
32540,0.1163974568247795
32541,0.15237893760204316
32542,0.13175096064805986
32543,0.18571925163269043
32544,0.3051934063434601
32545,0.17055025100708007
32546,0.18399606347084047
32547,0.2294248878955841
32548,0.15628453195095063
32549,0.23610740005970002
32550,0.1835637092590332
32551,0.2621934711933136
32552,0.15444611012935638
32553,0.19004277884960175
32554,0.18795886039733886
32555,0.14831635355949402
32556,0.2298024922609329
32557,0.33570263385772703
32558,0.25065176486968993
32559,0.23962878584861755
32560,0.18042948246002197
32561,0.15127641558647156
32562,0.22790507972240448
32563,0.24324106574058532
32564,0.2307465612888336
32565,0.2766479253768921
32566,0.16134972274303436
32567,0.21268222033977507
32568,0.1647161900997162
32569,0.20774356424808502
32570,0.14987495839595794
32571,0.15994472801685333
32572,0.26094758212566377
32573,0.20341328382492066
32574,0.14049674272537233
32575,0.32096216082572937
32576,0.21241917908191682
32577,0.21692727506160736
32578,0.17494858503341676
32579,0.18249890208244324
32580,0.2208745986223221
32581,0.08937080651521682
32582,0.22912521064281463
32583,0.2079091787338257
32584,0.18160324692726135
32585,0.20727717280387878
32586,0.16741566061973573
32587,0.18837116658687592
32588,0.1701691448688507
32589,0.2003060519695282
32590,0.18482151329517366
32591,0.18222505152225493
32592,0.2206775039434433
32593,0.18505444824695588
32594,0.16079875230789184
32595,0.1653642863035202
32596,0.22753266394138336
32597,0.13056035935878754
32598,0.14865705966949463
32599,0.24035678207874298
32600,0.1881716936826706
32601,0.1933376133441925
32602,0.16353927552700043
32603,0.1773596853017807
32604,0.1757916033267975
32605,0.1667480319738388
32606,0.2594945341348648
32607,0.19074780642986297
32608,0.15164824426174164
32609,0.234258434176445
32610,0.15641288459300995
32611,0.2697881072759628
32612,0.1787407487630844
32613,0.11743393540382385
32614,0.15332185924053193
32615,0.16605356931686402
32616,0.3093827486038208
32617,0.33099151253700254
32618,0.18548037111759186
32619,0.2715815454721451
32620,0.23029119074344634
32621,0.18805883228778839
32622,0.19848252534866334
32623,0.16101493090391159
32624,0.1601626068353653
32625,0.18526087701320648
32626,0.22236230969429016
32627,0.22939001619815827
32628,0.2011870950460434
32629,0.22786486744880677
32630,0.18389026820659637
32631,0.18018752336502075
32632,0.25071688294410704
32633,0.13415809124708175
32634,0.19789268374443053
32635,0.2090542882680893
32636,0.15492382943630217
32637,0.24631710350513458
32638,0.20229515731334685
32639,0.22560778260231018
32640,0.2254154235124588
32641,0.1198221430182457
32642,0.20854689180850983
32643,0.2246642976999283
32644,0.24225710928440095
32645,0.1597768783569336
32646,0.2596248954534531
32647,0.14385649859905242
32648,0.23524585664272307
32649,0.14047673642635344
32650,0.11703181862831116
32651,0.20883732736110688
32652,0.20556433796882628
32653,0.20864651203155518
32654,0.15792348980903625
32655,0.24306809306144714
32656,0.24003793001174928
32657,0.221841299533844
32658,0.2918692708015442
32659,0.16640536487102509
32660,0.23678401708602906
32661,0.20138274133205414
32662,0.16502749025821686
32663,0.14692943990230561
32664,0.1573361188173294
32665,0.29692023396492007
32666,0.216875621676445
32667,0.23147881627082825
32668,0.2602369040250778
32669,0.2296862632036209
32670,0.1803329735994339
32671,0.13808075487613677
32672,0.15516023933887482
32673,0.1548483341932297
32674,0.21774344742298127
32675,0.2109016865491867
32676,0.21955852210521698
32677,0.2419394373893738
32678,0.1451159954071045
32679,0.19510195553302764
32680,0.19413130283355712
32681,0.12155801951885223
32682,0.16834225356578827
32683,0.26806625425815583
32684,0.19857240319252015
32685,0.20461811125278473
32686,0.20865896642208098
32687,0.14786821305751802
32688,0.19135084748268127
32689,0.1220663458108902
32690,0.13287705183029175
32691,0.1906598538160324
32692,0.21306285560131072
32693,0.13810571879148484
32694,0.1288762867450714
32695,0.15014865398406982
32696,0.21797773241996765
32697,0.20486375391483308
32698,0.2922640204429626
32699,0.15434202551841736
32700,0.19052740633487703
32701,0.18126948177814484
32702,0.13074155151844025
32703,0.14714293479919432
32704,0.18978093266487123
32705,0.1688116103410721
32706,0.1850979059934616
32707,0.22678068280220032
32708,0.17237356007099153
32709,0.20634772777557372
32710,0.20480861961841584
32711,0.21473319828510284
32712,0.18127669990062714
32713,0.20945310592651367
32714,0.18358446657657623
32715,0.2758318424224854
32716,0.18451729714870452
32717,0.2570760488510132
32718,0.13600756078958512
32719,0.27672035098075864
32720,0.2265113264322281
32721,0.1966676741838455
32722,0.24064557552337645
32723,0.26016194820404054
32724,0.15103859901428224
32725,0.20479489266872405
32726,0.21455103754997254
32727,0.1597878724336624
32728,0.22304275631904602
32729,0.2630054384469986
32730,0.1429052397608757
32731,0.12542260736227034
32732,0.21060546934604646
32733,0.29763234257698057
32734,0.27532061338424685
32735,0.19616799652576447
32736,0.12145985662937164
32737,0.2167394369840622
32738,0.16819799542427064
32739,0.1841350317001343
32740,0.13187588155269622
32741,0.2330402225255966
32742,0.13576476275920868
32743,0.19238873124122619
32744,0.2651665598154068
32745,0.18230096399784088
32746,0.18573329150676726
32747,0.2495244711637497
32748,0.2016084909439087
32749,0.1723189413547516
32750,0.16995268166065217
32751,0.22916678786277772
32752,0.23465102463960646
32753,0.2035760462284088
32754,0.1306402176618576
32755,0.17268700897693634
32756,0.2247296839952469
32757,0.20479996800422667
32758,0.14876349568367003
32759,0.18164370357990264
32760,0.17546769380569457
32761,0.14802495688199996
32762,0.2095312774181366
32763,0.15393431186676027
32764,0.11794638633728027
32765,0.35604915022850037
32766,0.16039021760225297
32767,0.15423318594694138
32768,0.18231051564216613
32769,0.14398955553770065
32770,0.3068219363689423
32771,0.1975865513086319
32772,0.22090117037296295
32773,0.2814051270484924
32774,0.15368023812770842
32775,0.23391979932785034
32776,0.21474623680114746
32777,0.15453630685806274
32778,0.22002028822898864
32779,0.2602913439273834
32780,0.21223666965961457
32781,0.19422686696052552
32782,0.14885956645011902
32783,0.24845849871635436
32784,0.21965314745903014
32785,0.21395512223243712
32786,0.3245636701583862
32787,0.19477241039276122
32788,0.1682467669248581
32789,0.2901049554347992
32790,0.14473048746585845
32791,0.1567105084657669
32792,0.23399780988693236
32793,0.16771719753742217
32794,0.19668691456317902
32795,0.147102427482605
32796,0.19292922914028168
32797,0.22494931519031525
32798,0.14433268904685975
32799,0.19710485339164735
32800,0.14539371877908708
32801,0.16077875196933747
32802,0.1647894039750099
32803,0.20585725903511048
32804,0.23352630734443663
32805,0.16094293296337128
32806,0.19181272089481355
32807,0.23257454335689545
32808,0.23305102586746215
32809,0.14600891768932342
32810,0.2809555411338806
32811,0.16242229640483857
32812,0.22295084595680237
32813,0.2547831654548645
32814,0.21757943630218507
32815,0.2193792849779129
32816,0.17278995513916015
32817,0.11191022992134095
32818,0.212696373462677
32819,0.19032841622829438
32820,0.26573185324668885
32821,0.24372856616973876
32822,0.22847585678100585
32823,0.1968880385160446
32824,0.26224762499332427
32825,0.18991310894489288
32826,0.16892067193984986
32827,0.3158494532108307
32828,0.19532928764820098
32829,0.23698681890964507
32830,0.1928575485944748
32831,0.20415956377983094
32832,0.19875251054763793
32833,0.15586898922920228
32834,0.24850469529628755
32835,0.15378673672676085
32836,0.3097812652587891
32837,0.2770454913377762
32838,0.1600189745426178
32839,0.21739421784877777
32840,0.21644528806209565
32841,0.16949062347412108
32842,0.18876468539237976
32843,0.1728866621851921
32844,0.1715644270181656
32845,0.22337747514247894
32846,0.1620483309030533
32847,0.18889510184526442
32848,0.2310589462518692
32849,0.29335994124412534
32850,0.14590907990932464
32851,0.1414323106408119
32852,0.177708300948143
32853,0.18153145015239716
32854,0.3217555820941925
32855,0.25521720945835114
32856,0.16001288294792176
32857,0.18214176893234252
32858,0.1929198294878006
32859,0.26606395840644836
32860,0.17012012004852295
32861,0.21883385181427
32862,0.1938343584537506
32863,0.23258799016475679
32864,0.20013372004032134
32865,0.2049143821001053
32866,0.25768589973449707
32867,0.14925797879695893
32868,0.2981859862804413
32869,0.17676468193531036
32870,0.217784383893013
32871,0.1463971510529518
32872,0.21620664298534392
32873,0.21441884636878966
32874,0.16592677235603331
32875,0.23544903397560119
32876,0.16647307872772216
32877,0.1938040465116501
32878,0.20197217166423798
32879,0.25713190734386443
32880,0.23928089439868927
32881,0.1782976508140564
32882,0.1496417909860611
32883,0.13655426055192948
32884,0.24974710941314698
32885,0.2083490490913391
32886,0.12347011417150497
32887,0.20590603053569795
32888,0.1785068094730377
32889,0.24351073503494264
32890,0.136631578207016
32891,0.15161322355270385
32892,0.23474060893058776
32893,0.16234464645385743
32894,0.2030697137117386
32895,0.11954879015684128
32896,0.23773448169231415
32897,0.22394636571407317
32898,0.20236082077026368
32899,0.2888077676296234
32900,0.31134254336357114
32901,0.21570724844932557
32902,0.21836383640766144
32903,0.13495129197835923
32904,0.17055118083953857
32905,0.12959719598293304
32906,0.11016536653041839
32907,0.2032598525285721
32908,0.18959179222583772
32909,0.20638790726661682
32910,0.14869887828826905
32911,0.26880296766757966
32912,0.30547902584075926
32913,0.22396460473537444
32914,0.15647881776094436
32915,0.2096690058708191
32916,0.2310001790523529
32917,0.20227198898792267
32918,0.15284473150968553
32919,0.25351603627204894
32920,0.24168855249881743
32921,0.17424743473529816
32922,0.2333049327135086
32923,0.24094111919403077
32924,0.21575568318367006
32925,0.10520521849393845
32926,0.212702676653862
32927,0.19074563980102538
32928,0.1641305387020111
32929,0.17790782153606416
32930,0.29920388460159303
32931,0.1519850879907608
32932,0.13657307922840117
32933,0.18252381086349487
32934,0.22857164442539216
32935,0.22115003168582917
32936,0.14931758344173432
32937,0.24464469254016877
32938,0.2416643112897873
32939,0.24980968832969666
32940,0.19034863412380218
32941,0.12257609367370606
32942,0.19704606533050537
32943,0.19701898396015166
32944,0.2661554992198944
32945,0.1882852017879486
32946,0.22468196451663972
32947,0.27478708028793336
32948,0.16069164872169495
32949,0.23131999671459197
32950,0.31283060908317567
32951,0.1803067535161972
32952,0.21310883164405822
32953,0.1441433995962143
32954,0.14471117109060289
32955,0.20991883873939515
32956,0.23448390513658524
32957,0.19630313217639922
32958,0.13175105601549147
32959,0.15396055579185486
32960,0.19348250925540925
32961,0.20599249601364136
32962,0.19823244512081145
32963,0.16685598194599152
32964,0.1277472898364067
32965,0.20815369784832
32966,0.23268151879310608
32967,0.17940892279148102
32968,0.2100188434123993
32969,0.2040219336748123
32970,0.16881644427776338
32971,0.14061003029346467
32972,0.18468978703022004
32973,0.1961418002843857
32974,0.276779767870903
32975,0.17390939295291902
32976,0.20346959829330444
32977,0.1579110711812973
32978,0.1489406108856201
32979,0.17044657468795776
32980,0.24620020985603333
32981,0.13062683939933778
32982,0.21835290193557738
32983,0.2674634218215942
32984,0.2226465731859207
32985,0.14506841003894805
32986,0.231525719165802
32987,0.21590607166290282
32988,0.23124111592769622
32989,0.18501619696617128
32990,0.14326691627502441
32991,0.21720314025878906
32992,0.19483859837055206
32993,0.2266600549221039
32994,0.1271740287542343
32995,0.16850136518478392
32996,0.15975962281227113
32997,0.20861154198646545
32998,0.29474154114723206
32999,0.20603168308734893
33000,0.15726416409015656
33001,0.22149214446544646
33002,0.18706511855125427
33003,0.20622497498989106
33004,0.21255033314228058
33005,0.22745611965656282
33006,0.14994583129882813
33007,0.1979244738817215
33008,0.17886752784252166
33009,0.21939074695110322
33010,0.2998033344745636
33011,0.1566152036190033
33012,0.14733222723007203
33013,0.17101042568683625
33014,0.20881415009498597
33015,0.14641527682542801
33016,0.23146432638168335
33017,0.22002167105674744
33018,0.1936170607805252
33019,0.22472717463970185
33020,0.25619910955429076
33021,0.2539190173149109
33022,0.16442708671092987
33023,0.22478550374507905
33024,0.2532979279756546
33025,0.18322717249393464
33026,0.21426251530647278
33027,0.16785042434930803
33028,0.222001913189888
33029,0.1939381867647171
33030,0.10563746988773345
33031,0.17295660376548766
33032,0.23878632485866547
33033,0.3223427474498749
33034,0.23796822428703307
33035,0.24068935811519623
33036,0.2606922447681427
33037,0.25470539927482605
33038,0.1297907590866089
33039,0.17534393072128296
33040,0.2537862569093704
33041,0.17261798083782195
33042,0.18644279837608338
33043,0.2578789919614792
33044,0.1264800876379013
33045,0.16797523200511932
33046,0.1310912176966667
33047,0.2319466382265091
33048,0.15115933418273925
33049,0.190732678771019
33050,0.20158291161060332
33051,0.21470457315444946
33052,0.13999326676130294
33053,0.23191313445568085
33054,0.14366661459207536
33055,0.15925634801387786
33056,0.22356584668159485
33057,0.17259590327739716
33058,0.16728162467479707
33059,0.1796262502670288
33060,0.22274543344974518
33061,0.3372451186180115
33062,0.22209346890449524
33063,0.16658474504947662
33064,0.20347973108291625
33065,0.17334375977516175
33066,0.1925449252128601
33067,0.12236773073673249
33068,0.13675856292247773
33069,0.15783231258392333
33070,0.1986352503299713
33071,0.3145401358604431
33072,0.2117502957582474
33073,0.2404132753610611
33074,0.14242122769355775
33075,0.19844708144664763
33076,0.22533411979675294
33077,0.24916084706783295
33078,0.24853659868240358
33079,0.2210926294326782
33080,0.14686779230833052
33081,0.22531807124614717
33082,0.1753017783164978
33083,0.2808787703514099
33084,0.1785224884748459
33085,0.1872618556022644
33086,0.25289362370967866
33087,0.20684054791927337
33088,0.21912655234336853
33089,0.188200181722641
33090,0.20921699106693267
33091,0.1856030523777008
33092,0.19198518693447114
33093,0.18348039388656617
33094,0.20000440776348113
33095,0.19404680728912355
33096,0.17467899918556212
33097,0.21076388657093048
33098,0.18693096786737443
33099,0.17272877991199492
33100,0.2037293016910553
33101,0.21011303961277009
33102,0.14188039153814316
33103,0.2102278858423233
33104,0.15306128263473512
33105,0.19646120071411133
33106,0.1907443732023239
33107,0.1984697997570038
33108,0.20035928785800933
33109,0.15798370838165282
33110,0.19079962372779846
33111,0.18932774662971497
33112,0.17320578694343566
33113,0.22885304987430571
33114,0.2737505197525024
33115,0.24150319993495942
33116,0.13037028312683105
33117,0.16868182718753816
33118,0.17664187252521515
33119,0.22333103716373442
33120,0.15511966347694398
33121,0.12584894746541977
33122,0.22925586998462677
33123,0.33420992493629453
33124,0.1309731662273407
33125,0.20605689883232117
33126,0.23534004390239716
33127,0.17853322327136995
33128,0.20562223792076112
33129,0.15839559733867645
33130,0.19486894607543945
33131,0.14910613298416137
33132,0.23075331449508668
33133,0.272045373916626
33134,0.1897607773542404
33135,0.19055748283863067
33136,0.10588805228471757
33137,0.183806973695755
33138,0.15353487730026244
33139,0.18513951897621156
33140,0.29747162461280824
33141,0.1762111634016037
33142,0.28693399727344515
33143,0.1592225030064583
33144,0.2369859993457794
33145,0.280943837761879
33146,0.2840570092201233
33147,0.19547797739505768
33148,0.20279284119606017
33149,0.23793905079364777
33150,0.2508551925420761
33151,0.14561110138893127
33152,0.18485760688781738
33153,0.15770320296287538
33154,0.23303250074386597
33155,0.20191616415977479
33156,0.22685617804527283
33157,0.10621975362300873
33158,0.1792507439851761
33159,0.23200741410255432
33160,0.19892606437206267
33161,0.18152618408203125
33162,0.20562174320220947
33163,0.3077820122241974
33164,0.24751889407634736
33165,0.21569456160068512
33166,0.2090177983045578
33167,0.15728956162929536
33168,0.2386515736579895
33169,0.13599019199609758
33170,0.23949334621429444
33171,0.19224583208560944
33172,0.19877703487873077
33173,0.22507538497447968
33174,0.2183740884065628
33175,0.1558731973171234
33176,0.2820768356323242
33177,0.22648025751113893
33178,0.1208832949399948
33179,0.14302530735731125
33180,0.22812679708003997
33181,0.13124090433120728
33182,0.13940058797597885
33183,0.24690170884132384
33184,0.1910938799381256
33185,0.16873787939548493
33186,0.15778759717941285
33187,0.1951954960823059
33188,0.14209983348846436
33189,0.17589343190193177
33190,0.178431835770607
33191,0.2705279737710953
33192,0.19190703332424164
33193,0.1982265144586563
33194,0.2746797204017639
33195,0.17377308905124664
33196,0.15221318006515502
33197,0.3237728178501129
33198,0.2757163941860199
33199,0.33522475957870485
33200,0.17967739403247834
33201,0.3219195991754532
33202,0.1615104705095291
33203,0.1443456381559372
33204,0.20098127126693727
33205,0.24017568826675414
33206,0.2111360102891922
33207,0.169888836145401
33208,0.1606983095407486
33209,0.18732005059719087
33210,0.21557269096374512
33211,0.19974818527698518
33212,0.14414158314466477
33213,0.13047033548355103
33214,0.17141167521476747
33215,0.2493182122707367
33216,0.1837374210357666
33217,0.2167450100183487
33218,0.15919461250305175
33219,0.2018125593662262
33220,0.214678356051445
33221,0.1878449499607086
33222,0.24548173546791077
33223,0.19210316836833954
33224,0.24042049646377564
33225,0.12744866013526918
33226,0.21066087782382964
33227,0.20609585344791412
33228,0.14752470552921296
33229,0.22258212864398957
33230,0.25434198379516604
33231,0.13786874264478682
33232,0.1430800065398216
33233,0.25162324607372283
33234,0.17062579691410065
33235,0.19492025971412658
33236,0.17800608277320862
33237,0.29814085364341736
33238,0.22456069886684418
33239,0.1727321594953537
33240,0.2322394907474518
33241,0.21763457655906676
33242,0.26141824424266813
33243,0.3022567003965378
33244,0.23398064374923705
33245,0.19329818785190583
33246,0.2292388767004013
33247,0.23750578761100768
33248,0.16650195121765138
33249,0.2018983967602253
33250,0.12120467275381089
33251,0.26937920451164243
33252,0.19877159893512725
33253,0.15743542909622193
33254,0.2656633287668228
33255,0.21991053819656373
33256,0.1814044803380966
33257,0.1642061650753021
33258,0.26002857387065886
33259,0.22377867698669435
33260,0.17613568305969238
33261,0.19049035608768464
33262,0.19338735342025756
33263,0.24906374514102936
33264,0.24966627955436707
33265,0.2459283709526062
33266,0.2015026777982712
33267,0.20184109210968018
33268,0.1614473581314087
33269,0.2272862046957016
33270,0.23852497339248657
33271,0.16218823492527007
33272,0.2293688625097275
33273,0.1866802155971527
33274,0.17293724417686462
33275,0.16980950832366942
33276,0.13670458495616913
33277,0.217913481593132
33278,0.21190965473651885
33279,0.27366089820861816
33280,0.20784243643283845
33281,0.1398734539747238
33282,0.18472056686878205
33283,0.16142500936985016
33284,0.13973698318004607
33285,0.16425558626651765
33286,0.12729195207357408
33287,0.350138384103775
33288,0.14691706299781798
33289,0.21474665701389312
33290,0.1921234518289566
33291,0.1856291264295578
33292,0.2683315396308899
33293,0.25860029757022857
33294,0.24485423862934114
33295,0.208917436003685
33296,0.23663797974586487
33297,0.1814048856496811
33298,0.2113542526960373
33299,0.13172202557325363
33300,0.20454600155353547
33301,0.19013501107692718
33302,0.18422253131866456
33303,0.19992149472236634
33304,0.19913328289985657
33305,0.29582622051239016
33306,0.16853106021881104
33307,0.1453944981098175
33308,0.18977989852428437
33309,0.21446933150291442
33310,0.12231790423393249
33311,0.17382254898548127
33312,0.2307077795267105
33313,0.22687889635562897
33314,0.18241310715675355
33315,0.21552948653697968
33316,0.3065865695476532
33317,0.23153188824653625
33318,0.17505518198013306
33319,0.2055375188589096
33320,0.2553285211324692
33321,0.2185559242963791
33322,0.21986028850078582
33323,0.17264503836631775
33324,0.2632236391305923
33325,0.22021887004375457
33326,0.18782432079315187
33327,0.26142351925373075
33328,0.19969758093357087
33329,0.19451553225517274
33330,0.19397002160549165
33331,0.15930508971214294
33332,0.1799673169851303
33333,0.26432681977748873
33334,0.16792064607143403
33335,0.22693654000759125
33336,0.24231774508953094
33337,0.19386398792266846
33338,0.17884232103824615
33339,0.17307669818401336
33340,0.16291295289993285
33341,0.21341735422611235
33342,0.30812556147575376
33343,0.22396138608455657
33344,0.16507337987422943
33345,0.20038832426071168
33346,0.1831781357526779
33347,0.15265585035085677
33348,0.2504137396812439
33349,0.1844116896390915
33350,0.15182002484798432
33351,0.15346871316432953
33352,0.1550333470106125
33353,0.11565442234277726
33354,0.3343627631664276
33355,0.23357618749141693
33356,0.1796044111251831
33357,0.2001364439725876
33358,0.1904230982065201
33359,0.16074168533086777
33360,0.2778759926557541
33361,0.16767433583736419
33362,0.23507684767246245
33363,0.18033315241336823
33364,0.1248327910900116
33365,0.17728463411331177
33366,0.18018413782119752
33367,0.22669076919555664
33368,0.32516448497772216
33369,0.16541021019220353
33370,0.30128459334373475
33371,0.1402919963002205
33372,0.17151086330413817
33373,0.1346786767244339
33374,0.28986517786979676
33375,0.15063267350196838
33376,0.2746907711029053
33377,0.16175371706485747
33378,0.2394627183675766
33379,0.20335212647914885
33380,0.21753349602222444
33381,0.2051252007484436
33382,0.2661758571863174
33383,0.14731231182813645
33384,0.24443915188312532
33385,0.18112878501415253
33386,0.23258810341358185
33387,0.1869922548532486
33388,0.20375444889068603
33389,0.14745842814445495
33390,0.2585643887519836
33391,0.2971559166908264
33392,0.19102779626846314
33393,0.20626167356967925
33394,0.18211595416069032
33395,0.2530581772327423
33396,0.13856385350227357
33397,0.180227655172348
33398,0.11090470850467682
33399,0.3450570285320282
33400,0.1386855274438858
33401,0.2401511013507843
33402,0.2158980369567871
33403,0.1561068892478943
33404,0.23251701295375823
33405,0.17637203633785248
33406,0.22983892261981964
33407,0.19883137941360474
33408,0.18239716291427613
33409,0.21735958456993104
33410,0.15738992094993592
33411,0.15809365808963777
33412,0.21763670444488525
33413,0.1533122718334198
33414,0.21421963572502137
33415,0.1773970365524292
33416,0.18881420493125917
33417,0.3098337471485138
33418,0.212564617395401
33419,0.21944947838783263
33420,0.2189629226922989
33421,0.11148737967014313
33422,0.13144201785326004
33423,0.3011848747730255
33424,0.15178807973861694
33425,0.2255955755710602
33426,0.18040049970149993
33427,0.1812162220478058
33428,0.26306809186935426
33429,0.13700428158044814
33430,0.30523266196250914
33431,0.2375330537557602
33432,0.2865403175354004
33433,0.19293082058429717
33434,0.202521213889122
33435,0.2681792676448822
33436,0.3372582674026489
33437,0.20754068493843078
33438,0.27496419548988343
33439,0.14095207154750825
33440,0.27049402296543124
33441,0.20254867076873778
33442,0.24842245280742645
33443,0.25733235478401184
33444,0.2583883434534073
33445,0.24043956995010377
33446,0.16583876311779022
33447,0.14153865575790406
33448,0.17469110190868378
33449,0.21183537542819977
33450,0.19647422730922698
33451,0.29450465440750123
33452,0.2083937019109726
33453,0.1879357725381851
33454,0.17902904450893403
33455,0.18200831711292267
33456,0.193219131231308
33457,0.16685108542442323
33458,0.15399717390537263
33459,0.148000468313694
33460,0.2954674482345581
33461,0.17114067375659942
33462,0.13533982038497924
33463,0.19892358779907227
33464,0.23954031765460967
33465,0.20312145054340364
33466,0.12414969205856323
33467,0.2174176812171936
33468,0.23643710911273957
33469,0.16142261624336243
33470,0.2226716011762619
33471,0.15647565424442292
33472,0.15518400967121124
33473,0.21426607072353362
33474,0.1965854525566101
33475,0.22502005398273467
33476,0.1916063278913498
33477,0.17995816767215728
33478,0.22794179618358612
33479,0.2231599986553192
33480,0.21542451977729798
33481,0.2660224974155426
33482,0.24550732374191284
33483,0.22786176204681396
33484,0.18567557036876678
33485,0.18182192742824554
33486,0.2726480007171631
33487,0.17522391974925994
33488,0.18010503947734832
33489,0.20166158974170684
33490,0.20242227911949157
33491,0.1970590442419052
33492,0.19446629881858826
33493,0.17356952428817748
33494,0.18853046894073486
33495,0.1658494532108307
33496,0.21160802543163298
33497,0.1920009195804596
33498,0.2462899148464203
33499,0.1566358059644699
33500,0.239598086476326
33501,0.20644943416118622
33502,0.18003174066543579
33503,0.1858050286769867
33504,0.2204070121049881
33505,0.2082278162240982
33506,0.16383407413959503
33507,0.1982362151145935
33508,0.1404482126235962
33509,0.23012216687202453
33510,0.22944724857807158
33511,0.1753372386097908
33512,0.18422717452049256
33513,0.1502650946378708
33514,0.1543074369430542
33515,0.1873147517442703
33516,0.25876585841178895
33517,0.225482377409935
33518,0.22652508020401002
33519,0.14100771695375441
33520,0.13322317004203796
33521,0.2397547721862793
33522,0.18685815930366517
33523,0.19484996795654297
33524,0.16620078682899475
33525,0.1958874374628067
33526,0.22895376682281493
33527,0.23037510216236115
33528,0.2283204138278961
33529,0.2303297907114029
33530,0.32076792418956757
33531,0.2519096612930298
33532,0.21916912794113158
33533,0.14275938868522645
33534,0.25331884920597075
33535,0.29015436172485354
33536,0.1629210203886032
33537,0.16391652226448059
33538,0.13868899941444396
33539,0.1842813640832901
33540,0.1776016801595688
33541,0.20598413348197936
33542,0.17163482904434205
33543,0.2503625124692917
33544,0.31993370652198794
33545,0.2149876445531845
33546,0.12391644865274429
33547,0.14451159685850143
33548,0.20601804852485656
33549,0.21838807463645935
33550,0.2973795533180237
33551,0.1795492649078369
33552,0.15421393215656282
33553,0.20419228076934814
33554,0.13040785044431685
33555,0.1712857484817505
33556,0.18792259693145752
33557,0.1973640114068985
33558,0.2653410166501999
33559,0.19406068325042725
33560,0.18997978270053864
33561,0.20474908351898194
33562,0.22650058269500734
33563,0.22466686069965364
33564,0.16762864887714385
33565,0.28876247704029084
33566,0.2266632080078125
33567,0.26702170372009276
33568,0.16750124990940093
33569,0.18136733770370483
33570,0.24104934930801392
33571,0.16882080137729644
33572,0.2257662147283554
33573,0.23546768128871917
33574,0.15345147848129273
33575,0.29108384549617766
33576,0.20895004272460938
33577,0.16097476482391357
33578,0.28565416038036345
33579,0.16883651316165924
33580,0.22883586287498475
33581,0.12893090695142745
33582,0.24266146421432494
33583,0.24204858839511872
33584,0.17170217931270598
33585,0.22041663229465486
33586,0.15683018863201142
33587,0.16482716500759126
33588,0.13292528688907623
33589,0.20610326528549194
33590,0.21506211459636687
33591,0.1820271760225296
33592,0.31818180084228515
33593,0.22867239117622376
33594,0.2408945381641388
33595,0.19826003909111023
33596,0.17558043599128723
33597,0.2822903335094452
33598,0.25620015561580656
33599,0.26093828678131104
33600,0.14301378279924393
33601,0.22163208127021788
33602,0.25019905865192416
33603,0.19125800728797912
33604,0.16365837752819062
33605,0.1346561536192894
33606,0.20363107919692994
33607,0.13996536880731583
33608,0.14247499108314515
33609,0.21543400287628173
33610,0.1736210823059082
33611,0.3146655857563019
33612,0.21846783757209778
33613,0.29034830927848815
33614,0.24925209283828736
33615,0.21130556166172026
33616,0.2694781690835953
33617,0.1807830363512039
33618,0.1870589405298233
33619,0.17691670358181
33620,0.20181162655353546
33621,0.21076484620571137
33622,0.20675755739212037
33623,0.15657485723495485
33624,0.24039586782455444
33625,0.2214747041463852
33626,0.18035581707954407
33627,0.21199899017810822
33628,0.2703904777765274
33629,0.1892169713973999
33630,0.1171435683965683
33631,0.15927020013332366
33632,0.18733958899974823
33633,0.15867412984371185
33634,0.16352731883525848
33635,0.2137230545282364
33636,0.30873996019363403
33637,0.18173517882823945
33638,0.24800345599651336
33639,0.21957437694072723
33640,0.14988538175821303
33641,0.20472795367240906
33642,0.21194145679473878
33643,0.19188366830348969
33644,0.17601240277290345
33645,0.18776065111160278
33646,0.1981294870376587
33647,0.20925556719303132
33648,0.17727666795253755
33649,0.2006628543138504
33650,0.1733477830886841
33651,0.22829098999500275
33652,0.23361755013465882
33653,0.1825503259897232
33654,0.13204943388700485
33655,0.1765225946903229
33656,0.29128357768058777
33657,0.21224158108234406
33658,0.21435754597187043
33659,0.3082804620265961
33660,0.225734081864357
33661,0.1819529801607132
33662,0.1547223448753357
33663,0.26505239605903624
33664,0.223792228102684
33665,0.1589689791202545
33666,0.1665813982486725
33667,0.20436716973781585
33668,0.14308211654424668
33669,0.27497380375862124
33670,0.2167387157678604
33671,0.20767376124858855
33672,0.18332754373550414
33673,0.2596196383237839
33674,0.15485548377037048
33675,0.2486801564693451
33676,0.17153045237064363
33677,0.16928831934928895
33678,0.2095372498035431
33679,0.19594358205795287
33680,0.2310275226831436
33681,0.17388953864574433
33682,0.23014898002147674
33683,0.17309158444404601
33684,0.25502954721450805
33685,0.21642772555351258
33686,0.185712531208992
33687,0.17016582190990448
33688,0.1384860247373581
33689,0.21954413056373595
33690,0.15501216650009156
33691,0.1945728302001953
33692,0.21673912703990936
33693,0.2026499927043915
33694,0.1893855392932892
33695,0.1945017546415329
33696,0.20528070330619813
33697,0.3227703273296356
33698,0.18357212841510773
33699,0.1545329213142395
33700,0.22371092140674592
33701,0.2891911804676056
33702,0.2543160617351532
33703,0.1569736897945404
33704,0.1960081785917282
33705,0.20481765568256377
33706,0.2678174763917923
33707,0.2231854647397995
33708,0.14100764691829681
33709,0.20105253159999847
33710,0.17287922501564026
33711,0.1452638253569603
33712,0.2795484304428101
33713,0.14680653661489487
33714,0.18956761062145233
33715,0.19776605069637299
33716,0.15319344103336335
33717,0.14182018786668776
33718,0.1901632070541382
33719,0.19643688201904297
33720,0.1974491536617279
33721,0.29074146747589114
33722,0.1990608960390091
33723,0.1775498867034912
33724,0.2780155807733536
33725,0.20376670062541963
33726,0.2139330744743347
33727,0.12443828135728836
33728,0.24438696205615998
33729,0.23784126937389374
33730,0.15868776738643647
33731,0.14690429270267485
33732,0.18260244131088257
33733,0.27927324175834656
33734,0.21337341368198395
33735,0.13359029591083527
33736,0.1974517971277237
33737,0.21371186375617982
33738,0.19871407151222228
33739,0.15799184888601303
33740,0.21969294548034668
33741,0.2642130345106125
33742,0.15309880971908568
33743,0.13596073687076568
33744,0.2580691516399384
33745,0.13851404786109925
33746,0.16223443448543548
33747,0.19247537851333618
33748,0.248606139421463
33749,0.17173402309417723
33750,0.24851759076118468
33751,0.18781186640262604
33752,0.14961690753698348
33753,0.12000663727521896
33754,0.24536229968070983
33755,0.23433251678943634
33756,0.18570334911346437
33757,0.23454011976718903
33758,0.1724919706583023
33759,0.18432635068893433
33760,0.25850838124752046
33761,0.1651893824338913
33762,0.18935047686100007
33763,0.2313721090555191
33764,0.3027696669101715
33765,0.18931631445884706
33766,0.2036767929792404
33767,0.1822794109582901
33768,0.21399050652980806
33769,0.13245829194784164
33770,0.0918564774096012
33771,0.1958366811275482
33772,0.1882827550172806
33773,0.1587568610906601
33774,0.20539564192295073
33775,0.13309025168418884
33776,0.1575398176908493
33777,0.1771763175725937
33778,0.1940458744764328
33779,0.14015581905841829
33780,0.262465238571167
33781,0.18224749565124512
33782,0.224476221203804
33783,0.15935024321079255
33784,0.20687732696533204
33785,0.2569821536540985
33786,0.1817449301481247
33787,0.15059000849723816
33788,0.16176187992095947
33789,0.18426116108894347
33790,0.2152656227350235
33791,0.12963918447494507
33792,0.2413431942462921
33793,0.2145760774612427
33794,0.23792694211006166
33795,0.2368087202310562
33796,0.17385822236537934
33797,0.18963308930397033
33798,0.31516278386116026
33799,0.12902690321207047
33800,0.22654296457767487
33801,0.2031913846731186
33802,0.2949398458003998
33803,0.23306689858436586
33804,0.27080405950546266
33805,0.2407617002725601
33806,0.22084932029247284
33807,0.22251272201538086
33808,0.23102856278419495
33809,0.14098671674728394
33810,0.1979994595050812
33811,0.18651122748851776
33812,0.14999422281980515
33813,0.12215086072683334
33814,0.13323180079460145
33815,0.1863804578781128
33816,0.13138879537582399
33817,0.2158371776342392
33818,0.19031488597393037
33819,0.18197574019432067
33820,0.17423695027828218
33821,0.22370710372924804
33822,0.18942789733409882
33823,0.16787366569042206
33824,0.2415553390979767
33825,0.2013528823852539
33826,0.2840254545211792
33827,0.16142796277999877
33828,0.2833343893289566
33829,0.20079212486743928
33830,0.1723221331834793
33831,0.13508676290512084
33832,0.2663788110017776
33833,0.29130937457084655
33834,0.15322227776050568
33835,0.23293935358524323
33836,0.20984497368335725
33837,0.2192520260810852
33838,0.22008990049362182
33839,0.16964647471904754
33840,0.18699871301651
33841,0.25711938738822937
33842,0.2640967756509781
33843,0.24296852052211762
33844,0.20718805491924286
33845,0.20269453525543213
33846,0.177821147441864
33847,0.20815213918685913
33848,0.14846045523881912
33849,0.1840362548828125
33850,0.19226087629795074
33851,0.16691649258136748
33852,0.1704956829547882
33853,0.25091035664081573
33854,0.205200257897377
33855,0.15704240798950195
33856,0.14500838071107863
33857,0.2274178981781006
33858,0.16844820082187653
33859,0.1422041743993759
33860,0.2779316842556
33861,0.2649924010038376
33862,0.23155708611011505
33863,0.18176578283309935
33864,0.25568119883537294
33865,0.2720591127872467
33866,0.25164282619953154
33867,0.14070867151021957
33868,0.1274655506014824
33869,0.1355709984898567
33870,0.2151092231273651
33871,0.14586373865604402
33872,0.2883152306079865
33873,0.19333725273609162
33874,0.19089923799037933
33875,0.25754995346069337
33876,0.15252543985843658
33877,0.18127172589302062
33878,0.19646917581558226
33879,0.13178839385509492
33880,0.2051878571510315
33881,0.15125389397144318
33882,0.17683837711811065
33883,0.20159955322742462
33884,0.23700112700462342
33885,0.12240485399961472
33886,0.1890210658311844
33887,0.23961388170719147
33888,0.230328705906868
33889,0.16852377653121947
33890,0.19552431702613832
33891,0.14544494748115538
33892,0.14568313658237458
33893,0.2743941456079483
33894,0.19409363269805907
33895,0.1678105652332306
33896,0.2215280055999756
33897,0.25410222113132475
33898,0.2832996904850006
33899,0.1638556331396103
33900,0.1722095251083374
33901,0.18905324041843413
33902,0.22669426202774048
33903,0.1404917135834694
33904,0.14325831085443497
33905,0.20214832723140716
33906,0.1291140705347061
33907,0.27598896324634553
33908,0.11117849647998809
33909,0.179531466960907
33910,0.28593242466449736
33911,0.12881750762462615
33912,0.16800351440906525
33913,0.15787501037120819
33914,0.21095795631408693
33915,0.13779983520507813
33916,0.17896946668624877
33917,0.20115289986133575
33918,0.2623893260955811
33919,0.208797425031662
33920,0.15140862464904786
33921,0.15086214244365692
33922,0.2000407576560974
33923,0.19242410957813263
33924,0.26254812479019163
33925,0.2394333302974701
33926,0.26104940176010133
33927,0.2000483751296997
33928,0.16620249748229982
33929,0.16008600890636443
33930,0.27069900929927826
33931,0.16675129532814026
33932,0.20707450211048126
33933,0.27167514264583587
33934,0.1703837811946869
33935,0.22867389321327208
33936,0.16848767995834352
33937,0.19150959253311156
33938,0.15475597977638245
33939,0.1991696387529373
33940,0.2671375125646591
33941,0.2097580462694168
33942,0.176706662774086
33943,0.24898722469806672
33944,0.13642200082540512
33945,0.2628269374370575
33946,0.20515501499176025
33947,0.31782966256141665
33948,0.22447668612003327
33949,0.16730886697769165
33950,0.19872477650642395
33951,0.23362890779972076
33952,0.11248907744884491
33953,0.2007850170135498
33954,0.15502126067876815
33955,0.18313295543193817
33956,0.17540281116962433
33957,0.22050561010837555
33958,0.14500345140695572
33959,0.20837795734405518
33960,0.21324884593486787
33961,0.18713426887989043
33962,0.13975152373313904
33963,0.19781528115272523
33964,0.2858662366867065
33965,0.2519038558006287
33966,0.1778333842754364
33967,0.19842441380023956
33968,0.2173573851585388
33969,0.15472649335861205
33970,0.16833012104034423
33971,0.27720012068748473
33972,0.17184795439243317
33973,0.22982479333877565
33974,0.25842565298080444
33975,0.2070504128932953
33976,0.19287352561950682
33977,0.1195465311408043
33978,0.23200211226940154
33979,0.1664421945810318
33980,0.14728453755378723
33981,0.29251520037651063
33982,0.2794857233762741
33983,0.19088047742843628
33984,0.19239180982112886
33985,0.16718752682209015
33986,0.14392528235912322
33987,0.11327006369829178
33988,0.1281098395586014
33989,0.18099656999111174
33990,0.3645541310310364
33991,0.32620108127593994
33992,0.2362443894147873
33993,0.18648965954780578
33994,0.1794734001159668
33995,0.24016915261745453
33996,0.14955467879772186
33997,0.22811609208583833
33998,0.20649335086345671
33999,0.17064324021339417
34000,0.21651290655136107
34001,0.1736183911561966
34002,0.21917116343975068
34003,0.14721578657627105
34004,0.19234438836574555
34005,0.15849276036024093
34006,0.20277539193630217
34007,0.2744045555591583
34008,0.2302100121974945
34009,0.24076035618782043
34010,0.20197445750236512
34011,0.13260405510663986
34012,0.20883511304855346
34013,0.15952054560184478
34014,0.16805244535207747
34015,0.2083095818758011
34016,0.19651314318180085
34017,0.22211612164974212
34018,0.14574747681617736
34019,0.19676380455493928
34020,0.12163908183574676
34021,0.2697064816951752
34022,0.15351701974868776
34023,0.13868724703788757
34024,0.1696458339691162
34025,0.22477385997772217
34026,0.20450039505958556
34027,0.1992463320493698
34028,0.208277690410614
34029,0.22319190204143524
34030,0.24694842100143433
34031,0.27331151366233825
34032,0.17916261553764343
34033,0.2856703490018845
34034,0.19044477939605714
34035,0.173960280418396
34036,0.2072753131389618
34037,0.14656815230846404
34038,0.22652042508125306
34039,0.25676786005496977
34040,0.13137242197990417
34041,0.19876563549041748
34042,0.17544487118721008
34043,0.15135543048381805
34044,0.24938820898532868
34045,0.27366000413894653
34046,0.21786373853683472
34047,0.11935081481933593
34048,0.19728918373584747
34049,0.1752450078725815
34050,0.17378474473953248
34051,0.2441169172525406
34052,0.19794753789901734
34053,0.2058006316423416
34054,0.18370595574378967
34055,0.17693581581115722
34056,0.20138450264930724
34057,0.23778629601001738
34058,0.17397439777851104
34059,0.15339390337467193
34060,0.21161203682422638
34061,0.1720452755689621
34062,0.1500229001045227
34063,0.18557942509651185
34064,0.275620710849762
34065,0.1326530858874321
34066,0.2603755295276642
34067,0.148792827129364
34068,0.1368015453219414
34069,0.28204305768013
34070,0.18782979547977446
34071,0.16752714812755584
34072,0.19439169466495515
34073,0.14197690188884735
34074,0.19762454628944398
34075,0.20410105884075164
34076,0.17044119238853456
34077,0.2320937156677246
34078,0.10234217345714569
34079,0.23396269381046295
34080,0.3353054404258728
34081,0.1808840215206146
34082,0.1364915519952774
34083,0.14131824672222137
34084,0.18678736090660095
34085,0.23419638574123383
34086,0.2903008759021759
34087,0.18947035670280457
34088,0.1561400592327118
34089,0.26354211270809175
34090,0.2040105015039444
34091,0.15530941486358643
34092,0.2221161127090454
34093,0.11035072654485703
34094,0.17121719419956208
34095,0.19577834904193878
34096,0.163418310880661
34097,0.21318643987178804
34098,0.18543195426464082
34099,0.18133774697780608
34100,0.20052820742130278
34101,0.18256959617137908
34102,0.25272763669490816
34103,0.16134234070777892
34104,0.1758638083934784
34105,0.16497592628002167
34106,0.19522695243358612
34107,0.144904288649559
34108,0.20183658301830293
34109,0.2116688907146454
34110,0.15982271134853362
34111,0.22477186620235443
34112,0.23594736754894258
34113,0.18276710510253907
34114,0.24300710260868072
34115,0.23029804229736328
34116,0.1936271607875824
34117,0.11029498726129532
34118,0.26483101546764376
34119,0.22630484998226166
34120,0.2473521798849106
34121,0.14968154728412628
34122,0.19384451806545258
34123,0.24516611397266388
34124,0.19084863662719725
34125,0.17573347985744475
34126,0.18911817371845246
34127,0.14875345528125763
34128,0.19349960684776307
34129,0.18069082796573638
34130,0.21240698099136351
34131,0.19231349229812622
34132,0.2985923230648041
34133,0.12385819554328918
34134,0.12810176759958267
34135,0.13044718652963638
34136,0.15548094511032104
34137,0.2827084004878998
34138,0.12909127920866012
34139,0.20373440086841582
34140,0.21979791820049285
34141,0.2153551310300827
34142,0.15810154378414154
34143,0.17638849318027497
34144,0.1748977780342102
34145,0.29393579363822936
34146,0.16806140244007112
34147,0.26361689567565916
34148,0.21026531159877776
34149,0.17342449128627777
34150,0.13308643400669098
34151,0.21548478305339813
34152,0.18947103023529052
34153,0.2794578105211258
34154,0.20526203215122224
34155,0.1839978277683258
34156,0.17638376653194426
34157,0.24657422602176665
34158,0.2114862859249115
34159,0.25309805274009706
34160,0.22229917347431183
34161,0.232978954911232
34162,0.14792925417423247
34163,0.22853230834007263
34164,0.17914560735225676
34165,0.2454735666513443
34166,0.1829303801059723
34167,0.25918843150138854
34168,0.13916355222463608
34169,0.17355077862739562
34170,0.17528505027294158
34171,0.27373520731925965
34172,0.21085909605026246
34173,0.24534851014614106
34174,0.23561590015888215
34175,0.26409699618816374
34176,0.2211788296699524
34177,0.21215654015541077
34178,0.19813889563083648
34179,0.25070350170135497
34180,0.2632793962955475
34181,0.2137497365474701
34182,0.17929535508155822
34183,0.16023240983486176
34184,0.15936442613601684
34185,0.18790430426597596
34186,0.19722568094730378
34187,0.15362744629383088
34188,0.2656305253505707
34189,0.24669417440891267
34190,0.1746738523244858
34191,0.1823766201734543
34192,0.20351040363311768
34193,0.21934328675270082
34194,0.19339290857315064
34195,0.22509077489376067
34196,0.18813987970352172
34197,0.18954534828662872
34198,0.2011540025472641
34199,0.18631589710712432
34200,0.22214070856571197
34201,0.3101059854030609
34202,0.19423788487911225
34203,0.20201355516910552
34204,0.2260676234960556
34205,0.16501446962356567
34206,0.24781468510627747
34207,0.28201262652873993
34208,0.2123754620552063
34209,0.2034848153591156
34210,0.2732062518596649
34211,0.14947815537452697
34212,0.1513916254043579
34213,0.17797568142414094
34214,0.15058746337890624
34215,0.3435296595096588
34216,0.13304392993450165
34217,0.14717600643634796
34218,0.2613595098257065
34219,0.18326807916164398
34220,0.1627307653427124
34221,0.1701962560415268
34222,0.16262464523315429
34223,0.1754209041595459
34224,0.1258353680372238
34225,0.1895066350698471
34226,0.22117341160774232
34227,0.1694287419319153
34228,0.21795569360256195
34229,0.17160052955150604
34230,0.16990566849708558
34231,0.2552384823560715
34232,0.26345341503620145
34233,0.14890559911727905
34234,0.2059951037168503
34235,0.19167000353336333
34236,0.16017265021800994
34237,0.19848210215568543
34238,0.20244235694408416
34239,0.15526714026927949
34240,0.19878348112106323
34241,0.1844005912542343
34242,0.21781865656375884
34243,0.23366023004055023
34244,0.2530956655740738
34245,0.20727645456790925
34246,0.14606935679912567
34247,0.2411477655172348
34248,0.20887389481067659
34249,0.23640642166137696
34250,0.21667011976242065
34251,0.24701324105262756
34252,0.250140181183815
34253,0.21371230185031892
34254,0.19153743386268615
34255,0.15259715616703035
34256,0.22749192714691163
34257,0.1540736436843872
34258,0.19713681638240815
34259,0.2353712350130081
34260,0.11527725011110306
34261,0.2502787858247757
34262,0.18735845386981964
34263,0.22527055740356444
34264,0.2087300479412079
34265,0.24397284984588624
34266,0.22208577990531922
34267,0.14653880000114441
34268,0.21125296950340272
34269,0.15263108015060425
34270,0.27862738370895385
34271,0.2631642997264862
34272,0.2206943303346634
34273,0.23309147953987122
34274,0.16201455891132355
34275,0.09612202197313309
34276,0.16737346351146698
34277,0.18043933510780336
34278,0.2217169463634491
34279,0.32500232458114625
34280,0.12325663268566131
34281,0.2508220046758652
34282,0.15645025074481964
34283,0.1898563325405121
34284,0.16688574552536012
34285,0.23997411429882048
34286,0.14350180327892303
34287,0.12231943607330323
34288,0.14690718352794646
34289,0.18242813646793365
34290,0.26241053342819215
34291,0.1658429652452469
34292,0.1581897556781769
34293,0.14526341408491134
34294,0.15864533483982085
34295,0.22261690497398376
34296,0.2166484534740448
34297,0.17313731610774993
34298,0.2110610008239746
34299,0.19427815675735474
34300,0.15055813193321227
34301,0.17890513837337493
34302,0.20972475409507751
34303,0.15093924403190612
34304,0.14391588270664216
34305,0.23249576091766358
34306,0.13662288933992386
34307,0.2522390022873878
34308,0.20861257314682008
34309,0.18953257501125337
34310,0.23453400433063507
34311,0.17381093204021453
34312,0.17156205773353578
34313,0.15989252626895906
34314,0.25186439156532286
34315,0.2331003427505493
34316,0.22962366044521332
34317,0.21685031950473785
34318,0.1684513121843338
34319,0.20335876047611237
34320,0.18092767894268036
34321,0.21675428450107576
34322,0.21846032738685608
34323,0.20693151652812958
34324,0.19540871381759645
34325,0.2759096145629883
34326,0.2107839673757553
34327,0.2497656375169754
34328,0.2144789457321167
34329,0.1393843948841095
34330,0.2158656656742096
34331,0.16426405757665635
34332,0.14821542501449586
34333,0.12739045023918152
34334,0.20827505886554717
34335,0.1796400487422943
34336,0.1863978773355484
34337,0.25884856283664703
34338,0.18830859959125518
34339,0.16129118502140044
34340,0.20044941306114197
34341,0.18771691620349884
34342,0.18646009862422944
34343,0.13452476263046265
34344,0.23358344435691833
34345,0.30687991380691526
34346,0.24179886877536774
34347,0.22810591757297516
34348,0.22560320794582367
34349,0.23718996047973634
34350,0.20762893557548523
34351,0.1985725373029709
34352,0.20343404710292817
34353,0.20914978981018068
34354,0.16402855813503264
34355,0.2303052067756653
34356,0.16041656732559204
34357,0.24974135756492616
34358,0.14981573820114136
34359,0.2403800070285797
34360,0.2608893483877182
34361,0.2707189679145813
34362,0.22994258403778076
34363,0.14755800366401672
34364,0.19207146763801575
34365,0.15893159061670303
34366,0.3104370772838593
34367,0.2778335213661194
34368,0.17320023775100707
34369,0.18886322379112244
34370,0.21785768270492553
34371,0.17850777506828308
34372,0.23487415313720703
34373,0.31785144805908205
34374,0.22959289252758025
34375,0.19334667921066284
34376,0.18579566180706025
34377,0.21570248305797576
34378,0.22710606455802917
34379,0.1417866826057434
34380,0.1848838984966278
34381,0.18349885940551758
34382,0.21416013538837433
34383,0.1570304274559021
34384,0.16213520169258117
34385,0.24409090280532836
34386,0.16021437644958497
34387,0.19463286697864532
34388,0.19089127480983734
34389,0.22989325523376464
34390,0.17813648283481598
34391,0.28266998529434206
34392,0.16503564417362213
34393,0.13254993557929992
34394,0.17481917440891265
34395,0.20138703286647797
34396,0.2413380116224289
34397,0.17180173397064208
34398,0.19026018679141998
34399,0.19903341829776763
34400,0.13834600001573563
34401,0.28936962485313417
34402,0.22112982869148254
34403,0.18419126570224761
34404,0.195759117603302
34405,0.24893475770950318
34406,0.24683851301670073
34407,0.1781684011220932
34408,0.124709452688694
34409,0.1695956915616989
34410,0.18638114035129547
34411,0.13322479873895646
34412,0.13877171128988267
34413,0.14748070240020753
34414,0.1860758900642395
34415,0.30200531482696535
34416,0.11575930416584015
34417,0.1918143391609192
34418,0.17581546008586885
34419,0.2479909747838974
34420,0.20242335498332978
34421,0.19678143560886383
34422,0.23085579872131348
34423,0.202248153090477
34424,0.2806896507740021
34425,0.23625556230545045
34426,0.22209131717681885
34427,0.25997471511363984
34428,0.1871306210756302
34429,0.14582888782024384
34430,0.19901317358016968
34431,0.1557019606232643
34432,0.19233832955360414
34433,0.1772004932165146
34434,0.1284195989370346
34435,0.1484642893075943
34436,0.19980716705322266
34437,0.20798012465238572
34438,0.19384384155273438
34439,0.16805853545665742
34440,0.18596388697624205
34441,0.23853549659252166
34442,0.2209450662136078
34443,0.1892380014061928
34444,0.16125683039426802
34445,0.20687580704689026
34446,0.23256565034389495
34447,0.2370093733072281
34448,0.1759175568819046
34449,0.19773176610469817
34450,0.11652359068393707
34451,0.15656421482563018
34452,0.13112477213144302
34453,0.10375463664531707
34454,0.168327397108078
34455,0.23113631308078766
34456,0.2398024946451187
34457,0.20520046055316926
34458,0.24097886085510253
34459,0.1926259994506836
34460,0.2163241684436798
34461,0.19532360136508942
34462,0.16570079028606416
34463,0.21871870160102844
34464,0.26474552750587466
34465,0.14743779897689818
34466,0.2098160684108734
34467,0.17478328943252563
34468,0.20126905143260956
34469,0.18716904819011687
34470,0.22630351185798644
34471,0.2437507539987564
34472,0.21575262248516083
34473,0.18926659524440764
34474,0.21862652003765107
34475,0.19957092702388762
34476,0.22928854823112488
34477,0.19176511466503143
34478,0.22894157767295836
34479,0.2357551336288452
34480,0.1914016842842102
34481,0.13429600596427918
34482,0.26757392585277556
34483,0.18343573808670044
34484,0.15912057757377623
34485,0.2797119051218033
34486,0.16756320297718047
34487,0.1698315069079399
34488,0.26637727320194243
34489,0.23724229633808136
34490,0.1555339813232422
34491,0.14667569547891618
34492,0.1918523520231247
34493,0.12098692506551742
34494,0.32604900598526
34495,0.21272431910037995
34496,0.2759309887886047
34497,0.15213805437088013
34498,0.20796094536781312
34499,0.18915466964244843
34500,0.16910964250564575
34501,0.1455046519637108
34502,0.21109185218811036
34503,0.14478254467248916
34504,0.251608544588089
34505,0.2365333318710327
34506,0.20432534515857698
34507,0.1102775514125824
34508,0.19132267236709594
34509,0.2075478821992874
34510,0.1832793891429901
34511,0.1455814465880394
34512,0.21008948981761932
34513,0.24727237224578857
34514,0.12915602773427964
34515,0.21779321432113646
34516,0.16892634332180023
34517,0.17605047225952147
34518,0.1700666218996048
34519,0.25420149862766267
34520,0.3387275457382202
34521,0.14905382096767425
34522,0.30856488943099974
34523,0.26913168728351594
34524,0.14628839045763015
34525,0.18903250694274903
34526,0.15019545555114747
34527,0.265740180015564
34528,0.18459865748882293
34529,0.26861193776130676
34530,0.1361637681722641
34531,0.3489150643348694
34532,0.2571794420480728
34533,0.21215972304344177
34534,0.17210999131202698
34535,0.22314972281455994
34536,0.17854377031326293
34537,0.22499493658542633
34538,0.26192701756954195
34539,0.11945784091949463
34540,0.16844927966594697
34541,0.1532977342605591
34542,0.25796968042850493
34543,0.18538496494293213
34544,0.1997281163930893
34545,0.17237141728401184
34546,0.20069155097007751
34547,0.20804159343242645
34548,0.14949731081724166
34549,0.2729957580566406
34550,0.24292970299720765
34551,0.1686080887913704
34552,0.21307454109191895
34553,0.31575692296028135
34554,0.20820674300193787
34555,0.2346141517162323
34556,0.18574826419353485
34557,0.2445713222026825
34558,0.2189348340034485
34559,0.17773149609565736
34560,0.14174153059720992
34561,0.22300470173358916
34562,0.16835625171661378
34563,0.28590824604034426
34564,0.2402932196855545
34565,0.20958490371704103
34566,0.14474726915359498
34567,0.2709207862615585
34568,0.12596456706523895
34569,0.24117548763751984
34570,0.22245485186576844
34571,0.15305987298488616
34572,0.1784619688987732
34573,0.18957366049289703
34574,0.24932893216609955
34575,0.16847513914108275
34576,0.3409018278121948
34577,0.23401122391223908
34578,0.18271732330322266
34579,0.1886092782020569
34580,0.1979239374399185
34581,0.17836422622203826
34582,0.18500686287879944
34583,0.17583974897861482
34584,0.18640677332878114
34585,0.1925915449857712
34586,0.13666095435619355
34587,0.17750890851020812
34588,0.14355278611183167
34589,0.1946145325899124
34590,0.21492673754692077
34591,0.19116163849830628
34592,0.22311187982559205
34593,0.19524516761302949
34594,0.20921072065830232
34595,0.179345241189003
34596,0.20541177988052367
34597,0.23088997304439546
34598,0.16732467114925384
34599,0.17288098335266114
34600,0.2167912632226944
34601,0.16258272230625154
34602,0.12198539674282075
34603,0.22116461992263795
34604,0.14709072411060334
34605,0.18816518783569336
34606,0.1973915070295334
34607,0.14763484001159669
34608,0.26475954949855807
34609,0.3426825821399689
34610,0.15802066922187805
34611,0.2667641550302505
34612,0.16354469060897828
34613,0.22177049219608308
34614,0.21641854345798492
34615,0.17278809249401092
34616,0.26966477632522584
34617,0.14563035517930983
34618,0.2229599416255951
34619,0.2767205715179443
34620,0.12106692939996719
34621,0.1636659175157547
34622,0.1624820500612259
34623,0.2196999490261078
34624,0.13194815218448638
34625,0.21535367965698243
34626,0.16066380143165587
34627,0.21104768812656402
34628,0.22041530907154083
34629,0.2040245234966278
34630,0.15643374621868134
34631,0.28360535502433776
34632,0.21438937783241271
34633,0.2575069904327393
34634,0.18466671109199523
34635,0.21999196708202362
34636,0.15489119291305542
34637,0.12996170669794083
34638,0.24835991859436035
34639,0.215191787481308
34640,0.242887544631958
34641,0.13601945340633392
34642,0.25188229978084564
34643,0.19943370223045348
34644,0.22539745271205902
34645,0.15681121945381166
34646,0.21990774869918822
34647,0.19305211305618286
34648,0.2618607968091965
34649,0.18670133650302886
34650,0.14371689558029174
34651,0.208705073595047
34652,0.20440683960914613
34653,0.3122570812702179
34654,0.15118291974067688
34655,0.2199342131614685
34656,0.1620103508234024
34657,0.19346421360969543
34658,0.16185179650783538
34659,0.19794484972953796
34660,0.24810616970062255
34661,0.21645828783512117
34662,0.14742642641067505
34663,0.22497826516628266
34664,0.2530953258275986
34665,0.1666396290063858
34666,0.18790547847747802
34667,0.2060548335313797
34668,0.28470670580863955
34669,0.1623515784740448
34670,0.242531880736351
34671,0.20876581072807313
34672,0.17286865711212157
34673,0.32916311025619505
34674,0.17001646459102632
34675,0.3054560661315918
34676,0.22155474424362182
34677,0.30085970759391784
34678,0.15456025898456574
34679,0.32506967782974244
34680,0.19596235752105712
34681,0.21106805503368378
34682,0.17762855887413026
34683,0.21880948841571807
34684,0.20804423391819
34685,0.12453744560480118
34686,0.20200845897197722
34687,0.24762173593044282
34688,0.13245461583137513
34689,0.21726411879062651
34690,0.1367819905281067
34691,0.2321436196565628
34692,0.23311298191547394
34693,0.15341976284980774
34694,0.17635920643806458
34695,0.146933850646019
34696,0.20908154547214508
34697,0.23579993546009065
34698,0.16302112936973573
34699,0.2953415334224701
34700,0.1992429107427597
34701,0.1936801016330719
34702,0.2854289531707764
34703,0.2552853912115097
34704,0.1785503387451172
34705,0.19207107424736022
34706,0.21007155776023864
34707,0.24352869391441345
34708,0.2306800216436386
34709,0.19831235110759735
34710,0.20029039680957794
34711,0.14529300928115846
34712,0.20397719740867615
34713,0.21023479700088502
34714,0.24026363492012023
34715,0.21260336339473723
34716,0.20205607116222382
34717,0.14457731544971467
34718,0.17430461049079896
34719,0.17119305431842805
34720,0.1872079074382782
34721,0.1836525171995163
34722,0.189634370803833
34723,0.18934140503406524
34724,0.17019080221652985
34725,0.12932998239994048
34726,0.2683339029550552
34727,0.23316546082496642
34728,0.14311316907405852
34729,0.18556827306747437
34730,0.22567228674888612
34731,0.12482690662145615
34732,0.16678308844566345
34733,0.2796039044857025
34734,0.15494622588157653
34735,0.20353007018566133
34736,0.2819636046886444
34737,0.17828946113586425
34738,0.12769679129123687
34739,0.22358062565326692
34740,0.16688556969165802
34741,0.16185897588729858
34742,0.18574772477149964
34743,0.12402265667915344
34744,0.19375040829181672
34745,0.17050754129886628
34746,0.16789972484111787
34747,0.21898289620876313
34748,0.2340848445892334
34749,0.16675138771533965
34750,0.15597620904445647
34751,0.21077958941459657
34752,0.25886815786361694
34753,0.2685007512569427
34754,0.232972252368927
34755,0.24672585725784302
34756,0.15874807238578797
34757,0.15891401171684266
34758,0.21640651822090148
34759,0.15177687108516694
34760,0.18817652463912965
34761,0.27118770182132723
34762,0.23383460938930511
34763,0.22665968537330627
34764,0.18845744132995607
34765,0.17654244601726532
34766,0.14107612371444703
34767,0.22023593187332152
34768,0.13173122555017472
34769,0.186665078997612
34770,0.25262207388877866
34771,0.21606914401054383
34772,0.24951055347919465
34773,0.14835282415151596
34774,0.1668849140405655
34775,0.2275679290294647
34776,0.18363481760025024
34777,0.26957902908325193
34778,0.28377844095230104
34779,0.2581020057201385
34780,0.22252007126808165
34781,0.23829233944416045
34782,0.23685477674007416
34783,0.16897457242012023
34784,0.1984070360660553
34785,0.2628841668367386
34786,0.25294889211654664
34787,0.22071316540241243
34788,0.21405772864818573
34789,0.24088932275772096
34790,0.15231147706508635
34791,0.1991783320903778
34792,0.12583262026309966
34793,0.21147461533546447
34794,0.20566057562828063
34795,0.18653537929058076
34796,0.2364270031452179
34797,0.2170596331357956
34798,0.22709425687789916
34799,0.19754800498485564
34800,0.27187532782554624
34801,0.1648939996957779
34802,0.21286355555057526
34803,0.17792654633522034
34804,0.2831183224916458
34805,0.20534779131412506
34806,0.1743204802274704
34807,0.2830379605293274
34808,0.15114295929670335
34809,0.22066130638122558
34810,0.23791111409664153
34811,0.18736262023448944
34812,0.1561129719018936
34813,0.17546182870864868
34814,0.19666161835193635
34815,0.15253950655460358
34816,0.1909587264060974
34817,0.1469402477145195
34818,0.14639129042625426
34819,0.2125288277864456
34820,0.21057674586772918
34821,0.29429765343666076
34822,0.1852946698665619
34823,0.2003703683614731
34824,0.12368260473012924
34825,0.2360248565673828
34826,0.2385663628578186
34827,0.16947583258152008
34828,0.16177737414836885
34829,0.23240851163864135
34830,0.217966690659523
34831,0.2939540684223175
34832,0.2400096982717514
34833,0.16546474099159242
34834,0.14370352923870086
34835,0.19369829893112184
34836,0.2343551516532898
34837,0.20483541190624238
34838,0.18499048054218292
34839,0.20875442326068877
34840,0.3327358901500702
34841,0.15012470185756682
34842,0.15235340893268584
34843,0.17334021925926207
34844,0.1692757397890091
34845,0.23780872225761412
34846,0.2803347945213318
34847,0.16794281601905822
34848,0.195430126786232
34849,0.13614420592784882
34850,0.12289924919605255
34851,0.18755001425743104
34852,0.1756917804479599
34853,0.16679444015026093
34854,0.1681608349084854
34855,0.13521406948566436
34856,0.17557447850704194
34857,0.18269667029380798
34858,0.2798127233982086
34859,0.2973632514476776
34860,0.2009503275156021
34861,0.16909363567829133
34862,0.1645137310028076
34863,0.1617552399635315
34864,0.21415642499923707
34865,0.23325057327747345
34866,0.210125395655632
34867,0.22339701950550078
34868,0.18949522078037262
34869,0.2519321471452713
34870,0.1576645314693451
34871,0.17843652963638307
34872,0.21355252861976623
34873,0.19004383385181428
34874,0.14817981868982316
34875,0.23804158568382264
34876,0.1941343903541565
34877,0.15853823721408844
34878,0.21962129175662995
34879,0.16805385649204255
34880,0.2055259555578232
34881,0.20296974778175353
34882,0.16113563477993012
34883,0.18528082370758056
34884,0.27505362033843994
34885,0.22207746803760528
34886,0.17469052970409393
34887,0.25824566185474396
34888,0.3111851096153259
34889,0.13122316300868989
34890,0.2388568639755249
34891,0.2790332853794098
34892,0.16873539984226227
34893,0.24099511802196502
34894,0.1735989570617676
34895,0.31242777705192565
34896,0.14122666269540787
34897,0.20226160883903505
34898,0.19833817780017854
34899,0.1808979868888855
34900,0.22826483845710754
34901,0.18766245245933533
34902,0.15587559342384338
34903,0.18604568243026734
34904,0.26322161853313447
34905,0.13010253012180328
34906,0.21082826256752013
34907,0.2008797287940979
34908,0.19092807173728943
34909,0.28263871371746063
34910,0.3147378027439117
34911,0.19736269116401672
34912,0.177278333902359
34913,0.18286871016025544
34914,0.21867732107639312
34915,0.22485711872577668
34916,0.22617070376873016
34917,0.23746645748615264
34918,0.181649649143219
34919,0.19542978703975677
34920,0.1674506038427353
34921,0.21813476085662842
34922,0.1833946645259857
34923,0.22114362716674804
34924,0.25272039175033567
34925,0.1875872790813446
34926,0.19598138630390166
34927,0.319180303812027
34928,0.21622314751148225
34929,0.19506199955940245
34930,0.20209864377975464
34931,0.17300010621547698
34932,0.22907248437404631
34933,0.14096081107854844
34934,0.2197584927082062
34935,0.1960490435361862
34936,0.15177837908267974
34937,0.19091993272304536
34938,0.19686975181102753
34939,0.2606104701757431
34940,0.2396524131298065
34941,0.22853025496006013
34942,0.19623070657253266
34943,0.18373606204986573
34944,0.19315312206745147
34945,0.166128209233284
34946,0.20505776703357698
34947,0.13807089477777482
34948,0.253941211104393
34949,0.16935366690158843
34950,0.2056354820728302
34951,0.1732145607471466
34952,0.29144467115402223
34953,0.3427436351776123
34954,0.20722801089286805
34955,0.19574629962444307
34956,0.2791392356157303
34957,0.24258880019187928
34958,0.18908159136772157
34959,0.19189428091049193
34960,0.19923484027385713
34961,0.17706719934940338
34962,0.1855601876974106
34963,0.22392439544200898
34964,0.25770269632339476
34965,0.16444841921329498
34966,0.24676053524017333
34967,0.19392735362052918
34968,0.21735790371894836
34969,0.18070586919784545
34970,0.2791475623846054
34971,0.23416100144386293
34972,0.1571183204650879
34973,0.1815058946609497
34974,0.12972837537527085
34975,0.19530661702156066
34976,0.24017756283283234
34977,0.16927250921726228
34978,0.22735849320888518
34979,0.24360167980194092
34980,0.20303560197353362
34981,0.2745600283145905
34982,0.16723355650901794
34983,0.14282105714082718
34984,0.17563876509666443
34985,0.10968718528747559
34986,0.28031454384326937
34987,0.1530903086066246
34988,0.20876770317554474
34989,0.21588608026504516
34990,0.14671807885169982
34991,0.30310921669006347
34992,0.1890581876039505
34993,0.2669603556394577
34994,0.21097148060798646
34995,0.18021088242530822
34996,0.34344692826271056
34997,0.2287632554769516
34998,0.20229988992214204
34999,0.17188181579113007
35000,0.2033705845475197
35001,0.24713425934314728
35002,0.20612157881259918
35003,0.19764409363269805
35004,0.2254707247018814
35005,0.1775471180677414
35006,0.18652696013450623
35007,0.19156752824783324
35008,0.19924401640892028
35009,0.23623038530349733
35010,0.18848592936992645
35011,0.21657474637031554
35012,0.14017927050590515
35013,0.2206531882286072
35014,0.18638126254081727
35015,0.2476282984018326
35016,0.23640370070934297
35017,0.18082652986049652
35018,0.16588647961616515
35019,0.16827896535396575
35020,0.25401981770992277
35021,0.18233531713485718
35022,0.15876395553350447
35023,0.16149516105651857
35024,0.2037866532802582
35025,0.23909349441528321
35026,0.20743350982666015
35027,0.16007034331560135
35028,0.16976520419120789
35029,0.24623481631278993
35030,0.19959198236465453
35031,0.20381157100200653
35032,0.21633919179439545
35033,0.25296578407287595
35034,0.17947506606578828
35035,0.1310602456331253
35036,0.16039156615734101
35037,0.23383746594190596
35038,0.20078698098659514
35039,0.1320964887738228
35040,0.16783879399299623
35041,0.12546451091766359
35042,0.367297488451004
35043,0.24666293263435363
35044,0.24410060048103333
35045,0.273249489068985
35046,0.2082141935825348
35047,0.21412426829338074
35048,0.1893290936946869
35049,0.2254895567893982
35050,0.21366218626499175
35051,0.15786340832710266
35052,0.21480720937252046
35053,0.23425715565681457
35054,0.16452286541461944
35055,0.28125418424606324
35056,0.3102194249629974
35057,0.15390387177467346
35058,0.2923119246959686
35059,0.29655286073684695
35060,0.20101729929447174
35061,0.20178573131561278
35062,0.2371786803007126
35063,0.18578119575977325
35064,0.19710525572299958
35065,0.15300435572862625
35066,0.1961166262626648
35067,0.22702134549617767
35068,0.16105153113603593
35069,0.22536195516586305
35070,0.22481633424758912
35071,0.16939142644405364
35072,0.13210231065750122
35073,0.2143979400396347
35074,0.21679050624370574
35075,0.2278643935918808
35076,0.22673230171203612
35077,0.2506858080625534
35078,0.24030281007289886
35079,0.28180294334888456
35080,0.21709748804569245
35081,0.18796074986457825
35082,0.17140862643718718
35083,0.3272926568984985
35084,0.2259114295244217
35085,0.18658156394958497
35086,0.1415729910135269
35087,0.2661376893520355
35088,0.25590590834617616
35089,0.22858575284481047
35090,0.20225843787193298
35091,0.13150771856307983
35092,0.2133204698562622
35093,0.23246375024318694
35094,0.2542601615190506
35095,0.17513710260391235
35096,0.170172718167305
35097,0.18859108090400695
35098,0.16982850432395935
35099,0.24219508469104767
35100,0.24327094554901124
35101,0.27373948991298674
35102,0.26064894795417787
35103,0.18511662483215333
35104,0.2186625361442566
35105,0.2501028448343277
35106,0.31877474784851073
35107,0.18209897875785827
35108,0.258819106221199
35109,0.2575283139944077
35110,0.23304952979087828
35111,0.19044969379901885
35112,0.18578827679157256
35113,0.12180538028478623
35114,0.13009100109338761
35115,0.13518027812242508
35116,0.34392094016075136
35117,0.2216215670108795
35118,0.23671596646308898
35119,0.2051614373922348
35120,0.14923320412635804
35121,0.23311973214149476
35122,0.19732792377471925
35123,0.2021315336227417
35124,0.29677574038505555
35125,0.3684479296207428
35126,0.2122247725725174
35127,0.15823242366313933
35128,0.15415481626987457
35129,0.16576642394065857
35130,0.20020939111709596
35131,0.15732648074626923
35132,0.1668161541223526
35133,0.15511316955089569
35134,0.28399963974952697
35135,0.13743039071559907
35136,0.17431448996067048
35137,0.16823028326034545
35138,0.18174557983875275
35139,0.22126451432704924
35140,0.23589361906051637
35141,0.22464882731437683
35142,0.1807725816965103
35143,0.13286662250757217
35144,0.22922097146511078
35145,0.23217679262161256
35146,0.2104961931705475
35147,0.177359476685524
35148,0.255608931183815
35149,0.24332965314388275
35150,0.23751512467861174
35151,0.1925339311361313
35152,0.2445989578962326
35153,0.15639629662036897
35154,0.24957634508609772
35155,0.21419172883033752
35156,0.17141820192337037
35157,0.22298862636089326
35158,0.15026954114437102
35159,0.1658998489379883
35160,0.14838700294494628
35161,0.29783504605293276
35162,0.17924877405166625
35163,0.17042070925235747
35164,0.15590549409389495
35165,0.16053783893585205
35166,0.21670374274253845
35167,0.2699000507593155
35168,0.1719653218984604
35169,0.2662659972906113
35170,0.20880117416381835
35171,0.16558730602264404
35172,0.2078745871782303
35173,0.3309738576412201
35174,0.2405227929353714
35175,0.15659576654434204
35176,0.10552107095718384
35177,0.16555996835231782
35178,0.1734258383512497
35179,0.23221584856510163
35180,0.24299824833869935
35181,0.1323820635676384
35182,0.16058862805366517
35183,0.214413121342659
35184,0.20923381447792053
35185,0.23862974345684052
35186,0.19813586473464967
35187,0.20800402760505676
35188,0.29168530106544494
35189,0.12163327783346176
35190,0.200413578748703
35191,0.27390429377555847
35192,0.2624411344528198
35193,0.2596084401011467
35194,0.1776913583278656
35195,0.21316197514533997
35196,0.25171385109424593
35197,0.16468458473682404
35198,0.17720943093299865
35199,0.17670145034790039
35200,0.12176776826381683
35201,0.14016449600458145
35202,0.2832093477249146
35203,0.16030917465686798
35204,0.16803958415985107
35205,0.1199641615152359
35206,0.20318048298358918
35207,0.2627366900444031
35208,0.1906346082687378
35209,0.20153553485870362
35210,0.13661226332187654
35211,0.2044938921928406
35212,0.21805252730846406
35213,0.18950114846229554
35214,0.3095828235149384
35215,0.20060868859291076
35216,0.2095030963420868
35217,0.2261965364217758
35218,0.195928156375885
35219,0.24167440533638002
35220,0.17501713037490846
35221,0.23737342059612274
35222,0.2268266886472702
35223,0.14648220390081407
35224,0.23651395738124847
35225,0.20295484662055968
35226,0.16536957323551177
35227,0.27722871005535127
35228,0.14312352985143661
35229,0.21752916872501374
35230,0.16971794366836548
35231,0.2442824900150299
35232,0.1732744336128235
35233,0.19059813022613525
35234,0.2791924118995667
35235,0.22828696966171264
35236,0.14419445097446443
35237,0.24057991802692413
35238,0.2165270894765854
35239,0.20968703627586366
35240,0.13377394378185273
35241,0.18829420804977418
35242,0.14680872559547425
35243,0.15628787577152253
35244,0.17608474493026732
35245,0.2315264254808426
35246,0.13060314655303956
35247,0.14142218083143235
35248,0.17153750061988832
35249,0.18173419833183288
35250,0.25712614953517915
35251,0.1690877854824066
35252,0.22699906229972838
35253,0.2088349401950836
35254,0.1699425309896469
35255,0.23506078720092774
35256,0.20604679882526397
35257,0.3440300405025482
35258,0.15704784393310547
35259,0.15891360640525817
35260,0.13483910262584686
35261,0.2571264117956161
35262,0.19117490947246552
35263,0.2266808420419693
35264,0.21003630459308625
35265,0.1869688242673874
35266,0.238577139377594
35267,0.1742900937795639
35268,0.2156012624502182
35269,0.17931646406650542
35270,0.23213330209255217
35271,0.2866918116807938
35272,0.15967687368392944
35273,0.14943949282169341
35274,0.2651495307683945
35275,0.24920165836811065
35276,0.18857257068157196
35277,0.21696292757987976
35278,0.2127623051404953
35279,0.28441723585128786
35280,0.21222097277641297
35281,0.22490276992321015
35282,0.17672556936740874
35283,0.15588696002960206
35284,0.20391685366630555
35285,0.18525513708591462
35286,0.1522838294506073
35287,0.22888052761554717
35288,0.2759199976921082
35289,0.2512855052947998
35290,0.14708233177661895
35291,0.23862852454185485
35292,0.18840491771697998
35293,0.15330169200897217
35294,0.13926136791706084
35295,0.34899182319641114
35296,0.1621350795030594
35297,0.202850604057312
35298,0.20769441425800322
35299,0.263775035738945
35300,0.23324759304523468
35301,0.1892017751932144
35302,0.13655584007501603
35303,0.20784540772438048
35304,0.18939731121063233
35305,0.17597624957561492
35306,0.2533332794904709
35307,0.2234898865222931
35308,0.2670153111219406
35309,0.21058396995067596
35310,0.16946911215782165
35311,0.20594036877155303
35312,0.13028358668088913
35313,0.12130654901266098
35314,0.1580837056040764
35315,0.22378482520580292
35316,0.27728100419044494
35317,0.19443607926368714
35318,0.3745242118835449
35319,0.35585038661956786
35320,0.21113864481449127
35321,0.1474140390753746
35322,0.26825952231884004
35323,0.1803404688835144
35324,0.22315074801445006
35325,0.2085170030593872
35326,0.184757199883461
35327,0.32384017407894133
35328,0.19901912808418273
35329,0.24033949077129363
35330,0.24294274747371675
35331,0.16322916448116304
35332,0.24760242104530333
35333,0.2222045660018921
35334,0.13675426989793776
35335,0.17407852411270142
35336,0.15552494525909424
35337,0.18114535510540009
35338,0.19746549129486085
35339,0.2051630973815918
35340,0.1737723708152771
35341,0.2204129844903946
35342,0.12604360282421112
35343,0.1620841383934021
35344,0.1632397413253784
35345,0.17810857594013213
35346,0.1936603844165802
35347,0.29730077981948855
35348,0.1817909449338913
35349,0.17305360734462738
35350,0.15657665133476256
35351,0.16320816576480865
35352,0.19937366545200347
35353,0.20989615023136138
35354,0.22252091765403748
35355,0.18317166566848755
35356,0.2165156841278076
35357,0.2599905014038086
35358,0.16329860389232637
35359,0.18216369152069092
35360,0.22313076257705688
35361,0.24138762950897216
35362,0.18921840488910674
35363,0.18448350727558135
35364,0.1354103535413742
35365,0.18579979836940766
35366,0.24048906862735747
35367,0.20425130128860475
35368,0.23141933381557464
35369,0.2566549092531204
35370,0.24697569608688355
35371,0.1408160150051117
35372,0.2488211899995804
35373,0.18427966833114623
35374,0.2088099092245102
35375,0.15464804768562318
35376,0.18303399682044982
35377,0.14731441736221312
35378,0.12368156611919404
35379,0.19065486490726472
35380,0.3269800662994385
35381,0.2111600011587143
35382,0.19702306985855103
35383,0.14081885069608688
35384,0.2050507754087448
35385,0.14485894292593002
35386,0.1613746851682663
35387,0.19038914144039154
35388,0.25888156294822695
35389,0.1622523069381714
35390,0.13708847910165786
35391,0.2658704459667206
35392,0.21691318452358246
35393,0.2638780564069748
35394,0.11178617030382157
35395,0.1743822067975998
35396,0.24673263728618622
35397,0.2444372594356537
35398,0.1929789423942566
35399,0.2410568743944168
35400,0.24834410548210145
35401,0.14502338021993638
35402,0.2143494188785553
35403,0.2649998962879181
35404,0.14362038522958756
35405,0.20574273765087128
35406,0.16324740648269653
35407,0.19506579041481018
35408,0.13771584630012512
35409,0.17478092908859252
35410,0.1947300523519516
35411,0.19911282062530516
35412,0.17452796101570128
35413,0.2826529979705811
35414,0.22880695760250092
35415,0.22989243865013123
35416,0.1989198297262192
35417,0.15627302825450898
35418,0.12627563625574112
35419,0.21337827146053315
35420,0.16652059853076934
35421,0.17848620414733887
35422,0.13462768346071244
35423,0.15258668065071107
35424,0.13250249922275542
35425,0.20729346871376036
35426,0.20295878052711486
35427,0.2595782220363617
35428,0.21252689957618714
35429,0.11041392832994461
35430,0.2671012580394745
35431,0.292347052693367
35432,0.13636503517627716
35433,0.2087419807910919
35434,0.2759138852357864
35435,0.1997547149658203
35436,0.19546862840652465
35437,0.1965433269739151
35438,0.16065438091754913
35439,0.25901816189289095
35440,0.2314016729593277
35441,0.17002310156822203
35442,0.14422937780618666
35443,0.21402407586574554
35444,0.22686314284801484
35445,0.2138011336326599
35446,0.14803511500358582
35447,0.15820371210575104
35448,0.20980410277843475
35449,0.2286621481180191
35450,0.17787272930145265
35451,0.1875615894794464
35452,0.18288238048553468
35453,0.17531524300575257
35454,0.2708313316106796
35455,0.1455540806055069
35456,0.17650097906589507
35457,0.17959012389183043
35458,0.15722249150276185
35459,0.21062174141407014
35460,0.1496477633714676
35461,0.19239453971385956
35462,0.20722759664058685
35463,0.25887462198734285
35464,0.1659441113471985
35465,0.21632807552814484
35466,0.18861511051654817
35467,0.22348376512527465
35468,0.17103740572929382
35469,0.14366127103567122
35470,0.14265881180763246
35471,0.23789743483066558
35472,0.276345095038414
35473,0.12515652179718018
35474,0.22127351760864258
35475,0.21782900691032409
35476,0.19656378030776978
35477,0.23226097524166106
35478,0.19694896042346954
35479,0.20329028666019439
35480,0.21783387064933776
35481,0.18898701369762422
35482,0.23836524784564972
35483,0.27052223682403564
35484,0.1908452570438385
35485,0.2055761694908142
35486,0.1868756890296936
35487,0.22683195173740386
35488,0.26674729883670806
35489,0.1970407783985138
35490,0.1905977725982666
35491,0.24046135544776917
35492,0.21752052903175353
35493,0.17748610079288482
35494,0.18098608851432801
35495,0.16135149598121643
35496,0.15614282488822936
35497,0.17259201109409333
35498,0.15042939633131028
35499,0.1768122971057892
35500,0.17857686579227447
35501,0.22183120846748353
35502,0.25521658957004545
35503,0.17642000913619996
35504,0.19253215193748474
35505,0.1875297486782074
35506,0.18748301565647124
35507,0.22692839801311493
35508,0.18823467195034027
35509,0.2707811087369919
35510,0.3245928347110748
35511,0.1273533046245575
35512,0.10691256374120713
35513,0.22841520607471466
35514,0.2629153847694397
35515,0.21729660630226136
35516,0.19015551507472991
35517,0.2526382476091385
35518,0.21502673923969268
35519,0.29417999982833865
35520,0.24196100234985352
35521,0.20482995510101318
35522,0.1550844743847847
35523,0.13707806318998336
35524,0.29369516372680665
35525,0.15025855749845504
35526,0.18403838872909545
35527,0.27879396080970764
35528,0.20213580429553984
35529,0.22461070418357848
35530,0.21429925858974458
35531,0.23828819692134856
35532,0.21825600862503053
35533,0.18130746483802795
35534,0.22226036787033082
35535,0.2034323662519455
35536,0.14821957647800446
35537,0.21984017491340638
35538,0.15941624343395233
35539,0.27612445056438445
35540,0.18622981309890746
35541,0.1650369718670845
35542,0.1943776398897171
35543,0.14572862088680266
35544,0.13874964714050292
35545,0.34450124502182006
35546,0.19489099681377411
35547,0.24013037085533143
35548,0.18352199494838714
35549,0.166406312584877
35550,0.1392199859023094
35551,0.29781774878501893
35552,0.20213026702404022
35553,0.2775599956512451
35554,0.2493318647146225
35555,0.23701941668987275
35556,0.1992551565170288
35557,0.1977334052324295
35558,0.18233050107955934
35559,0.2462768644094467
35560,0.3208235800266266
35561,0.1662907838821411
35562,0.20930760502815246
35563,0.1621693640947342
35564,0.2850273460149765
35565,0.1650886744260788
35566,0.23365567326545716
35567,0.19724779725074768
35568,0.2508841633796692
35569,0.12883257120847702
35570,0.1510435849428177
35571,0.25510563552379606
35572,0.20118104815483093
35573,0.1585156187415123
35574,0.19276934564113618
35575,0.15823444724082947
35576,0.15245899558067322
35577,0.19200121462345124
35578,0.23119265139102935
35579,0.22982572317123412
35580,0.2765810936689377
35581,0.17114619612693788
35582,0.13760482519865036
35583,0.12141315191984177
35584,0.11438398659229279
35585,0.27008883059024813
35586,0.26598300635814665
35587,0.22458873093128204
35588,0.2493572562932968
35589,0.14312222003936767
35590,0.1346671000123024
35591,0.20838553309440613
35592,0.2047985941171646
35593,0.14400931894779206
35594,0.24281917214393617
35595,0.11135725378990173
35596,0.23227770626544952
35597,0.20664110481739045
35598,0.14500609338283538
35599,0.1813039869070053
35600,0.20725271105766296
35601,0.1814277946949005
35602,0.2582682281732559
35603,0.21818848550319672
35604,0.20953523218631745
35605,0.2300308793783188
35606,0.13325575441122056
35607,0.27153989374637605
35608,0.34703312516212464
35609,0.22963714599609375
35610,0.16908770501613618
35611,0.290775328874588
35612,0.20440909564495086
35613,0.227411487698555
35614,0.19123709201812744
35615,0.19591655433177949
35616,0.25670355260372163
35617,0.1608825743198395
35618,0.17081384360790253
35619,0.20097402036190032
35620,0.16883088052272796
35621,0.2182006597518921
35622,0.1501597136259079
35623,0.26529473066329956
35624,0.23150453567504883
35625,0.19811348915100097
35626,0.1594477415084839
35627,0.13110584616661072
35628,0.22204561829566954
35629,0.22231437563896178
35630,0.15770578533411025
35631,0.2326745569705963
35632,0.21356894075870514
35633,0.14746646583080292
35634,0.19497182667255403
35635,0.23111283481121064
35636,0.29174578487873076
35637,0.19824993014335632
35638,0.19116511642932893
35639,0.15629894137382508
35640,0.20888389647006989
35641,0.15161663740873338
35642,0.1727992296218872
35643,0.3143917262554169
35644,0.24442850649356843
35645,0.19003039598464966
35646,0.13737332820892334
35647,0.18839630782604216
35648,0.2016755074262619
35649,0.16061226427555084
35650,0.22687652111053466
35651,0.1667932540178299
35652,0.19400417804718018
35653,0.23483391106128693
35654,0.23462527692317964
35655,0.1901968538761139
35656,0.09813626110553741
35657,0.30294073224067686
35658,0.2381564885377884
35659,0.16128708124160768
35660,0.17058831155300141
35661,0.29675347805023194
35662,0.1734672099351883
35663,0.23103827834129334
35664,0.20823739767074584
35665,0.2866826057434082
35666,0.13860558122396469
35667,0.20091347694396972
35668,0.15558178424835206
35669,0.20617305338382722
35670,0.2405851513147354
35671,0.23131862580776213
35672,0.2134730577468872
35673,0.28371298909187315
35674,0.202649986743927
35675,0.20610433220863342
35676,0.14716486036777496
35677,0.13046128004789354
35678,0.22168851196765899
35679,0.2185394585132599
35680,0.16245209276676179
35681,0.24817296266555786
35682,0.23382676839828492
35683,0.12921712547540665
35684,0.13551467657089233
35685,0.11755389869213104
35686,0.18817405104637147
35687,0.1371464341878891
35688,0.16026410162448884
35689,0.27688764929771426
35690,0.17393678426742554
35691,0.21450381875038146
35692,0.150447079539299
35693,0.17973846197128296
35694,0.18948157727718354
35695,0.19129942059516908
35696,0.21875579953193663
35697,0.1359442114830017
35698,0.17050269842147828
35699,0.22240370213985444
35700,0.2172557979822159
35701,0.21099185943603516
35702,0.12151393443346023
35703,0.1626622796058655
35704,0.2334428995847702
35705,0.22767792046070098
35706,0.2495414674282074
35707,0.22450784742832183
35708,0.21224469244480132
35709,0.2557914346456528
35710,0.2515231490135193
35711,0.17742226421833038
35712,0.12025060653686523
35713,0.13706067353487014
35714,0.14074824899435043
35715,0.24179809987545015
35716,0.2014307200908661
35717,0.18501816391944886
35718,0.23402260839939118
35719,0.20645476877689362
35720,0.13753461539745332
35721,0.24844639897346496
35722,0.1439124122262001
35723,0.3084226429462433
35724,0.22395893931388855
35725,0.23999037146568297
35726,0.1684534102678299
35727,0.17929734885692597
35728,0.15718287229537964
35729,0.18641311228275298
35730,0.2586923360824585
35731,0.1517948567867279
35732,0.2208569884300232
35733,0.2675817430019379
35734,0.15689113438129426
35735,0.23372340500354766
35736,0.19147430956363679
35737,0.16791879683732985
35738,0.20730169117450714
35739,0.2262537509202957
35740,0.17735321521759034
35741,0.14075824171304702
35742,0.17859626114368438
35743,0.22100522220134736
35744,0.24236942827701569
35745,0.1956559419631958
35746,0.19416687786579132
35747,0.13011896312236787
35748,0.18626488447189332
35749,0.24821364283561706
35750,0.21893230080604553
35751,0.1589261472225189
35752,0.14468330293893814
35753,0.2040135979652405
35754,0.1387976050376892
35755,0.2086449682712555
35756,0.15282385647296906
35757,0.19109772145748138
35758,0.2006504774093628
35759,0.23042909502983094
35760,0.1841046005487442
35761,0.21310742795467377
35762,0.14105907827615738
35763,0.181374454498291
35764,0.21370746642351152
35765,0.19655901193618774
35766,0.19632250368595122
35767,0.26964261531829836
35768,0.18871954083442688
35769,0.20472640097141265
35770,0.2895931124687195
35771,0.1641215980052948
35772,0.1316802754998207
35773,0.2730934053659439
35774,0.30943377912044523
35775,0.20547278523445128
35776,0.23474434912204742
35777,0.22523154318332672
35778,0.2167350322008133
35779,0.19662025868892669
35780,0.1956480175256729
35781,0.24000141024589539
35782,0.3334995925426483
35783,0.23825335502624512
35784,0.1488087296485901
35785,0.1620614558458328
35786,0.1641395390033722
35787,0.20536079108715058
35788,0.13110229521989822
35789,0.2497117668390274
35790,0.15522511303424835
35791,0.1274987503886223
35792,0.30050079226493837
35793,0.23036171793937682
35794,0.1983838200569153
35795,0.19813664853572846
35796,0.13830047100782394
35797,0.2793364703655243
35798,0.16214189529418946
35799,0.19821715652942656
35800,0.15394998490810394
35801,0.1919373244047165
35802,0.22399300336837769
35803,0.16574263274669648
35804,0.19797897934913636
35805,0.23788084089756012
35806,0.28549769818782805
35807,0.13300895392894746
35808,0.2207503855228424
35809,0.3179628849029541
35810,0.13934479802846908
35811,0.14196431636810303
35812,0.16561882197856903
35813,0.16649799644947053
35814,0.15811657905578613
35815,0.18036544620990752
35816,0.24923677742481232
35817,0.1335885301232338
35818,0.20172702372074128
35819,0.23401740193367004
35820,0.15626167953014375
35821,0.16005910336971282
35822,0.22696081697940826
35823,0.18912038803100586
35824,0.20440816283226013
35825,0.18790591657161712
35826,0.14712076336145402
35827,0.32279337048530576
35828,0.2823749542236328
35829,0.23035410046577454
35830,0.26945569217205045
35831,0.15045792311429979
35832,0.28250357508659363
35833,0.10541530251502991
35834,0.13332229107618332
35835,0.15855364501476288
35836,0.24894255101680757
35837,0.2114644467830658
35838,0.18568309247493744
35839,0.22292189598083495
35840,0.19488894939422607
35841,0.1888026237487793
35842,0.2690450757741928
35843,0.23397420048713685
35844,0.16801347732543945
35845,0.1530299961566925
35846,0.16795034110546112
35847,0.20640081465244292
35848,0.2726451814174652
35849,0.1805797815322876
35850,0.3054386734962463
35851,0.15712462663650512
35852,0.23401619791984557
35853,0.15728217661380767
35854,0.2228299856185913
35855,0.2414347618818283
35856,0.18604285418987274
35857,0.2258431702852249
35858,0.2475568473339081
35859,0.22902691066265107
35860,0.12625808119773865
35861,0.28466721177101134
35862,0.15780549645423889
35863,0.2537802428007126
35864,0.12598351389169693
35865,0.2087377727031708
35866,0.25561108589172366
35867,0.16693760752677916
35868,0.2740515947341919
35869,0.12882274836301805
35870,0.2663525968790054
35871,0.2896007657051086
35872,0.18352185785770417
35873,0.18213710486888884
35874,0.18067854642868042
35875,0.2436809629201889
35876,0.18836421072483062
35877,0.22239043712615966
35878,0.2863683819770813
35879,0.22784046828746796
35880,0.2191137582063675
35881,0.20316812694072722
35882,0.23952191770076753
35883,0.21566680669784546
35884,0.22459468841552735
35885,0.205275097489357
35886,0.23352038264274597
35887,0.17445381581783295
35888,0.2557866334915161
35889,0.18336468040943146
35890,0.14004810899496078
35891,0.19542679488658904
35892,0.11662736386060715
35893,0.2738624900579453
35894,0.2640976935625076
35895,0.2295149177312851
35896,0.1297286719083786
35897,0.2129507452249527
35898,0.1777447760105133
35899,0.23832529485225679
35900,0.2223433554172516
35901,0.37431536316871644
35902,0.19424083828926086
35903,0.3229739785194397
35904,0.15617674142122268
35905,0.2161341577768326
35906,0.2061773419380188
35907,0.247092542052269
35908,0.18614026606082917
35909,0.20021333694458007
35910,0.2330506592988968
35911,0.17537628710269929
35912,0.20385134518146514
35913,0.21517946422100068
35914,0.1590263783931732
35915,0.21848352253437042
35916,0.22416356801986695
35917,0.2393281489610672
35918,0.2588180094957352
35919,0.22700632512569427
35920,0.21298325657844544
35921,0.22641102075576783
35922,0.2139050304889679
35923,0.22120921313762665
35924,0.1852798193693161
35925,0.2047751784324646
35926,0.18513340651988983
35927,0.21762897372245787
35928,0.18925668001174928
35929,0.2598292678594589
35930,0.1829354166984558
35931,0.1963021218776703
35932,0.18891975581645964
35933,0.2777714729309082
35934,0.23142886757850648
35935,0.15052734613418578
35936,0.23126571178436278
35937,0.14943810403347016
35938,0.15092064440250397
35939,0.18647555410861968
35940,0.233633553981781
35941,0.1775255411863327
35942,0.21824087500572203
35943,0.19810148775577546
35944,0.14820553362369537
35945,0.14512504637241364
35946,0.15211771726608275
35947,0.17737734019756318
35948,0.18927498459815978
35949,0.1516873925924301
35950,0.22524376213550568
35951,0.29533607959747316
35952,0.1754100203514099
35953,0.2600750833749771
35954,0.20661428570747375
35955,0.24555347859859467
35956,0.22242838144302368
35957,0.2149071514606476
35958,0.19124334752559663
35959,0.22749447524547578
35960,0.24329054951667786
35961,0.16143133044242858
35962,0.269584932923317
35963,0.16431079506874086
35964,0.2770021051168442
35965,0.16249121725559235
35966,0.26275486052036284
35967,0.25705365240573885
35968,0.21649002730846406
35969,0.2308659702539444
35970,0.19172067046165467
35971,0.1184226930141449
35972,0.20643937289714814
35973,0.20170724987983704
35974,0.29599887430667876
35975,0.2116670072078705
35976,0.2122602105140686
35977,0.15520111918449403
35978,0.21421290338039398
35979,0.14576112180948259
35980,0.2353535622358322
35981,0.1915372997522354
35982,0.20419930517673493
35983,0.21516738831996918
35984,0.1848345935344696
35985,0.22351279258728027
35986,0.25039550960063933
35987,0.265935605764389
35988,0.2143685430288315
35989,0.1955446869134903
35990,0.11761952042579651
35991,0.12044919282197952
35992,0.23120194673538208
35993,0.2513826102018356
35994,0.16062626540660857
35995,0.3581720292568207
35996,0.1486199676990509
35997,0.2659236818552017
35998,0.22722497582435608
35999,0.1621620774269104
36000,0.191381099820137
36001,0.2457313358783722
36002,0.24417706429958344
36003,0.19361101984977722
36004,0.13028694540262223
36005,0.2733327031135559
36006,0.2765787661075592
36007,0.24989569783210755
36008,0.16499835550785064
36009,0.24142946600914
36010,0.26592614948749543
36011,0.24149819314479828
36012,0.20950052738189698
36013,0.1611703157424927
36014,0.2189355343580246
36015,0.1970129907131195
36016,0.24525014758110047
36017,0.2842238038778305
36018,0.1754278838634491
36019,0.2284587413072586
36020,0.16631325781345369
36021,0.15550193786621094
36022,0.2652344644069672
36023,0.2089126229286194
36024,0.2059996634721756
36025,0.13744647353887557
36026,0.3441270351409912
36027,0.19935880601406097
36028,0.23328804671764375
36029,0.32023447155952456
36030,0.15513165295124054
36031,0.1911903887987137
36032,0.14090093821287156
36033,0.17287697196006774
36034,0.21714776158332824
36035,0.188510724902153
36036,0.1788659632205963
36037,0.1562225878238678
36038,0.21685091257095337
36039,0.23183272778987885
36040,0.20569489598274232
36041,0.25914186537265776
36042,0.20385807156562805
36043,0.24527224898338318
36044,0.29819366335868835
36045,0.14463730454444884
36046,0.21854022443294524
36047,0.18715146481990813
36048,0.21551038026809693
36049,0.22695018649101256
36050,0.14151161462068557
36051,0.181330668926239
36052,0.22294259667396546
36053,0.2221592605113983
36054,0.21360637843608857
36055,0.17270964086055757
36056,0.289927077293396
36057,0.2643550843000412
36058,0.13159686028957368
36059,0.20782827734947204
36060,0.21142592132091523
36061,0.1289265349507332
36062,0.20067645013332366
36063,0.2597642868757248
36064,0.14853287041187285
36065,0.1714530259370804
36066,0.18097085356712342
36067,0.22774985134601594
36068,0.16400755941867828
36069,0.19003535509109498
36070,0.15127187073230744
36071,0.24506232440471648
36072,0.23511750400066375
36073,0.2899750530719757
36074,0.2444349229335785
36075,0.21478509902954102
36076,0.1426987648010254
36077,0.27299081683158877
36078,0.22873953580856324
36079,0.33461846113204957
36080,0.23280718326568603
36081,0.2121039241552353
36082,0.20708896219730377
36083,0.19182533025741577
36084,0.21746573746204376
36085,0.22868407964706422
36086,0.1418123498558998
36087,0.2360400676727295
36088,0.20629178881645202
36089,0.16750069260597228
36090,0.32795760631561277
36091,0.20684484541416168
36092,0.15340108573436737
36093,0.2539020121097565
36094,0.17644855380058289
36095,0.22356786131858825
36096,0.20063942074775695
36097,0.21580251455307006
36098,0.13048403412103654
36099,0.15296377539634703
36100,0.3134945213794708
36101,0.2156467467546463
36102,0.21447378396987915
36103,0.26402458250522615
36104,0.23093580603599548
36105,0.15790900588035583
36106,0.17490634173154831
36107,0.1702486604452133
36108,0.23444774448871614
36109,0.21672576069831848
36110,0.21264733970165253
36111,0.21029275059700012
36112,0.25631381273269654
36113,0.24439286887645723
36114,0.22933671176433562
36115,0.19423534870147705
36116,0.23302257657051087
36117,0.19339774250984193
36118,0.21360827386379241
36119,0.17133273780345917
36120,0.21915075778961182
36121,0.2233229845762253
36122,0.14361436069011688
36123,0.14192766547203065
36124,0.2915555894374847
36125,0.1691342532634735
36126,0.19663513600826263
36127,0.25202375948429107
36128,0.24967356622219086
36129,0.2660593122243881
36130,0.21870744824409485
36131,0.17560632824897765
36132,0.1839563101530075
36133,0.13712721616029738
36134,0.209352245926857
36135,0.24728605151176453
36136,0.21239887773990632
36137,0.28194972276687624
36138,0.20248745679855346
36139,0.1431547850370407
36140,0.17346277832984924
36141,0.22561946511268616
36142,0.1668332725763321
36143,0.31311328113079073
36144,0.20435128808021547
36145,0.17671855688095092
36146,0.20440914630889892
36147,0.1913498729467392
36148,0.11526326388120652
36149,0.23645702600479127
36150,0.20141644179821014
36151,0.21959976553916932
36152,0.24136920869350434
36153,0.13850752711296083
36154,0.2582805424928665
36155,0.2666033685207367
36156,0.23244597911834716
36157,0.20220680236816407
36158,0.18493309617042542
36159,0.158546607196331
36160,0.20341046750545502
36161,0.21002616584300995
36162,0.226464182138443
36163,0.12400305271148682
36164,0.19111818671226502
36165,0.20875391364097595
36166,0.24200625121593475
36167,0.15154862999916077
36168,0.24972960650920867
36169,0.15747423768043517
36170,0.23739489912986755
36171,0.21295593082904815
36172,0.18913769721984863
36173,0.1688720017671585
36174,0.17673844397068023
36175,0.1822256475687027
36176,0.14968588948249817
36177,0.12727207094430923
36178,0.19313702881336212
36179,0.2189542233943939
36180,0.14851939529180527
36181,0.18059906363487244
36182,0.18630408644676208
36183,0.22304794192314148
36184,0.2175750494003296
36185,0.1720839709043503
36186,0.14642415195703506
36187,0.19858767092227936
36188,0.21396923661231995
36189,0.2438556045293808
36190,0.23126792013645173
36191,0.20003480315208436
36192,0.19605242609977722
36193,0.14417599886655807
36194,0.1994742751121521
36195,0.253426605463028
36196,0.10474540740251541
36197,0.20611996352672576
36198,0.1607379287481308
36199,0.31751405000686644
36200,0.17001432478427886
36201,0.20677616596221923
36202,0.1978497475385666
36203,0.1910463273525238
36204,0.14257094711065293
36205,0.2218444049358368
36206,0.13802105486392974
36207,0.23859117329120635
36208,0.25775632858276365
36209,0.25462007224559785
36210,0.266644561290741
36211,0.20760764479637145
36212,0.1767331689596176
36213,0.13565550595521927
36214,0.2740352153778076
36215,0.18200360238552094
36216,0.24258825182914734
36217,0.17454099655151367
36218,0.18972322940826417
36219,0.17377366423606871
36220,0.17305053770542145
36221,0.1718922883272171
36222,0.18049279898405074
36223,0.24118387699127197
36224,0.1688448578119278
36225,0.15694391429424287
36226,0.21491396129131318
36227,0.17120705246925355
36228,0.13933705985546113
36229,0.2649385303258896
36230,0.22061293423175812
36231,0.16212964057922363
36232,0.2378034383058548
36233,0.1211921826004982
36234,0.18011053502559662
36235,0.18054960072040557
36236,0.20692963302135467
36237,0.15796704590320587
36238,0.19596346020698546
36239,0.19417512118816377
36240,0.20226044952869415
36241,0.2855060130357742
36242,0.13624269366264344
36243,0.17013048231601716
36244,0.1995751142501831
36245,0.22558267414569855
36246,0.22986004054546355
36247,0.1892947167158127
36248,0.16255820989608766
36249,0.28128370046615603
36250,0.22289658784866334
36251,0.18032468259334564
36252,0.19062041640281677
36253,0.22733725905418395
36254,0.15453489124774933
36255,0.13720473051071166
36256,0.175894096493721
36257,0.1489207923412323
36258,0.1125863879919052
36259,0.1928991198539734
36260,0.1705394685268402
36261,0.25255395472049713
36262,0.16095783114433287
36263,0.17492339462041856
36264,0.19820039272308348
36265,0.21877266764640807
36266,0.16889548003673555
36267,0.26124235391616824
36268,0.15107447803020477
36269,0.1545140489935875
36270,0.13577084690332414
36271,0.14525314718484877
36272,0.14538364261388778
36273,0.20336025655269624
36274,0.1836453288793564
36275,0.2875127077102661
36276,0.23815955817699433
36277,0.12780693918466568
36278,0.17002384960651398
36279,0.1632164090871811
36280,0.21403731405735016
36281,0.2282886266708374
36282,0.2285173714160919
36283,0.25122887790203097
36284,0.2527974247932434
36285,0.1798599749803543
36286,0.20586195588111877
36287,0.23500049114227295
36288,0.163336318731308
36289,0.24446018636226655
36290,0.13536042869091033
36291,0.16157961189746856
36292,0.2016005575656891
36293,0.22894834280014037
36294,0.13858771771192552
36295,0.13375529944896697
36296,0.24808290600776672
36297,0.21826365888118743
36298,0.1673387408256531
36299,0.15803625285625458
36300,0.14471833407878876
36301,0.22855195701122283
36302,0.24599192440509796
36303,0.14402586668729783
36304,0.20503474473953248
36305,0.2650841921567917
36306,0.2116069734096527
36307,0.1858613520860672
36308,0.12870545834302902
36309,0.22195288836956023
36310,0.11133541762828827
36311,0.3093187153339386
36312,0.293913334608078
36313,0.24639576971530913
36314,0.22903637290000917
36315,0.2427884191274643
36316,0.20573458969593048
36317,0.15204950273036957
36318,0.17013275921344756
36319,0.18444029688835145
36320,0.23670485615730286
36321,0.21240273416042327
36322,0.19157798886299132
36323,0.2569150745868683
36324,0.2532213628292084
36325,0.17514466643333435
36326,0.20681275725364684
36327,0.20556795001029968
36328,0.18323048949241638
36329,0.1758168637752533
36330,0.17957543730735778
36331,0.18281838893890381
36332,0.2618428528308868
36333,0.24293931424617768
36334,0.11810106784105301
36335,0.2012960880994797
36336,0.15207695066928864
36337,0.2579788535833359
36338,0.20607154369354247
36339,0.20589823126792908
36340,0.20162362456321717
36341,0.20826171040534974
36342,0.14764188528060912
36343,0.35292559266090395
36344,0.18951427340507507
36345,0.20751380920410156
36346,0.2334692358970642
36347,0.23352110087871553
36348,0.1897679328918457
36349,0.1673781007528305
36350,0.21470171213150024
36351,0.19319432973861694
36352,0.10768879354000091
36353,0.26013189256191255
36354,0.1704695612192154
36355,0.16169497072696687
36356,0.15739714205265046
36357,0.21501777768135072
36358,0.27465865314006804
36359,0.16436182856559753
36360,0.15193091630935668
36361,0.16276968121528626
36362,0.17445907294750213
36363,0.14617914706468582
36364,0.1627146691083908
36365,0.23815662264823914
36366,0.27414507865905763
36367,0.2035304307937622
36368,0.21560730040073395
36369,0.21170203685760497
36370,0.1907164990901947
36371,0.1982552170753479
36372,0.2934614598751068
36373,0.2446811556816101
36374,0.2230136960744858
36375,0.15605287849903107
36376,0.174240779876709
36377,0.2503799110651016
36378,0.15577152669429778
36379,0.22392360270023345
36380,0.2122869074344635
36381,0.2424408107995987
36382,0.1464109018445015
36383,0.26615711450576784
36384,0.15077401399612428
36385,0.25355015099048617
36386,0.13751136958599092
36387,0.18790286481380464
36388,0.16664543747901917
36389,0.23116455376148223
36390,0.15902265906333923
36391,0.312839549779892
36392,0.17408578395843505
36393,0.26793698966503143
36394,0.2580643206834793
36395,0.21594177186489105
36396,0.16933086812496184
36397,0.13489947468042374
36398,0.18974715769290923
36399,0.20311856269836426
36400,0.22643895149230958
36401,0.1942326158285141
36402,0.2395925134420395
36403,0.15660135447978973
36404,0.18142651319503783
36405,0.20427506566047668
36406,0.20662224292755127
36407,0.18293101489543914
36408,0.16833216845989227
36409,0.1400420069694519
36410,0.20410051941871643
36411,0.18454294204711913
36412,0.2391568899154663
36413,0.1253870725631714
36414,0.2617852747440338
36415,0.23650359213352204
36416,0.25317676067352296
36417,0.2042204409837723
36418,0.23022763729095458
36419,0.1427752137184143
36420,0.2090702086687088
36421,0.23830506801605225
36422,0.3235915780067444
36423,0.18896441161632538
36424,0.16608285009860993
36425,0.28340051770210267
36426,0.14879561066627503
36427,0.2355313777923584
36428,0.1697706937789917
36429,0.18726968467235566
36430,0.14097945839166642
36431,0.23130075335502626
36432,0.14329645037651062
36433,0.1598561465740204
36434,0.2702141165733337
36435,0.1549503058195114
36436,0.23506790399551392
36437,0.18178118467330934
36438,0.18513876497745513
36439,0.18361015915870665
36440,0.17069698572158815
36441,0.3263918399810791
36442,0.14883989542722703
36443,0.1629832237958908
36444,0.1580287516117096
36445,0.24677633345127106
36446,0.15742941200733185
36447,0.199159374833107
36448,0.21126657724380493
36449,0.16164878606796265
36450,0.18170502185821533
36451,0.22517411708831786
36452,0.19265778362751007
36453,0.20412009060382844
36454,0.1618255466222763
36455,0.21465377509593964
36456,0.19862671494483947
36457,0.20271565318107604
36458,0.18540786504745482
36459,0.2171718269586563
36460,0.26876558661460875
36461,0.24403638243675232
36462,0.14224908798933028
36463,0.20230641663074495
36464,0.15171252191066742
36465,0.20186236202716829
36466,0.2666255921125412
36467,0.20393055975437163
36468,0.15631901025772094
36469,0.23334087431430817
36470,0.1533261239528656
36471,0.23103999495506286
36472,0.15573691427707673
36473,0.20792831480503082
36474,0.29787604212760926
36475,0.2087361603975296
36476,0.2501418709754944
36477,0.2200125813484192
36478,0.14899512529373168
36479,0.18172792047262193
36480,0.279401907324791
36481,0.26817559599876406
36482,0.1883932501077652
36483,0.16951751112937927
36484,0.19318749606609345
36485,0.17087860703468322
36486,0.21176670789718627
36487,0.19210112392902373
36488,0.2666142910718918
36489,0.20533418655395508
36490,0.1467822954058647
36491,0.2546935617923737
36492,0.19504702985286712
36493,0.23858759701251983
36494,0.24178044497966766
36495,0.12327424287796021
36496,0.15479613840579987
36497,0.26814407408237456
36498,0.20148368775844575
36499,0.23810555040836334
36500,0.16108556389808654
36501,0.25089996457099917
36502,0.1429983764886856
36503,0.13467977643013002
36504,0.2134539842605591
36505,0.13546334058046341
36506,0.16229325234889985
36507,0.15885997116565703
36508,0.20465437471866607
36509,0.23748070001602173
36510,0.13543471693992615
36511,0.18110899329185487
36512,0.16836053431034087
36513,0.17958658337593078
36514,0.19368534982204438
36515,0.15368986129760742
36516,0.16475411653518676
36517,0.17307851314544678
36518,0.1915743187069893
36519,0.22220601439476012
36520,0.19588980674743653
36521,0.10947033762931824
36522,0.1820641428232193
36523,0.23604802191257476
36524,0.16197220981121063
36525,0.24555615484714508
36526,0.17111849784851074
36527,0.14637100994586943
36528,0.22694366574287414
36529,0.31620787978172304
36530,0.2272232472896576
36531,0.19338657855987548
36532,0.2633716195821762
36533,0.20499812364578246
36534,0.22505203783512115
36535,0.18977077305316925
36536,0.21486140489578248
36537,0.22832526564598082
36538,0.15372423082590103
36539,0.22936721742153168
36540,0.18854205310344696
36541,0.19002763628959657
36542,0.1791231870651245
36543,0.182871276140213
36544,0.1826270490884781
36545,0.1647847294807434
36546,0.22630180418491364
36547,0.18942728638648987
36548,0.22311529219150544
36549,0.22667646110057832
36550,0.16438955962657928
36551,0.2740933746099472
36552,0.2766040086746216
36553,0.15910993218421937
36554,0.2211947798728943
36555,0.2985638976097107
36556,0.15387067198753357
36557,0.15781488120555878
36558,0.20005986988544464
36559,0.19010128676891327
36560,0.21612572968006133
36561,0.20395956337451934
36562,0.18975343108177184
36563,0.1473940759897232
36564,0.2329922318458557
36565,0.12249919325113297
36566,0.272388282418251
36567,0.14577167630195617
36568,0.1687216192483902
36569,0.17527386248111726
36570,0.34035117030143736
36571,0.22507181763648987
36572,0.1898175984621048
36573,0.3376923739910126
36574,0.2638283967971802
36575,0.2076381266117096
36576,0.190151908993721
36577,0.18137321770191192
36578,0.22407877445220947
36579,0.14156511425971985
36580,0.23210108280181885
36581,0.2230072557926178
36582,0.17346258461475372
36583,0.23147423863410949
36584,0.18292350471019744
36585,0.24366150796413422
36586,0.1777096688747406
36587,0.22679318189620973
36588,0.14183948636054994
36589,0.24129675030708314
36590,0.18835680484771727
36591,0.26210753321647645
36592,0.2645302563905716
36593,0.10803404748439789
36594,0.16256386041641235
36595,0.1912463426589966
36596,0.17220343351364137
36597,0.17704208493232726
36598,0.17718561887741088
36599,0.14165588915348054
36600,0.2042861521244049
36601,0.2612464755773544
36602,0.20331260561943054
36603,0.23589850068092347
36604,0.18084817230701447
36605,0.2177244484424591
36606,0.15727038979530333
36607,0.23646087050437928
36608,0.16623938083648682
36609,0.20237037241458894
36610,0.19410632848739623
36611,0.17661159336566926
36612,0.18405097126960754
36613,0.19442553222179412
36614,0.2982835412025452
36615,0.1665214031934738
36616,0.2438382923603058
36617,0.1537691444158554
36618,0.2701582610607147
36619,0.17891098260879518
36620,0.18058456778526305
36621,0.20790003836154938
36622,0.18031472265720366
36623,0.21394591629505158
36624,0.3484522342681885
36625,0.2239575743675232
36626,0.1588235765695572
36627,0.2516631484031677
36628,0.2129698723554611
36629,0.17879826426506043
36630,0.18165484070777893
36631,0.17381495535373687
36632,0.15360575914382935
36633,0.15052092373371123
36634,0.3153515994548798
36635,0.194985032081604
36636,0.22745979726314544
36637,0.1708855539560318
36638,0.2928531408309937
36639,0.17780229747295379
36640,0.2620775729417801
36641,0.24701471328735353
36642,0.22818479239940642
36643,0.2483500510454178
36644,0.19758733808994294
36645,0.20337005853652954
36646,0.19204393923282623
36647,0.2548694133758545
36648,0.2378494143486023
36649,0.21686128079891204
36650,0.2631788432598114
36651,0.20986346900463104
36652,0.23123485445976258
36653,0.18155047297477722
36654,0.1590767025947571
36655,0.25031085014343263
36656,0.22216682732105256
36657,0.2664190918207169
36658,0.17201510220766067
36659,0.13767685294151305
36660,0.20573609173297883
36661,0.13069789111614227
36662,0.1606158584356308
36663,0.19293045699596406
36664,0.19432315826416016
36665,0.15462698340415953
36666,0.2449136793613434
36667,0.18503498136997223
36668,0.16880934238433837
36669,0.16533973217010497
36670,0.21294873654842378
36671,0.18377178013324738
36672,0.2099860280752182
36673,0.13839092403650283
36674,0.2305794507265091
36675,0.14285970628261566
36676,0.25960936546325686
36677,0.2447113275527954
36678,0.2472701698541641
36679,0.20369206070899964
36680,0.14181364923715592
36681,0.19130793809890748
36682,0.1668310821056366
36683,0.14567883610725402
36684,0.20593205988407134
36685,0.27697721421718596
36686,0.2156630903482437
36687,0.1926904648542404
36688,0.2083922177553177
36689,0.2515531361103058
36690,0.22756586968898773
36691,0.1923078030347824
36692,0.1411673903465271
36693,0.19825021922588348
36694,0.1834421157836914
36695,0.16825754344463348
36696,0.1965022087097168
36697,0.19799762666225434
36698,0.22675676345825196
36699,0.2901552438735962
36700,0.20550399422645568
36701,0.15448037087917327
36702,0.22533302009105682
36703,0.17800414860248565
36704,0.22674112915992736
36705,0.13368680477142333
36706,0.26061917543411256
36707,0.1413251593708992
36708,0.2619431734085083
36709,0.2093737781047821
36710,0.2490738809108734
36711,0.1867014765739441
36712,0.1574972987174988
36713,0.21760025322437287
36714,0.16596907675266265
36715,0.1900200217962265
36716,0.20524707436561584
36717,0.18299971222877504
36718,0.18739821910858154
36719,0.1641788214445114
36720,0.20533406734466553
36721,0.22982380390167237
36722,0.20760459899902345
36723,0.2648557096719742
36724,0.21868868470191954
36725,0.23608712255954742
36726,0.2745807856321335
36727,0.21989831030368806
36728,0.23810687363147737
36729,0.25328804850578307
36730,0.2237103760242462
36731,0.1637030452489853
36732,0.22506467998027802
36733,0.14781665205955505
36734,0.2383924424648285
36735,0.2607062518596649
36736,0.26093927323818206
36737,0.23271763026714326
36738,0.17364561557769775
36739,0.23475335240364076
36740,0.22466675341129302
36741,0.18732644915580748
36742,0.19411677718162537
36743,0.13169319331645965
36744,0.23754694759845735
36745,0.20763607919216157
36746,0.21976318061351777
36747,0.1601753294467926
36748,0.19079528450965882
36749,0.215024134516716
36750,0.22048166990280152
36751,0.18637978732585908
36752,0.2289932757616043
36753,0.11349072307348251
36754,0.2784906208515167
36755,0.12820003926753998
36756,0.23564017415046692
36757,0.23962284624576569
36758,0.31258437037467957
36759,0.17974687218666077
36760,0.16241884231567383
36761,0.24743807911872864
36762,0.2529474884271622
36763,0.19627459049224855
36764,0.18918576836585999
36765,0.17668767869472504
36766,0.20380419492721558
36767,0.23734650909900665
36768,0.18193080723285676
36769,0.1795060783624649
36770,0.20549169182777405
36771,0.15104159861803054
36772,0.23643496930599212
36773,0.1502799779176712
36774,0.15058740675449372
36775,0.22199094891548157
36776,0.15450651645660402
36777,0.18789359629154206
36778,0.32555156350135805
36779,0.25284773111343384
36780,0.19359495639801025
36781,0.2294137328863144
36782,0.26071318089962003
36783,0.1881656050682068
36784,0.35190998315811156
36785,0.2169098824262619
36786,0.15510331392288207
36787,0.22138421535491942
36788,0.2045454651117325
36789,0.16906857788562774
36790,0.2825825035572052
36791,0.15012262761592865
36792,0.18820961713790893
36793,0.20522991418838502
36794,0.17907764315605162
36795,0.21708184778690337
36796,0.2081110030412674
36797,0.23371079564094543
36798,0.21260130703449248
36799,0.2524567455053329
36800,0.19801437556743623
36801,0.30499168038368224
36802,0.13614231646060942
36803,0.17531143128871918
36804,0.25252717137336733
36805,0.23664088547229767
36806,0.20203318297863007
36807,0.29163979589939115
36808,0.22039664089679717
36809,0.26124275624752047
36810,0.21607231795787812
36811,0.2395261436700821
36812,0.19344638288021088
36813,0.2903481721878052
36814,0.1615423381328583
36815,0.21314764022827148
36816,0.11997996717691421
36817,0.19196656048297883
36818,0.17019827365875245
36819,0.2009504348039627
36820,0.17278533279895783
36821,0.1340741977095604
36822,0.21425817608833314
36823,0.15452516674995423
36824,0.16791102886199952
36825,0.3094820499420166
36826,0.19086597859859467
36827,0.1587289497256279
36828,0.16947364509105683
36829,0.1831861913204193
36830,0.1112131953239441
36831,0.21825439035892485
36832,0.20935026407241822
36833,0.22407484352588652
36834,0.2534627944231033
36835,0.29649590253829955
36836,0.26960873901844024
36837,0.20349495112895966
36838,0.19038889110088347
36839,0.24922657608985901
36840,0.18368870615959168
36841,0.25091158747673037
36842,0.22247935831546783
36843,0.17075686454772948
36844,0.16838937103748322
36845,0.2738662242889404
36846,0.17835212051868438
36847,0.11895318031311035
36848,0.13453151881694794
36849,0.3305692791938782
36850,0.16809093654155732
36851,0.21293454766273498
36852,0.24869099259376526
36853,0.1829896718263626
36854,0.23945170342922212
36855,0.17827196419239044
36856,0.20538450479507447
36857,0.22100360989570617
36858,0.22300053238868714
36859,0.21624950170516968
36860,0.264714315533638
36861,0.15103179216384888
36862,0.1228645160794258
36863,0.18910875022411347
36864,0.22873084247112274
36865,0.20963183641433716
36866,0.22628594934940338
36867,0.1927276521921158
36868,0.23953329622745514
36869,0.2074972003698349
36870,0.25602016746997835
36871,0.24011642336845399
36872,0.23063445091247559
36873,0.17839246690273286
36874,0.2006074607372284
36875,0.17018766701221466
36876,0.21791475415229797
36877,0.16716941595077514
36878,0.20003075301647186
36879,0.1795720010995865
36880,0.265860515832901
36881,0.16801761388778685
36882,0.1658456265926361
36883,0.14622766077518462
36884,0.17104199826717376
36885,0.24795486330986022
36886,0.3160138189792633
36887,0.20684976875782013
36888,0.16438181698322296
36889,0.2959567248821259
36890,0.1457403779029846
36891,0.17875049710273744
36892,0.2098938047885895
36893,0.17594285011291505
36894,0.19700147807598115
36895,0.15427401065826415
36896,0.15797304213047028
36897,0.24571268558502196
36898,0.2604503870010376
36899,0.153282430768013
36900,0.150082066655159
36901,0.16352525353431702
36902,0.2639035165309906
36903,0.2548099756240845
36904,0.2092627316713333
36905,0.22963277399539947
36906,0.1786952257156372
36907,0.17118378579616547
36908,0.16481645107269288
36909,0.21843166649341583
36910,0.21360032856464387
36911,0.128141950070858
36912,0.20445194244384765
36913,0.2228406697511673
36914,0.17283404469490052
36915,0.1571814239025116
36916,0.20546095967292785
36917,0.2578853785991669
36918,0.21813412606716157
36919,0.19312809109687806
36920,0.16348983347415924
36921,0.17096923887729645
36922,0.13042475134134293
36923,0.1525419056415558
36924,0.22934774458408355
36925,0.16436101496219635
36926,0.27324689626693727
36927,0.20270540714263915
36928,0.28355513215065004
36929,0.22296005487442017
36930,0.26569582223892213
36931,0.22261973321437836
36932,0.21123036444187165
36933,0.22960793375968933
36934,0.2268049567937851
36935,0.18609990179538727
36936,0.16590509414672852
36937,0.2350418746471405
36938,0.16402020454406738
36939,0.18557977676391602
36940,0.16756794452667237
36941,0.2675881952047348
36942,0.19668294191360475
36943,0.16364647448062897
36944,0.2239774286746979
36945,0.15699800550937654
36946,0.1967736780643463
36947,0.22369655072689057
36948,0.1240060955286026
36949,0.26755993664264677
36950,0.20289147794246673
36951,0.1947833389043808
36952,0.1695163816213608
36953,0.23315277099609374
36954,0.19110779762268065
36955,0.19018025696277618
36956,0.18659664392471315
36957,0.20830244123935698
36958,0.2209691286087036
36959,0.12632026225328447
36960,0.19852118492126464
36961,0.21308164596557616
36962,0.33167150616645813
36963,0.1807338833808899
36964,0.18707044422626495
36965,0.14471534192562102
36966,0.11739832609891891
36967,0.2402940034866333
36968,0.23763227164745332
36969,0.22036738991737365
36970,0.26575965583324435
36971,0.29183782935142516
36972,0.22063123285770417
36973,0.16473346054553986
36974,0.25491132736206057
36975,0.19029501080513
36976,0.21479650735855102
36977,0.2149736613035202
36978,0.1566923290491104
36979,0.26196869313716886
36980,0.22354580461978912
36981,0.2313109278678894
36982,0.24102678000926972
36983,0.20531111657619477
36984,0.179134339094162
36985,0.1674721583724022
36986,0.13704175353050232
36987,0.1713106334209442
36988,0.21498679220676423
36989,0.25519625246524813
36990,0.13765356838703155
36991,0.19957158267498015
36992,0.15744163990020751
36993,0.18618066906929015
36994,0.3288744926452637
36995,0.26894137263298035
36996,0.20610090494155883
36997,0.18584356606006622
36998,0.21655087172985077
36999,0.1537880375981331
37000,0.1527164101600647
37001,0.18510953187942505
37002,0.2702574968338013
37003,0.19610590040683745
37004,0.2594796597957611
37005,0.19172678589820863
37006,0.2211545944213867
37007,0.2131628543138504
37008,0.16238767504692078
37009,0.21901302933692932
37010,0.18631527423858643
37011,0.20880872905254363
37012,0.21319725811481477
37013,0.2408826619386673
37014,0.17638590633869172
37015,0.22116460502147675
37016,0.17758643329143525
37017,0.26527858078479766
37018,0.2386364996433258
37019,0.10800095349550247
37020,0.22533924281597137
37021,0.2303818166255951
37022,0.1989640474319458
37023,0.1930856943130493
37024,0.18577953279018403
37025,0.19092589914798735
37026,0.23372348845005037
37027,0.18209265172481537
37028,0.18224935829639435
37029,0.21282318830490113
37030,0.30399545431137087
37031,0.3153132349252701
37032,0.22388632595539093
37033,0.1648069679737091
37034,0.16389599740505217
37035,0.21601451933383942
37036,0.16618595123291016
37037,0.1442904829978943
37038,0.12825903594493865
37039,0.19623276591300964
37040,0.16950195729732515
37041,0.17452879548072814
37042,0.1917277455329895
37043,0.27998632490634917
37044,0.2211090475320816
37045,0.13251549303531646
37046,0.2636873692274094
37047,0.19127111434936522
37048,0.18705078065395356
37049,0.15002216249704362
37050,0.18659167885780334
37051,0.17933449447154998
37052,0.1557045340538025
37053,0.2357193946838379
37054,0.15456445813179015
37055,0.2185625970363617
37056,0.2103707641363144
37057,0.142385233938694
37058,0.20173879265785216
37059,0.1593917042016983
37060,0.2153674691915512
37061,0.18775837123394012
37062,0.140640589594841
37063,0.15326514542102815
37064,0.17512903213500977
37065,0.28721982836723325
37066,0.2478248655796051
37067,0.1958779811859131
37068,0.22417834997177125
37069,0.1843735843896866
37070,0.19722762405872346
37071,0.18392085433006286
37072,0.19855268597602843
37073,0.12878588140010833
37074,0.19153614044189454
37075,0.25910945534706115
37076,0.2409621834754944
37077,0.18331954777240753
37078,0.19122351706027985
37079,0.23087563812732698
37080,0.16128238439559936
37081,0.1983476012945175
37082,0.1632709562778473
37083,0.23253174424171447
37084,0.1695870965719223
37085,0.1396387994289398
37086,0.18343190252780914
37087,0.20425629019737243
37088,0.18728172779083252
37089,0.25246175229549406
37090,0.2932926893234253
37091,0.18466080725193024
37092,0.13987231254577637
37093,0.15847952365875245
37094,0.2500102609395981
37095,0.24511510729789734
37096,0.24741753339767455
37097,0.14121823906898498
37098,0.18213875591754913
37099,0.20977524816989898
37100,0.18627249002456664
37101,0.2464628964662552
37102,0.1486748218536377
37103,0.14236458092927934
37104,0.19748002886772156
37105,0.18530751168727874
37106,0.2516452670097351
37107,0.18419287204742432
37108,0.1860670566558838
37109,0.25808205306529997
37110,0.17704575061798095
37111,0.14035606533288955
37112,0.23086289763450624
37113,0.13702631294727324
37114,0.1714141249656677
37115,0.23582494556903838
37116,0.24913209676742554
37117,0.22713252902030945
37118,0.22822494208812713
37119,0.1758863478899002
37120,0.19341211915016174
37121,0.21693840026855468
37122,0.17237896621227264
37123,0.20730300843715668
37124,0.16656590700149537
37125,0.23417887687683106
37126,0.15596242249011993
37127,0.23152108490467072
37128,0.16201235353946686
37129,0.23783436119556428
37130,0.19395520389080048
37131,0.23703016042709352
37132,0.16480382680892944
37133,0.1865973562002182
37134,0.2339865744113922
37135,0.20298923552036285
37136,0.15261807441711425
37137,0.20177341997623444
37138,0.22416574954986573
37139,0.18444390296936036
37140,0.19136712253093718
37141,0.15306102931499482
37142,0.22407220005989076
37143,0.23539672195911407
37144,0.16500862836837768
37145,0.20896369218826294
37146,0.19285147190093993
37147,0.2295404076576233
37148,0.16379114091396332
37149,0.2109758049249649
37150,0.2268026202917099
37151,0.19334994554519652
37152,0.33142064809799193
37153,0.13517677485942842
37154,0.24430801272392272
37155,0.20141247808933258
37156,0.15909044742584227
37157,0.17401289641857148
37158,0.25408502519130705
37159,0.12405644953250886
37160,0.199164217710495
37161,0.2129730761051178
37162,0.2841958820819855
37163,0.19327940940856933
37164,0.18036252558231353
37165,0.19574585556983948
37166,0.1370672345161438
37167,0.20346060395240784
37168,0.16285108029842377
37169,0.23092891573905944
37170,0.2461411565542221
37171,0.12926245331764222
37172,0.1921084076166153
37173,0.3426110863685608
37174,0.17835686206817628
37175,0.15509473383426667
37176,0.21567441821098327
37177,0.24594144523143768
37178,0.19203005135059356
37179,0.23863160610198975
37180,0.17674986124038697
37181,0.20471639931201935
37182,0.22755654156208038
37183,0.13691349774599076
37184,0.30278409719467164
37185,0.18443012237548828
37186,0.1946440577507019
37187,0.1479310631752014
37188,0.14720317125320434
37189,0.1477508082985878
37190,0.20425877273082732
37191,0.16913173198699952
37192,0.2706862539052963
37193,0.2637889117002487
37194,0.2428172707557678
37195,0.16434876024723052
37196,0.21333391666412355
37197,0.2647661715745926
37198,0.16093441098928452
37199,0.17584923505783082
37200,0.2681990027427673
37201,0.22675649523735047
37202,0.23646624982357026
37203,0.16772126853466035
37204,0.17697477340698242
37205,0.2562043458223343
37206,0.135143680870533
37207,0.11844214498996734
37208,0.1699688673019409
37209,0.23455366790294646
37210,0.13703087568283082
37211,0.19040051102638245
37212,0.2579772651195526
37213,0.13612695336341857
37214,0.16142360866069794
37215,0.13531662821769713
37216,0.255170738697052
37217,0.2199999213218689
37218,0.2604797512292862
37219,0.21730031073093414
37220,0.1541359692811966
37221,0.17229824364185334
37222,0.23291999697685242
37223,0.1875914990901947
37224,0.19257764816284179
37225,0.2685131311416626
37226,0.2031760960817337
37227,0.13050619810819625
37228,0.16729142367839814
37229,0.2574260324239731
37230,0.19720368981361389
37231,0.2370252341032028
37232,0.255023330450058
37233,0.3175822377204895
37234,0.21684204041957855
37235,0.16957288682460786
37236,0.17904560565948485
37237,0.195347660779953
37238,0.22608841061592103
37239,0.24547117650508882
37240,0.15160375088453293
37241,0.22575590908527374
37242,0.17363836467266083
37243,0.2733118534088135
37244,0.21660095751285552
37245,0.13641271144151687
37246,0.15937137305736543
37247,0.2625166952610016
37248,0.13623641133308412
37249,0.19960195124149321
37250,0.16751575767993926
37251,0.1600654423236847
37252,0.1952177345752716
37253,0.20156282484531401
37254,0.16798568964004518
37255,0.1585593044757843
37256,0.2175221860408783
37257,0.3299667418003082
37258,0.2825668781995773
37259,0.14603935927152634
37260,0.17170998454093933
37261,0.17728296518325806
37262,0.19929634034633636
37263,0.1407570168375969
37264,0.21733060479164124
37265,0.23293852508068086
37266,0.17325956225395203
37267,0.16775012016296387
37268,0.15887923836708068
37269,0.2607585728168488
37270,0.2155018925666809
37271,0.25266382098197937
37272,0.21776865422725677
37273,0.2445361077785492
37274,0.20817854404449462
37275,0.20860526263713836
37276,0.20294588506221772
37277,0.1471049427986145
37278,0.22613216042518616
37279,0.21332893073558806
37280,0.16319555342197417
37281,0.1835896700620651
37282,0.2897797763347626
37283,0.2656870633363724
37284,0.1391344264149666
37285,0.15305372774600984
37286,0.1443874090909958
37287,0.17075835168361664
37288,0.20095444917678834
37289,0.21253823339939118
37290,0.1764765501022339
37291,0.21000538766384125
37292,0.1501004710793495
37293,0.25100985169410706
37294,0.22031689584255218
37295,0.23081627488136292
37296,0.1749069631099701
37297,0.16988442540168763
37298,0.15421534776687623
37299,0.2736222505569458
37300,0.15484098643064498
37301,0.1946312516927719
37302,0.19837207794189454
37303,0.18663785755634307
37304,0.3580970406532288
37305,0.15672306418418885
37306,0.2348375916481018
37307,0.16126392483711244
37308,0.1932789444923401
37309,0.27634644508361816
37310,0.15931981801986694
37311,0.19090391099452972
37312,0.20510359108448029
37313,0.3217670261859894
37314,0.1690930038690567
37315,0.10221153348684311
37316,0.2586164891719818
37317,0.13447679132223128
37318,0.22952959239482879
37319,0.16104410141706466
37320,0.18543443083763123
37321,0.29758657813072203
37322,0.20434694588184357
37323,0.1815436840057373
37324,0.24377645850181578
37325,0.18399383127689362
37326,0.22846612632274627
37327,0.19446434676647187
37328,0.22837925851345062
37329,0.17444346249103546
37330,0.19460137486457824
37331,0.23448029160499573
37332,0.2431258261203766
37333,0.2456506609916687
37334,0.16695171892642974
37335,0.133112433552742
37336,0.12399571686983109
37337,0.25479546189308167
37338,0.13274056613445281
37339,0.13817283660173416
37340,0.19865227341651917
37341,0.24195154011249542
37342,0.22650577425956725
37343,0.1517195999622345
37344,0.12492499202489853
37345,0.17068341970443726
37346,0.24256667494773865
37347,0.22675078511238098
37348,0.1309323251247406
37349,0.22781406939029694
37350,0.19417502880096435
37351,0.18212998807430267
37352,0.18162752389907838
37353,0.21744197905063628
37354,0.21465160846710205
37355,0.20269849002361298
37356,0.15101647675037383
37357,0.176447531580925
37358,0.23193639516830444
37359,0.18502921462059022
37360,0.22825288474559785
37361,0.13836552798748017
37362,0.22449327111244202
37363,0.2668451815843582
37364,0.15136920511722565
37365,0.1845291256904602
37366,0.15525873899459838
37367,0.17267528772354127
37368,0.16374788880348207
37369,0.2618978202342987
37370,0.25946340560913084
37371,0.1640647381544113
37372,0.3286630868911743
37373,0.15114879310131074
37374,0.1638946920633316
37375,0.2497807651758194
37376,0.22709671258926392
37377,0.26431126296520235
37378,0.24132449328899383
37379,0.10884750634431839
37380,0.1555447608232498
37381,0.17682127356529237
37382,0.19941450655460358
37383,0.19857589900493622
37384,0.21949157416820525
37385,0.2480939358472824
37386,0.23608756065368652
37387,0.16427400410175325
37388,0.1886574298143387
37389,0.275649705529213
37390,0.1598965972661972
37391,0.23828815519809723
37392,0.19856886863708495
37393,0.19726486802101134
37394,0.16986869871616364
37395,0.18630969226360322
37396,0.1493716686964035
37397,0.2649144113063812
37398,0.2640345126390457
37399,0.17906023263931276
37400,0.22084606289863587
37401,0.23247156739234925
37402,0.16820409893989563
37403,0.28060955107212066
37404,0.18168567717075348
37405,0.21376895010471345
37406,0.20673912465572358
37407,0.13799598962068557
37408,0.1309184193611145
37409,0.23239494860172272
37410,0.17423375844955444
37411,0.22029485702514648
37412,0.2075504720211029
37413,0.33070920705795287
37414,0.22803696990013123
37415,0.18598062694072723
37416,0.21699098646640777
37417,0.19242437183856964
37418,0.2030469685792923
37419,0.29631142020225526
37420,0.20399503111839296
37421,0.20079605132341385
37422,0.1772030383348465
37423,0.19815816283226012
37424,0.12561737149953842
37425,0.1654871702194214
37426,0.2574075937271118
37427,0.22842949330806733
37428,0.2267990529537201
37429,0.20574635565280913
37430,0.28157585859298706
37431,0.24388011991977693
37432,0.1457106962800026
37433,0.26162171363830566
37434,0.22497790157794953
37435,0.29918056130409243
37436,0.19061169922351837
37437,0.18193490505218507
37438,0.21096424162387847
37439,0.247750386595726
37440,0.29787644147872927
37441,0.24910597503185272
37442,0.20500582754611968
37443,0.22120440602302552
37444,0.22903771102428436
37445,0.2077837586402893
37446,0.2371123731136322
37447,0.1638312429189682
37448,0.3055584132671356
37449,0.17749415934085847
37450,0.21130650341510773
37451,0.18194014728069305
37452,0.14280077815055847
37453,0.19490375816822053
37454,0.20498630106449128
37455,0.21000471711158752
37456,0.17830410599708557
37457,0.242238387465477
37458,0.25444243252277376
37459,0.17381719648838043
37460,0.14234036207199097
37461,0.1520795166492462
37462,0.22406940162181854
37463,0.13760941326618195
37464,0.1346595048904419
37465,0.14974014610052108
37466,0.20241431891918182
37467,0.1861652046442032
37468,0.10518626719713212
37469,0.2535038381814957
37470,0.2303948372602463
37471,0.20669874548912048
37472,0.21480750143527985
37473,0.2017348438501358
37474,0.12905173152685165
37475,0.21780653297901154
37476,0.30814964771270753
37477,0.21044777035713197
37478,0.2725145787000656
37479,0.2995076596736908
37480,0.14892560839653016
37481,0.1810133934020996
37482,0.26238308250904085
37483,0.26182995140552523
37484,0.1678379625082016
37485,0.20914267897605895
37486,0.19773390293121337
37487,0.20747895240783693
37488,0.20824117958545685
37489,0.16069587469100952
37490,0.1659896433353424
37491,0.1338834598660469
37492,0.10782322287559509
37493,0.13951849639415742
37494,0.13605482429265975
37495,0.1972682386636734
37496,0.1449953481554985
37497,0.3080666661262512
37498,0.17241400778293609
37499,0.20868493616580963
37500,0.20957410335540771
37501,0.2847578197717667
37502,0.18067134022712708
37503,0.27880231440067293
37504,0.20670329928398132
37505,0.1918779969215393
37506,0.16036801487207414
37507,0.30031594038009646
37508,0.13147390484809876
37509,0.19689457416534423
37510,0.23328541815280915
37511,0.13521496206521988
37512,0.22346507906913757
37513,0.16114198565483093
37514,0.16766745448112488
37515,0.1857469916343689
37516,0.2142520159482956
37517,0.20672746002674103
37518,0.14646351039409639
37519,0.2779018819332123
37520,0.17897796630859375
37521,0.15775093734264373
37522,0.19392426908016205
37523,0.21980130076408386
37524,0.2947872579097748
37525,0.24981354176998138
37526,0.19861725866794586
37527,0.1851202815771103
37528,0.1948765069246292
37529,0.2409251570701599
37530,0.25362258553504946
37531,0.3318995475769043
37532,0.1965717315673828
37533,0.20820665061473848
37534,0.22383149862289428
37535,0.12958505004644394
37536,0.2834033489227295
37537,0.19458179473876952
37538,0.17168050706386567
37539,0.2940076351165771
37540,0.1440458506345749
37541,0.23648163676261902
37542,0.23283904790878296
37543,0.21451981961727143
37544,0.15380364656448364
37545,0.257051083445549
37546,0.23485798239707947
37547,0.22234463691711426
37548,0.20683128237724305
37549,0.18701957315206527
37550,0.17313409447669983
37551,0.22088503241539
37552,0.12599609196186065
37553,0.1318989798426628
37554,0.18298085033893585
37555,0.20087907016277312
37556,0.18728173077106475
37557,0.23335475325584412
37558,0.20526590645313264
37559,0.16504695415496826
37560,0.1754334568977356
37561,0.20698398649692534
37562,0.15510760843753815
37563,0.1746828228235245
37564,0.19504778683185578
37565,0.17046473622322084
37566,0.16955720484256745
37567,0.21489512622356416
37568,0.2653363436460495
37569,0.2041483998298645
37570,0.21758359372615815
37571,0.171902596950531
37572,0.3100066125392914
37573,0.18242598176002503
37574,0.18138095140457153
37575,0.29445680975914
37576,0.20873821377754212
37577,0.2540899693965912
37578,0.2354443222284317
37579,0.20612057745456697
37580,0.17777389287948608
37581,0.15830730199813842
37582,0.24725082218647004
37583,0.1779109299182892
37584,0.15959582924842836
37585,0.18115575909614562
37586,0.2049198716878891
37587,0.17762293219566344
37588,0.18904784619808196
37589,0.19742616415023803
37590,0.23926930427551268
37591,0.15518414378166198
37592,0.24489914178848265
37593,0.12398357093334197
37594,0.1778906613588333
37595,0.181547087430954
37596,0.21516624093055725
37597,0.1746929943561554
37598,0.1503901958465576
37599,0.16385479271411896
37600,0.18267281949520112
37601,0.24499339759349822
37602,0.2489670366048813
37603,0.14166640788316726
37604,0.23811931312084197
37605,0.2295972377061844
37606,0.18175854086875914
37607,0.17080007195472718
37608,0.21528888940811158
37609,0.22976893484592437
37610,0.28186309337615967
37611,0.16513607203960418
37612,0.10257323533296585
37613,0.20767634212970734
37614,0.17801297307014466
37615,0.19220539331436157
37616,0.1815406411886215
37617,0.15453265309333802
37618,0.16636227667331696
37619,0.19350432455539704
37620,0.20790267288684844
37621,0.2390168160200119
37622,0.2667378276586533
37623,0.19265038073062896
37624,0.22458450198173524
37625,0.24001244008541106
37626,0.16833124458789825
37627,0.1175698071718216
37628,0.19343461096286774
37629,0.17187189161777497
37630,0.19882526397705078
37631,0.24097319543361664
37632,0.21935751140117646
37633,0.15729707181453706
37634,0.3049595832824707
37635,0.13075872510671616
37636,0.20673119127750397
37637,0.1881069004535675
37638,0.20294528901576997
37639,0.23583493530750274
37640,0.1341579794883728
37641,0.148882257938385
37642,0.1793294683098793
37643,0.17715776860713958
37644,0.30353738069534303
37645,0.16240526139736175
37646,0.19964032769203185
37647,0.23200169205665588
37648,0.19661961495876312
37649,0.1466521739959717
37650,0.2338022381067276
37651,0.13940256983041763
37652,0.19905251562595366
37653,0.1614566206932068
37654,0.17768304646015168
37655,0.1454536125063896
37656,0.27297844290733336
37657,0.18186428546905517
37658,0.2518808305263519
37659,0.20259689688682556
37660,0.26166327893733976
37661,0.16084675788879393
37662,0.26996889114379885
37663,0.17643319070339203
37664,0.20294050872325897
37665,0.27129851281642914
37666,0.28810465931892393
37667,0.27850149273872377
37668,0.2362797737121582
37669,0.2457451194524765
37670,0.18162059485912324
37671,0.20400126576423644
37672,0.15177878141403198
37673,0.16206929385662078
37674,0.14989728033542632
37675,0.25379197895526884
37676,0.15268153846263885
37677,0.15061090886592865
37678,0.10719528943300247
37679,0.1431709736585617
37680,0.18078829050064088
37681,0.1491703659296036
37682,0.17961934506893157
37683,0.22541067898273467
37684,0.26214517951011657
37685,0.24724051356315613
37686,0.16218391954898834
37687,0.24145009219646454
37688,0.20673265159130097
37689,0.20310862362384796
37690,0.29323155879974366
37691,0.20912292897701262
37692,0.22734198868274688
37693,0.14693843722343444
37694,0.2218892306089401
37695,0.1565686970949173
37696,0.21708462238311768
37697,0.19474948346614837
37698,0.2166976362466812
37699,0.21200357675552367
37700,0.23584809601306916
37701,0.33388174772262574
37702,0.28404841423034666
37703,0.18164296746253966
37704,0.22129815816879272
37705,0.16137900948524475
37706,0.21821542978286743
37707,0.213528573513031
37708,0.16680676341056824
37709,0.19228482544422149
37710,0.21590458154678344
37711,0.21146134436130523
37712,0.20738467574119568
37713,0.22099094986915588
37714,0.16817157566547394
37715,0.1767069548368454
37716,0.1803777903318405
37717,0.167625692486763
37718,0.2663091689348221
37719,0.14493413865566254
37720,0.2535215586423874
37721,0.32402986884117124
37722,0.19423513114452362
37723,0.18895889818668365
37724,0.23195866048336028
37725,0.22315119504928588
37726,0.16019556522369385
37727,0.13879561126232148
37728,0.1735105812549591
37729,0.19096394777297973
37730,0.18746425807476044
37731,0.25627771615982053
37732,0.1600811153650284
37733,0.19396856427192688
37734,0.17989936769008635
37735,0.13740212321281434
37736,0.1863716334104538
37737,0.189021098613739
37738,0.1637515276670456
37739,0.2961845278739929
37740,0.17057679891586303
37741,0.14797553420066833
37742,0.20257298946380614
37743,0.2513500601053238
37744,0.2057547390460968
37745,0.16533632576465607
37746,0.18925848305225373
37747,0.27459496855735777
37748,0.22481873631477356
37749,0.1946504831314087
37750,0.20851492285728454
37751,0.19095421731472015
37752,0.15938080251216888
37753,0.17330563068389893
37754,0.16439051330089569
37755,0.22860213220119477
37756,0.2703817218542099
37757,0.19399844408035277
37758,0.17326586842536926
37759,0.17784223854541778
37760,0.15632909834384917
37761,0.26066732704639434
37762,0.1707538843154907
37763,0.24088675677776336
37764,0.16140225827693938
37765,0.14882370382547377
37766,0.1611398845911026
37767,0.17271904945373534
37768,0.22524843215942383
37769,0.20371980965137482
37770,0.21149499118328094
37771,0.24978731274604798
37772,0.1732981324195862
37773,0.2541738420724869
37774,0.2643470525741577
37775,0.16194813549518586
37776,0.15906324684619905
37777,0.17434422075748443
37778,0.16343342363834382
37779,0.2286270260810852
37780,0.14714566618204117
37781,0.16817458868026733
37782,0.1413600265979767
37783,0.25467233657836913
37784,0.1555755078792572
37785,0.15042372941970825
37786,0.178237122297287
37787,0.21642938256263733
37788,0.12900788933038712
37789,0.21786920726299286
37790,0.20883387625217437
37791,0.20016941726207732
37792,0.23951539099216462
37793,0.14797111749649047
37794,0.21609058380126953
37795,0.22915612161159515
37796,0.20609295070171357
37797,0.2552475929260254
37798,0.14972054958343506
37799,0.17905134856700897
37800,0.23738712668418885
37801,0.2244737684726715
37802,0.13097163140773774
37803,0.20127392709255218
37804,0.19496145248413085
37805,0.272943902015686
37806,0.23750494718551635
37807,0.14550421386957169
37808,0.19160135388374328
37809,0.1283811628818512
37810,0.16793302893638612
37811,0.2682061940431595
37812,0.23430551886558532
37813,0.18332211971282958
37814,0.1533622056245804
37815,0.2699519157409668
37816,0.2844460129737854
37817,0.17319343984127045
37818,0.15038686096668244
37819,0.2853624165058136
37820,0.21179247796535491
37821,0.23066145777702332
37822,0.1860155403614044
37823,0.22690683007240295
37824,0.2305293619632721
37825,0.29246239066123964
37826,0.205021271109581
37827,0.16979792714118958
37828,0.229607093334198
37829,0.14338791221380234
37830,0.2238787055015564
37831,0.15686646103858948
37832,0.14339808076620103
37833,0.14394634515047072
37834,0.17054279744625092
37835,0.21646803617477417
37836,0.15336745977401733
37837,0.1778741240501404
37838,0.26196174919605253
37839,0.16182447969913483
37840,0.24259065389633178
37841,0.18895986974239348
37842,0.14788741767406463
37843,0.23552599251270295
37844,0.18688296973705293
37845,0.15291556119918823
37846,0.235249263048172
37847,0.2555003583431244
37848,0.19031176269054412
37849,0.21345285475254058
37850,0.3090323209762573
37851,0.27490485906600953
37852,0.2400617331266403
37853,0.17382316589355468
37854,0.2064656913280487
37855,0.1331662118434906
37856,0.20871320068836213
37857,0.12686953097581863
37858,0.24299249351024627
37859,0.24929307401180267
37860,0.1845807284116745
37861,0.28382914066314696
37862,0.2748467057943344
37863,0.25741448998451233
37864,0.23226520121097566
37865,0.28323487341403963
37866,0.11166860163211823
37867,0.13558916598558426
37868,0.22318291664123535
37869,0.20266261994838713
37870,0.22815928161144255
37871,0.20290670394897461
37872,0.23982781767845154
37873,0.15712541341781616
37874,0.24626227021217345
37875,0.2188548594713211
37876,0.33685954213142394
37877,0.17310231029987336
37878,0.12690888345241547
37879,0.2792780190706253
37880,0.237865149974823
37881,0.3094137668609619
37882,0.17589880526065826
37883,0.2018256276845932
37884,0.2657881289720535
37885,0.16048623323440553
37886,0.140681716799736
37887,0.2085009604692459
37888,0.13047085851430892
37889,0.17764963805675507
37890,0.216512268781662
37891,0.2003740280866623
37892,0.17661161720752716
37893,0.24217706620693208
37894,0.18330605030059816
37895,0.1605807662010193
37896,0.14917908608913422
37897,0.23816381096839906
37898,0.18908672630786896
37899,0.19157408475875853
37900,0.16643465757369996
37901,0.21342822313308715
37902,0.24013303518295287
37903,0.1876924902200699
37904,0.21640302538871764
37905,0.15976360440254211
37906,0.10506770461797714
37907,0.19544441103935242
37908,0.20655270516872407
37909,0.15843499302864075
37910,0.1783738225698471
37911,0.13040370047092437
37912,0.19099346101284026
37913,0.12185826450586319
37914,0.20195076763629913
37915,0.24444862306118012
37916,0.26338220834732057
37917,0.16335313618183137
37918,0.18039098680019378
37919,0.3195169270038605
37920,0.13756438195705414
37921,0.24599382281303406
37922,0.17575808763504028
37923,0.297817063331604
37924,0.18206556439399718
37925,0.3075790345668793
37926,0.19280405938625336
37927,0.22290213108062745
37928,0.19021283984184265
37929,0.3083604037761688
37930,0.19244397282600403
37931,0.2196112424135208
37932,0.32652934789657595
37933,0.11080146580934525
37934,0.27272750437259674
37935,0.11334433257579804
37936,0.1462702363729477
37937,0.22303470373153686
37938,0.13544855266809464
37939,0.2755160331726074
37940,0.22842336893081666
37941,0.2658399522304535
37942,0.11937017738819122
37943,0.175216206908226
37944,0.15642757713794708
37945,0.20487746298313142
37946,0.17609320282936097
37947,0.18873752653598785
37948,0.19287360906600953
37949,0.24659524857997894
37950,0.1548487961292267
37951,0.21084590554237365
37952,0.21626729369163514
37953,0.19302065372467042
37954,0.2370458036661148
37955,0.23245967626571656
37956,0.20468150973320007
37957,0.19318459331989288
37958,0.18086616098880767
37959,0.20989591479301453
37960,0.1720904141664505
37961,0.1178827777504921
37962,0.14761030077934265
37963,0.17788576781749726
37964,0.1541505515575409
37965,0.2342811942100525
37966,0.18757107853889465
37967,0.18925217986106874
37968,0.18426138758659363
37969,0.160311359167099
37970,0.2226366341114044
37971,0.2098846435546875
37972,0.1622809052467346
37973,0.19149433672428132
37974,0.20828442573547362
37975,0.1585443764925003
37976,0.14094027727842331
37977,0.2531408041715622
37978,0.23906543254852294
37979,0.1528105229139328
37980,0.20555720925331117
37981,0.1380069836974144
37982,0.1686400830745697
37983,0.21820505261421203
37984,0.16908083558082582
37985,0.19799050390720369
37986,0.24348535537719726
37987,0.17426346838474274
37988,0.1868307411670685
37989,0.24580515623092652
37990,0.25356384813785554
37991,0.18772236108779908
37992,0.1677733838558197
37993,0.15328942239284515
37994,0.1763588786125183
37995,0.2421468526124954
37996,0.1646352857351303
37997,0.1990582525730133
37998,0.20729248225688934
37999,0.24819269478321077
38000,0.17857186794281005
38001,0.15881421864032746
38002,0.2569971650838852
38003,0.21313155591487884
38004,0.15217979848384858
38005,0.19522461891174317
38006,0.21190690696239473
38007,0.1565090000629425
38008,0.30306199491024016
38009,0.13543641418218613
38010,0.23900398015975952
38011,0.20921847522258757
38012,0.11736124008893967
38013,0.22759392857551575
38014,0.14101910293102266
38015,0.20732710659503936
38016,0.17588970363140105
38017,0.2488207221031189
38018,0.23289511501789092
38019,0.19241776168346406
38020,0.16952539682388307
38021,0.2651506572961807
38022,0.17143619954586028
38023,0.22732579708099365
38024,0.20971071422100068
38025,0.21881462037563323
38026,0.17370228469371796
38027,0.16239675283432006
38028,0.17966700196266175
38029,0.279681795835495
38030,0.1713242083787918
38031,0.1780531346797943
38032,0.14967499077320098
38033,0.2219944030046463
38034,0.1764059066772461
38035,0.16223780512809755
38036,0.35771376490592954
38037,0.14972295016050338
38038,0.1719748258590698
38039,0.22464413940906525
38040,0.1995115965604782
38041,0.1812392830848694
38042,0.21060190498828887
38043,0.27162941694259646
38044,0.21173387467861177
38045,0.3218430936336517
38046,0.2165827751159668
38047,0.17592989206314086
38048,0.13381640017032623
38049,0.1663196474313736
38050,0.32683840990066526
38051,0.14624225050210954
38052,0.21377289295196533
38053,0.1327994480729103
38054,0.22842715680599213
38055,0.1719222366809845
38056,0.1569780245423317
38057,0.16764307618141175
38058,0.1879108279943466
38059,0.15799566209316254
38060,0.14723950922489165
38061,0.1697666436433792
38062,0.12333073019981385
38063,0.15333282053470612
38064,0.25198739767074585
38065,0.22259626984596254
38066,0.19598638415336608
38067,0.13912166953086852
38068,0.18880392909049987
38069,0.18911992907524108
38070,0.21901482939720154
38071,0.15868093073368073
38072,0.22505236864089967
38073,0.18625449240207673
38074,0.164516182243824
38075,0.23015302419662476
38076,0.18062912225723265
38077,0.14963175654411315
38078,0.17056564688682557
38079,0.2217518210411072
38080,0.226068177819252
38081,0.2618997186422348
38082,0.16757088601589204
38083,0.20500251948833464
38084,0.23821634650230408
38085,0.21589089035987855
38086,0.2331249237060547
38087,0.17275302708148957
38088,0.24992244839668273
38089,0.267223596572876
38090,0.1936379700899124
38091,0.19212838709354402
38092,0.18512502312660217
38093,0.18745448291301728
38094,0.21136482656002045
38095,0.18136102557182313
38096,0.27603556513786315
38097,0.1526786729693413
38098,0.20296190977096557
38099,0.22609967589378357
38100,0.20859295129776
38101,0.24033442735671998
38102,0.17589336931705474
38103,0.21806744039058684
38104,0.13997142016887665
38105,0.14680309742689132
38106,0.2120553582906723
38107,0.25618354976177216
38108,0.21182978749275208
38109,0.16664331257343293
38110,0.20198726654052734
38111,0.1630081981420517
38112,0.2687743306159973
38113,0.22548134326934816
38114,0.1780760943889618
38115,0.24891698062419892
38116,0.159017351269722
38117,0.18243982791900634
38118,0.16908645629882812
38119,0.16951709985733032
38120,0.15636689960956573
38121,0.1528675675392151
38122,0.15174978375434875
38123,0.14059180468320848
38124,0.19144464433193206
38125,0.1911362260580063
38126,0.21842298209667205
38127,0.20192836225032806
38128,0.2988888740539551
38129,0.21668367981910705
38130,0.20879524946212769
38131,0.17657757997512818
38132,0.1909697949886322
38133,0.2002155750989914
38134,0.18448942005634308
38135,0.18050177097320558
38136,0.1917687475681305
38137,0.12316150516271591
38138,0.24458576142787933
38139,0.22391450703144072
38140,0.22849521934986114
38141,0.20296142101287842
38142,0.27569145560264585
38143,0.19962373673915862
38144,0.12470206320285797
38145,0.2036050647497177
38146,0.20316378474235536
38147,0.177843114733696
38148,0.21621723771095275
38149,0.25916640758514403
38150,0.13259237110614777
38151,0.24993905425071716
38152,0.25597710311412813
38153,0.10982975959777833
38154,0.1502879425883293
38155,0.2049672484397888
38156,0.17229426205158233
38157,0.27014383375644685
38158,0.2036671131849289
38159,0.2722493916749954
38160,0.20597512722015382
38161,0.30384747982025145
38162,0.14810898005962372
38163,0.12168401777744293
38164,0.23974366188049318
38165,0.31981086134910586
38166,0.23556626141071318
38167,0.2582705020904541
38168,0.19839944541454316
38169,0.24570841193199158
38170,0.18677612543106079
38171,0.13840488940477372
38172,0.13446870893239976
38173,0.1559053212404251
38174,0.1937145173549652
38175,0.1566060423851013
38176,0.16319192349910736
38177,0.1916993498802185
38178,0.26432664394378663
38179,0.16750142276287078
38180,0.16101414263248442
38181,0.20079200863838195
38182,0.16370393633842467
38183,0.2154298394918442
38184,0.20347091555595398
38185,0.2396726906299591
38186,0.1530390590429306
38187,0.18201110661029815
38188,0.1664016366004944
38189,0.2102939158678055
38190,0.25847535729408266
38191,0.1551330104470253
38192,0.25502489805221557
38193,0.19490648210048675
38194,0.1587311089038849
38195,0.20833791196346282
38196,0.20207824409008027
38197,0.17943665087223054
38198,0.236794376373291
38199,0.16822135150432588
38200,0.14201804101467133
38201,0.23110370934009553
38202,0.18229902535676956
38203,0.1499256044626236
38204,0.21333737075328826
38205,0.3628359198570251
38206,0.2129836291074753
38207,0.23536476492881775
38208,0.16500265002250672
38209,0.15297260284423828
38210,0.2293332427740097
38211,0.1861319363117218
38212,0.15346285849809646
38213,0.2158731698989868
38214,0.16510964632034303
38215,0.16040374636650084
38216,0.1955789715051651
38217,0.13991658985614777
38218,0.21737869083881378
38219,0.2289542466402054
38220,0.11614500582218171
38221,0.08700185120105744
38222,0.18254834711551665
38223,0.20722750723361968
38224,0.25382179915905
38225,0.15921510457992555
38226,0.2305142968893051
38227,0.3250345945358276
38228,0.2124695062637329
38229,0.14622074067592622
38230,0.19927264750003815
38231,0.24907830655574797
38232,0.1501324951648712
38233,0.1602079838514328
38234,0.22304162979125977
38235,0.17657047212123872
38236,0.1699782133102417
38237,0.16082701683044434
38238,0.2739656150341034
38239,0.18695134818553924
38240,0.32163821458816527
38241,0.10280403941869735
38242,0.1428483694791794
38243,0.1709284543991089
38244,0.175335294008255
38245,0.19572796821594238
38246,0.2547770142555237
38247,0.2066466987133026
38248,0.26810423135757444
38249,0.2212901532649994
38250,0.1814298540353775
38251,0.16648329347372054
38252,0.2593017488718033
38253,0.1704629123210907
38254,0.1731128752231598
38255,0.24058329463005065
38256,0.19975394904613494
38257,0.13879705369472503
38258,0.18417102098464966
38259,0.23739514946937562
38260,0.1843774527311325
38261,0.1726750373840332
38262,0.2231999158859253
38263,0.11619489789009094
38264,0.15194065868854523
38265,0.13147806972265244
38266,0.2022315263748169
38267,0.21435208320617677
38268,0.22159247398376464
38269,0.2565128982067108
38270,0.17744823098182677
38271,0.2249423921108246
38272,0.18420387506484986
38273,0.21072390377521516
38274,0.2703648328781128
38275,0.17911804616451263
38276,0.18495203256607057
38277,0.23190079033374786
38278,0.20382849574089051
38279,0.22497667670249938
38280,0.2662226766347885
38281,0.2096533715724945
38282,0.14040656983852387
38283,0.2296740710735321
38284,0.2610742837190628
38285,0.15379140377044678
38286,0.16476541757583618
38287,0.2182776689529419
38288,0.18547761738300322
38289,0.29957433342933654
38290,0.22536833584308624
38291,0.20973658561706543
38292,0.14144731163978577
38293,0.11363276541233062
38294,0.19841302335262298
38295,0.21527405977249145
38296,0.20179942548274993
38297,0.13082683682441712
38298,0.2003152549266815
38299,0.14626034051179887
38300,0.14095713645219804
38301,0.2799891233444214
38302,0.21363656520843505
38303,0.16165038645267488
38304,0.169716677069664
38305,0.20389527082443237
38306,0.17600109279155732
38307,0.25853383243083955
38308,0.28648062944412234
38309,0.20466345846652984
38310,0.15337983667850494
38311,0.23556423783302308
38312,0.16365689039230347
38313,0.23426253497600555
38314,0.184590944647789
38315,0.2007286489009857
38316,0.22959767580032348
38317,0.24079830050468445
38318,0.1921113908290863
38319,0.2394138216972351
38320,0.14876187443733216
38321,0.14195075631141663
38322,0.19509777426719666
38323,0.15143920183181764
38324,0.15822965204715728
38325,0.35246854424476626
38326,0.15070493370294571
38327,0.19056591987609864
38328,0.23313086926937104
38329,0.2298827201128006
38330,0.1701386898756027
38331,0.2638946264982224
38332,0.18443754613399505
38333,0.19963572025299073
38334,0.15657199323177337
38335,0.17321244180202483
38336,0.2607280761003494
38337,0.22742569744586943
38338,0.19367637634277343
38339,0.2023559629917145
38340,0.22020148932933808
38341,0.1856187701225281
38342,0.20001240372657775
38343,0.1996369868516922
38344,0.1841387540102005
38345,0.2286474049091339
38346,0.16824692487716675
38347,0.11678004711866379
38348,0.2075161814689636
38349,0.2266933500766754
38350,0.19490381181240082
38351,0.2600477963685989
38352,0.2722078710794449
38353,0.23559961915016175
38354,0.18687332272529603
38355,0.2419390708208084
38356,0.13990500569343567
38357,0.2565294325351715
38358,0.14396908283233642
38359,0.13734980225563048
38360,0.23772950768470763
38361,0.1328811451792717
38362,0.2008027821779251
38363,0.14873874485492705
38364,0.2407093971967697
38365,0.22575205713510513
38366,0.18890266120433807
38367,0.24524405002593994
38368,0.2264813244342804
38369,0.23563679158687592
38370,0.15166345089673997
38371,0.1904706209897995
38372,0.15333085060119628
38373,0.16958777904510497
38374,0.1384942650794983
38375,0.21746514439582826
38376,0.15177950859069825
38377,0.1962001293897629
38378,0.12117457836866379
38379,0.16372086405754088
38380,0.22625211775302886
38381,0.20242167711257936
38382,0.20141236931085588
38383,0.24523386657238005
38384,0.16059478223323823
38385,0.23003207445144652
38386,0.23417042791843415
38387,0.166886305809021
38388,0.19905647337436677
38389,0.2372438818216324
38390,0.2607429981231689
38391,0.15426945984363555
38392,0.16782353520393373
38393,0.17715693414211273
38394,0.19203557968139648
38395,0.15135763287544252
38396,0.23561055362224578
38397,0.1991145759820938
38398,0.25113828778266906
38399,0.15257849395275117
38400,0.2632976293563843
38401,0.23310719728469848
38402,0.17024677991867065
38403,0.16219706684350968
38404,0.16454723179340364
38405,0.2377937465906143
38406,0.1979734867811203
38407,0.15725791752338408
38408,0.1602139413356781
38409,0.18989092707633973
38410,0.23337248265743255
38411,0.16056091487407684
38412,0.3347975730895996
38413,0.20659253299236296
38414,0.18610113263130187
38415,0.14663452804088592
38416,0.16046357452869414
38417,0.21388984322547913
38418,0.17987138032913208
38419,0.17639907449483871
38420,0.19117943346500396
38421,0.25848145186901095
38422,0.19284125566482543
38423,0.17912428379058837
38424,0.1593455344438553
38425,0.200058513879776
38426,0.1521216869354248
38427,0.225691494345665
38428,0.1981269747018814
38429,0.17675753235816954
38430,0.18459889888763428
38431,0.19175982475280762
38432,0.17281287610530854
38433,0.189047372341156
38434,0.1787835955619812
38435,0.2209510862827301
38436,0.1975731670856476
38437,0.2865263044834137
38438,0.26427164673805237
38439,0.19817720651626586
38440,0.16408080905675887
38441,0.25203931629657744
38442,0.18491398096084594
38443,0.1931457817554474
38444,0.3292508959770203
38445,0.15990164875984192
38446,0.23760790526866912
38447,0.21385217010974883
38448,0.19222716689109803
38449,0.1472437560558319
38450,0.13763901293277742
38451,0.1742713987827301
38452,0.21158012747764587
38453,0.2188538581132889
38454,0.30609126687049865
38455,0.21936694383621216
38456,0.22837986052036285
38457,0.2699870377779007
38458,0.252748516201973
38459,0.20266537070274354
38460,0.2545025110244751
38461,0.19867406487464906
38462,0.14345534145832062
38463,0.15991026163101196
38464,0.17032992243766784
38465,0.1622525304555893
38466,0.2566202521324158
38467,0.19563421308994294
38468,0.19431828260421752
38469,0.21880562007427215
38470,0.1460726350545883
38471,0.17407318353652954
38472,0.1724438935518265
38473,0.16697107255458832
38474,0.25862241089344024
38475,0.25878756046295165
38476,0.18819732069969178
38477,0.1796189934015274
38478,0.21078997254371643
38479,0.17262205183506013
38480,0.22976526618003845
38481,0.1666027545928955
38482,0.34945604801177976
38483,0.18256042897701263
38484,0.25790673196315766
38485,0.15047093033790587
38486,0.2642151892185211
38487,0.14354461133480073
38488,0.13087671548128127
38489,0.18227388709783554
38490,0.211380535364151
38491,0.3749117970466614
38492,0.2756148874759674
38493,0.1917779862880707
38494,0.26908243000507354
38495,0.29558359682559965
38496,0.20553017258644105
38497,0.14358555972576142
38498,0.16868466436862944
38499,0.19557145237922668
38500,0.2684033036231995
38501,0.14518349915742873
38502,0.21678494811058044
38503,0.22574369013309478
38504,0.14974537193775178
38505,0.14756293892860411
38506,0.2583885043859482
38507,0.17026727497577668
38508,0.1780855566263199
38509,0.1823807328939438
38510,0.21630620062351227
38511,0.2133713334798813
38512,0.22755227088928223
38513,0.19619273245334626
38514,0.23504553139209747
38515,0.1326954871416092
38516,0.1741744637489319
38517,0.2414909392595291
38518,0.26993937492370607
38519,0.22453498244285583
38520,0.19919018745422362
38521,0.203518545627594
38522,0.14111807346343994
38523,0.21427071392536162
38524,0.1831884652376175
38525,0.3063098132610321
38526,0.26459805518388746
38527,0.19230784475803375
38528,0.12279977500438691
38529,0.22767252326011658
38530,0.19540951848030091
38531,0.17620760202407837
38532,0.11724951416254044
38533,0.1861819565296173
38534,0.20150521993637086
38535,0.16148782074451445
38536,0.27901480793952943
38537,0.17652497291564942
38538,0.2045629620552063
38539,0.2682947933673859
38540,0.1652029812335968
38541,0.15088797211647034
38542,0.1893805146217346
38543,0.15681709051132203
38544,0.13327367454767228
38545,0.17924000322818756
38546,0.23917782604694365
38547,0.1325884535908699
38548,0.16040054261684417
38549,0.17918404042720795
38550,0.18666779100894929
38551,0.22810572981834412
38552,0.14789096415042877
38553,0.19821954667568206
38554,0.17636219263076783
38555,0.1964779019355774
38556,0.2555471986532211
38557,0.18294850885868072
38558,0.13583817332983017
38559,0.2779067486524582
38560,0.22453258633613588
38561,0.2234425812959671
38562,0.25687519609928133
38563,0.13037174344062805
38564,0.23953114897012712
38565,0.16499783992767333
38566,0.16414609551429749
38567,0.18087446689605713
38568,0.17186085879802704
38569,0.25959407091140746
38570,0.2049614667892456
38571,0.21408617496490479
38572,0.20196388959884642
38573,0.1664844959974289
38574,0.19438137710094452
38575,0.21286332309246064
38576,0.18253790438175202
38577,0.18273829519748688
38578,0.2310778558254242
38579,0.13174715936183928
38580,0.24439165592193604
38581,0.2034036099910736
38582,0.1646730422973633
38583,0.19433578550815583
38584,0.2918611615896225
38585,0.20474504232406615
38586,0.17223896980285644
38587,0.16115960478782654
38588,0.2077716439962387
38589,0.2132154107093811
38590,0.1714829236268997
38591,0.1561581552028656
38592,0.18599008321762084
38593,0.2598343461751938
38594,0.2951534628868103
38595,0.18319617509841918
38596,0.21507980525493622
38597,0.14360715448856354
38598,0.21217563152313232
38599,0.278196194767952
38600,0.1634918123483658
38601,0.20469505190849305
38602,0.15695205330848694
38603,0.16822243630886077
38604,0.15157185792922973
38605,0.15354690551757813
38606,0.20544778406620026
38607,0.21905607879161834
38608,0.1310703307390213
38609,0.20492511093616486
38610,0.20314919650554658
38611,0.2824481040239334
38612,0.2783770501613617
38613,0.16881541311740875
38614,0.24110543131828308
38615,0.15870699286460876
38616,0.18848388493061066
38617,0.2177540123462677
38618,0.1064064472913742
38619,0.1956925719976425
38620,0.26594187021255494
38621,0.2787630379199982
38622,0.18485200703144072
38623,0.2649130791425705
38624,0.1788777232170105
38625,0.16662039160728453
38626,0.27687596082687377
38627,0.15640283226966858
38628,0.18405039310455323
38629,0.21216696202754975
38630,0.19289283752441405
38631,0.20220344364643097
38632,0.1864524483680725
38633,0.14712831676006316
38634,0.30184038281440734
38635,0.18527272641658782
38636,0.20461009442806244
38637,0.2183998316526413
38638,0.23586287200450898
38639,0.1818697601556778
38640,0.1607832282781601
38641,0.18610062301158906
38642,0.1983974188566208
38643,0.1917262464761734
38644,0.2137430876493454
38645,0.14849415123462678
38646,0.16166383922100067
38647,0.25845068097114565
38648,0.18235953152179718
38649,0.18610786497592927
38650,0.1259949326515198
38651,0.26074414849281313
38652,0.22994569540023804
38653,0.15131087005138397
38654,0.21318781673908233
38655,0.21393758654594422
38656,0.22805757820606232
38657,0.17147018313407897
38658,0.16475431025028228
38659,0.14833631217479706
38660,0.22675278782844543
38661,0.17578211128711702
38662,0.14528290778398514
38663,0.24518231451511383
38664,0.12116306126117707
38665,0.22648702263832093
38666,0.2822067826986313
38667,0.14526278376579285
38668,0.14533795416355133
38669,0.13380613774061204
38670,0.27996423840522766
38671,0.2245402455329895
38672,0.20116057097911835
38673,0.1720719277858734
38674,0.27916674613952636
38675,0.18981864154338837
38676,0.18329717814922333
38677,0.21932841837406158
38678,0.18367344439029692
38679,0.17721010446548463
38680,0.23962167799472808
38681,0.24188036024570464
38682,0.28750609755516054
38683,0.12010413259267808
38684,0.18779122233390808
38685,0.22791135907173157
38686,0.2502466827630997
38687,0.26328485608100893
38688,0.2022096484899521
38689,0.24540358781814575
38690,0.16404882967472076
38691,0.20115329921245576
38692,0.16818219125270845
38693,0.20258315205574035
38694,0.21719016134738922
38695,0.22171203792095184
38696,0.17111831307411193
38697,0.25559805929660795
38698,0.15337968468666077
38699,0.15474494993686677
38700,0.14039891213178635
38701,0.17143939137458802
38702,0.2709966510534286
38703,0.206629940867424
38704,0.13152005523443222
38705,0.2018338769674301
38706,0.1822188526391983
38707,0.2626704454421997
38708,0.16974029541015626
38709,0.19681265950202942
38710,0.16496798992156983
38711,0.19851984679698945
38712,0.17201059460639953
38713,0.23486475348472596
38714,0.19699543714523315
38715,0.16308366656303405
38716,0.17208475172519683
38717,0.17039008736610411
38718,0.2580769628286362
38719,0.18995579481124877
38720,0.2856018364429474
38721,0.2127786546945572
38722,0.2945753812789917
38723,0.17651401460170746
38724,0.20471422374248505
38725,0.15396214723587037
38726,0.15746516287326812
38727,0.268227756023407
38728,0.20067400932312013
38729,0.14605211615562438
38730,0.205891415476799
38731,0.11867395639419556
38732,0.2579254746437073
38733,0.2834338843822479
38734,0.13103150427341462
38735,0.17363229691982268
38736,0.23705030977725983
38737,0.18307205140590668
38738,0.16982153058052063
38739,0.1899624526500702
38740,0.19325435757637024
38741,0.13817152231931687
38742,0.2137446105480194
38743,0.20951742231845855
38744,0.1372431144118309
38745,0.209503111243248
38746,0.20021570324897767
38747,0.22101829946041107
38748,0.1775605320930481
38749,0.15797348022460939
38750,0.16876546442508697
38751,0.15246886312961577
38752,0.28086110949516296
38753,0.22659412324428557
38754,0.2635294497013092
38755,0.14997788071632384
38756,0.3005385100841522
38757,0.19508107602596284
38758,0.17483213543891907
38759,0.1545921176671982
38760,0.19530377984046937
38761,0.1761051058769226
38762,0.16174807250499726
38763,0.18894397020339965
38764,0.2976566970348358
38765,0.24741060435771942
38766,0.20566623508930207
38767,0.15198651254177092
38768,0.22422949671745301
38769,0.19572374522686004
38770,0.2036568135023117
38771,0.17009665966033935
38772,0.15932852029800415
38773,0.2958422839641571
38774,0.22179234623908997
38775,0.21704915165901184
38776,0.18354222178459167
38777,0.17901579439640045
38778,0.15103521198034286
38779,0.2502904623746872
38780,0.31037317514419555
38781,0.1556471288204193
38782,0.22659401893615722
38783,0.26164527237415314
38784,0.18039636313915253
38785,0.20129250586032868
38786,0.12819754332304
38787,0.1906244158744812
38788,0.1799182638525963
38789,0.29412915706634524
38790,0.16176447868347169
38791,0.24123298227787018
38792,0.18590524792671204
38793,0.17491483986377715
38794,0.20935116410255433
38795,0.16260282099246978
38796,0.15665642023086548
38797,0.08930591344833375
38798,0.23899964690208436
38799,0.2746211141347885
38800,0.1816532641649246
38801,0.23282919824123383
38802,0.16769349873065947
38803,0.2011496126651764
38804,0.19115360379219054
38805,0.22710174322128296
38806,0.23934848010540008
38807,0.22433455288410187
38808,0.24360104501247407
38809,0.19230055212974548
38810,0.1996566593647003
38811,0.2222798764705658
38812,0.14530969858169557
38813,0.1524442121386528
38814,0.15203786492347718
38815,0.19609105288982392
38816,0.2923498570919037
38817,0.1662975788116455
38818,0.16982479393482208
38819,0.21606540381908418
38820,0.19609387516975402
38821,0.1407381549477577
38822,0.18938769400119781
38823,0.16953736245632173
38824,0.20955142080783845
38825,0.20064291954040528
38826,0.19450930655002593
38827,0.25080586373806
38828,0.2528807699680328
38829,0.18000785112380982
38830,0.2593903630971909
38831,0.22381555736064912
38832,0.21366703808307647
38833,0.17239489257335663
38834,0.16470318138599396
38835,0.18844645321369172
38836,0.23416824638843536
38837,0.20738961100578307
38838,0.23909658193588257
38839,0.22209038436412812
38840,0.21732913553714753
38841,0.23171364068984984
38842,0.29346381425857543
38843,0.24391242265701293
38844,0.21691285371780394
38845,0.26642581820487976
38846,0.2475445657968521
38847,0.15147774815559387
38848,0.19676875174045563
38849,0.22688980400562286
38850,0.14808612763881684
38851,0.30848467648029326
38852,0.16812574565410615
38853,0.23036877810955048
38854,0.2148419886827469
38855,0.18890651166439057
38856,0.1637340247631073
38857,0.20786615908145906
38858,0.16468425393104552
38859,0.13876462876796722
38860,0.21980978846549987
38861,0.20133738815784455
38862,0.16893369555473328
38863,0.23620718121528625
38864,0.1459821105003357
38865,0.2377369999885559
38866,0.19835829138755798
38867,0.31021866500377654
38868,0.21020256578922272
38869,0.22063107490539552
38870,0.1516420364379883
38871,0.2170819103717804
38872,0.19726220071315764
38873,0.14988609552383422
38874,0.14564133286476136
38875,0.2112708270549774
38876,0.13360183089971542
38877,0.19914886951446534
38878,0.19058173894882202
38879,0.15893199443817138
38880,0.2013319045305252
38881,0.18470870852470397
38882,0.1831848591566086
38883,0.19982557296752929
38884,0.17150398194789887
38885,0.1963988184928894
38886,0.18552151918411255
38887,0.19265340268611908
38888,0.2636579006910324
38889,0.20972694754600524
38890,0.2899364084005356
38891,0.21927064657211304
38892,0.20017071962356567
38893,0.23503057062625884
38894,0.18849229514598848
38895,0.2334663450717926
38896,0.31486291289329527
38897,0.15298744142055512
38898,0.19477747082710267
38899,0.18130080699920653
38900,0.1814759522676468
38901,0.2368127703666687
38902,0.21373940408229827
38903,0.18284104764461517
38904,0.2144340008497238
38905,0.20938153564929962
38906,0.17523075640201569
38907,0.24195690155029298
38908,0.1837511718273163
38909,0.1853111982345581
38910,0.21790365874767303
38911,0.19977549314498902
38912,0.23462982773780822
38913,0.228676700592041
38914,0.1632784754037857
38915,0.1869743913412094
38916,0.267214760184288
38917,0.14644455015659333
38918,0.16139552593231202
38919,0.131988924741745
38920,0.20858415961265564
38921,0.2110508680343628
38922,0.16043420732021332
38923,0.2292008340358734
38924,0.21702876389026643
38925,0.1907973110675812
38926,0.19582675099372865
38927,0.23193162083625793
38928,0.21776206493377687
38929,0.2424930989742279
38930,0.20816068351268768
38931,0.25161388218402864
38932,0.2341328740119934
38933,0.32109634280204774
38934,0.1402110680937767
38935,0.23288455605506897
38936,0.20691291391849517
38937,0.22225964367389678
38938,0.156503364443779
38939,0.21650413572788238
38940,0.2307679533958435
38941,0.20997170209884644
38942,0.18279165625572205
38943,0.20160272121429443
38944,0.18868429064750672
38945,0.18363385200500487
38946,0.17648230195045472
38947,0.16226038932800294
38948,0.20353518426418304
38949,0.2103333443403244
38950,0.1679583728313446
38951,0.182680207490921
38952,0.19574275016784667
38953,0.14712148308753967
38954,0.20462559163570404
38955,0.1412006139755249
38956,0.14124082624912263
38957,0.24978203773498536
38958,0.2290121793746948
38959,0.22712482511997223
38960,0.19160889387130736
38961,0.2964016437530518
38962,0.1387695088982582
38963,0.16064351797103882
38964,0.19180719554424286
38965,0.17392419278621674
38966,0.2690756440162659
38967,0.18871520161628724
38968,0.23987819254398346
38969,0.3171485483646393
38970,0.1987355172634125
38971,0.24027623236179352
38972,0.17767908275127411
38973,0.14009236693382263
38974,0.1836503803730011
38975,0.16731655299663545
38976,0.20410348176956178
38977,0.17565807998180388
38978,0.2267669528722763
38979,0.17123335003852844
38980,0.18743351399898528
38981,0.27871300280094147
38982,0.13105021566152572
38983,0.20594867169857026
38984,0.26823471784591674
38985,0.23121286630630494
38986,0.2371848165988922
38987,0.21575325727462769
38988,0.219354310631752
38989,0.1798141121864319
38990,0.23075706362724305
38991,0.12187855541706086
38992,0.2751473933458328
38993,0.19548096358776093
38994,0.2473079353570938
38995,0.13390263617038728
38996,0.1689002901315689
38997,0.16491917073726653
38998,0.278198903799057
38999,0.19628736078739167
39000,0.2339538276195526
39001,0.16599608361721038
39002,0.24876223802566527
39003,0.1609092503786087
39004,0.171878382563591
39005,0.23232821524143218
39006,0.2397569477558136
39007,0.2519071906805038
39008,0.1689640074968338
39009,0.1699313998222351
39010,0.174251726269722
39011,0.14503979235887526
39012,0.2855652868747711
39013,0.15432799160480498
39014,0.30921762585639956
39015,0.14614613652229308
39016,0.2165480822324753
39017,0.22020552754402162
39018,0.21558777689933778
39019,0.19614319503307343
39020,0.2531368792057037
39021,0.1934982568025589
39022,0.1945691078901291
39023,0.21630251109600068
39024,0.20433515906333924
39025,0.1515078991651535
39026,0.1357501596212387
39027,0.2282562494277954
39028,0.21197012513875962
39029,0.19746961891651155
39030,0.1773572474718094
39031,0.22038206756114959
39032,0.24066016674041749
39033,0.12323894947767258
39034,0.09364418536424637
39035,0.1998693585395813
39036,0.16920297145843505
39037,0.15349400639533997
39038,0.16919855177402496
39039,0.15923424512147905
39040,0.22499622404575348
39041,0.22271778285503388
39042,0.20088574886322022
39043,0.21610219776630402
39044,0.16542689502239227
39045,0.13839455246925353
39046,0.20881121456623078
39047,0.2863632321357727
39048,0.1509466975927353
39049,0.17674545645713807
39050,0.20183116793632508
39051,0.17794190645217894
39052,0.1451542407274246
39053,0.19313085973262786
39054,0.2890340358018875
39055,0.26198574900627136
39056,0.25712586641311647
39057,0.314866304397583
39058,0.26503112316131594
39059,0.2019832730293274
39060,0.1793002337217331
39061,0.137382110953331
39062,0.18199965953826905
39063,0.17179413437843322
39064,0.20023055672645568
39065,0.2208177626132965
39066,0.21590157449245453
39067,0.1593128874897957
39068,0.16740295588970183
39069,0.13616365492343901
39070,0.2740895688533783
39071,0.19169699847698213
39072,0.30691516399383545
39073,0.2249637097120285
39074,0.19637022614479066
39075,0.1628844052553177
39076,0.2492106646299362
39077,0.19213772118091582
39078,0.24966712892055512
39079,0.2516938418149948
39080,0.22135905027389527
39081,0.21197478473186493
39082,0.18647968173027038
39083,0.21123248040676118
39084,0.21543534398078917
39085,0.2876431465148926
39086,0.2576268494129181
39087,0.30675193667411804
39088,0.2764203190803528
39089,0.20158761739730835
39090,0.3504055440425873
39091,0.20292486548423766
39092,0.27409679591655733
39093,0.30059614181518557
39094,0.1921250492334366
39095,0.13576605618000032
39096,0.1751473531126976
39097,0.14243599772453308
39098,0.2346026837825775
39099,0.12839191704988479
39100,0.1850062668323517
39101,0.2651712566614151
39102,0.23476665318012238
39103,0.20803338289260864
39104,0.17430020570755006
39105,0.2084466576576233
39106,0.21655554473400115
39107,0.36191771030426023
39108,0.1944018006324768
39109,0.18281808793544768
39110,0.16420168280601502
39111,0.2558084636926651
39112,0.2390415519475937
39113,0.15201331675052643
39114,0.3129486382007599
39115,0.139673875272274
39116,0.2280810296535492
39117,0.21708699464797973
39118,0.22848079204559327
39119,0.1845364511013031
39120,0.1550834596157074
39121,0.1743151217699051
39122,0.20271087288856507
39123,0.1976359963417053
39124,0.15526358932256698
39125,0.21699161529541017
39126,0.24218532741069793
39127,0.1881883054971695
39128,0.26470144987106325
39129,0.20033717453479766
39130,0.15519441813230514
39131,0.23343541622161865
39132,0.20567282736301423
39133,0.21583139300346374
39134,0.16510856449604033
39135,0.20686386227607728
39136,0.18102023601531983
39137,0.22150063514709473
39138,0.15837898552417756
39139,0.1541971892118454
39140,0.23481547236442565
39141,0.15586112439632416
39142,0.192363703250885
39143,0.21948494613170624
39144,0.16578927338123323
39145,0.14338283687829972
39146,0.12601972371339798
39147,0.1855320453643799
39148,0.2474408596754074
39149,0.22142542600631715
39150,0.1202666699886322
39151,0.1915029227733612
39152,0.33562973141670227
39153,0.19172822535037995
39154,0.20525149405002593
39155,0.13405074626207353
39156,0.17421911358833314
39157,0.2046549439430237
39158,0.22253851890563964
39159,0.1751433342695236
39160,0.15169377028942108
39161,0.237419193983078
39162,0.19916608035564423
39163,0.24476396143436432
39164,0.20232851505279542
39165,0.1749119520187378
39166,0.12778790891170502
39167,0.2053903430700302
39168,0.24591028392314912
39169,0.21513052880764008
39170,0.1275155410170555
39171,0.24965998530387878
39172,0.21217840611934663
39173,0.18010377287864685
39174,0.17311744689941405
39175,0.2267961949110031
39176,0.14718509167432786
39177,0.15159728825092317
39178,0.25413216948509215
39179,0.2211051970720291
39180,0.16820161938667297
39181,0.17829886376857756
39182,0.2438034236431122
39183,0.13917172253131865
39184,0.18594145625829697
39185,0.1581856608390808
39186,0.15270333588123322
39187,0.2610819101333618
39188,0.22894422709941864
39189,0.1351022332906723
39190,0.15333059728145598
39191,0.18077093958854676
39192,0.2448415994644165
39193,0.25711381435394287
39194,0.136759477853775
39195,0.10507461279630662
39196,0.30523693561553955
39197,0.25530059039592745
39198,0.16746679246425628
39199,0.1748188853263855
39200,0.2113966852426529
39201,0.2982270419597626
39202,0.27940839231014253
39203,0.26890677511692046
39204,0.2324022173881531
39205,0.20757226943969725
39206,0.1448237732052803
39207,0.3028292775154114
39208,0.26921512484550475
39209,0.1720139890909195
39210,0.20584408044815064
39211,0.20058461427688598
39212,0.2401984304189682
39213,0.1528203457593918
39214,0.20024995505809784
39215,0.2516911953687668
39216,0.2420775592327118
39217,0.15252576768398285
39218,0.13434277176856996
39219,0.18276738226413727
39220,0.15256764590740204
39221,0.2409728080034256
39222,0.17002659440040588
39223,0.18878354430198668
39224,0.15510899871587752
39225,0.2762645691633224
39226,0.11238463819026948
39227,0.2000867784023285
39228,0.14612642228603362
39229,0.22341232001781464
39230,0.2953249752521515
39231,0.21528293788433076
39232,0.19285444915294647
39233,0.20688563585281372
39234,0.29678104519844056
39235,0.21373861134052277
39236,0.13083538711071013
39237,0.2306562066078186
39238,0.2028120219707489
39239,0.20495715737342834
39240,0.22670702040195465
39241,0.17747859358787538
39242,0.2538949280977249
39243,0.2226545214653015
39244,0.2359580546617508
39245,0.23522801995277404
39246,0.18604886382818223
39247,0.20082429945468902
39248,0.1551977813243866
39249,0.22217293679714203
39250,0.14939557611942292
39251,0.21950120627880096
39252,0.1583017259836197
39253,0.22674400210380555
39254,0.2110890507698059
39255,0.24492579102516174
39256,0.15793594121932983
39257,0.1801171123981476
39258,0.1777072638273239
39259,0.11810349822044372
39260,0.2644827991724014
39261,0.15233707726001738
39262,0.1894507110118866
39263,0.23540247082710267
39264,0.17869349122047423
39265,0.1873967945575714
39266,0.13391285091638566
39267,0.23439976274967195
39268,0.17462718188762666
39269,0.22869516015052796
39270,0.18822091519832612
39271,0.15222037881612777
39272,0.2935379922389984
39273,0.19670961499214173
39274,0.278003516793251
39275,0.14975337088108062
39276,0.22717450857162474
39277,0.2205544799566269
39278,0.18785371482372284
39279,0.12306615710258484
39280,0.18970287144184111
39281,0.19510071873664855
39282,0.1821393370628357
39283,0.1291135609149933
39284,0.22955979108810426
39285,0.1964204877614975
39286,0.2001945197582245
39287,0.17602066993713378
39288,0.27864274084568025
39289,0.18964798450469972
39290,0.2110401451587677
39291,0.29310148358345034
39292,0.15334687232971192
39293,0.21641216278076172
39294,0.21145598888397216
39295,0.1756361961364746
39296,0.2089033007621765
39297,0.23930878937244415
39298,0.2583895891904831
39299,0.1588088944554329
39300,0.2128371238708496
39301,0.26135832667350767
39302,0.18096137344837188
39303,0.19036847054958345
39304,0.22743648588657378
39305,0.20144746601581573
39306,0.2267889767885208
39307,0.13933185338974
39308,0.2481567978858948
39309,0.129870180785656
39310,0.2144908845424652
39311,0.17816579043865205
39312,0.1773804634809494
39313,0.26000442206859586
39314,0.25659563541412356
39315,0.1374192327260971
39316,0.19186984598636628
39317,0.2074781209230423
39318,0.2072848230600357
39319,0.16447406709194184
39320,0.22016410231590272
39321,0.2906096875667572
39322,0.22723518908023835
39323,0.22136444747447967
39324,0.19600967764854432
39325,0.15921893417835237
39326,0.13327271789312362
39327,0.18040479719638824
39328,0.12219200283288956
39329,0.2541662693023682
39330,0.19067144393920898
39331,0.1941505879163742
39332,0.21922985911369325
39333,0.26521041989326477
39334,0.18877865970134736
39335,0.20120639801025392
39336,0.199373996257782
39337,0.21111362874507905
39338,0.20286751091480254
39339,0.18382923305034637
39340,0.18874870538711547
39341,0.2415911912918091
39342,0.25035396218299866
39343,0.27135784924030304
39344,0.16677621006965637
39345,0.1751203268766403
39346,0.20366645753383636
39347,0.17051588594913483
39348,0.20988789796829224
39349,0.19807274937629699
39350,0.18747093975543977
39351,0.2915767878293991
39352,0.21216837465763091
39353,0.14559796303510666
39354,0.17137859165668487
39355,0.1826053351163864
39356,0.15037392675876618
39357,0.21543768048286438
39358,0.1808113068342209
39359,0.13691110610961915
39360,0.1407243639230728
39361,0.14632711410522461
39362,0.14732138216495513
39363,0.24570492804050445
39364,0.18214108645915986
39365,0.22491963803768159
39366,0.26618911027908326
39367,0.14518057703971862
39368,0.17324645519256593
39369,0.2225697785615921
39370,0.1891309440135956
39371,0.16065183877944947
39372,0.2302887886762619
39373,0.20302418172359465
39374,0.2324796736240387
39375,0.15225599706172943
39376,0.2238252878189087
39377,0.2546089023351669
39378,0.16382443010807038
39379,0.26487540304660795
39380,0.1770041912794113
39381,0.16767717897891998
39382,0.19800145030021668
39383,0.18762378692626952
39384,0.18537648320198058
39385,0.19987642168998718
39386,0.2947211802005768
39387,0.22018506228923798
39388,0.19598902761936188
39389,0.18788981735706328
39390,0.1429788738489151
39391,0.18151454925537108
39392,0.3207095801830292
39393,0.1801726132631302
39394,0.21610982418060304
39395,0.2637068271636963
39396,0.2660104870796204
39397,0.22850776314735413
39398,0.1501221165060997
39399,0.1402512699365616
39400,0.16267262995243073
39401,0.21562342643737792
39402,0.16443739533424379
39403,0.11629290580749511
39404,0.19249433577060698
39405,0.29499746561050416
39406,0.17627207338809966
39407,0.22185771763324738
39408,0.26864243745803834
39409,0.32432774901390077
39410,0.20405540764331817
39411,0.18953478932380677
39412,0.17057082653045655
39413,0.28380268812179565
39414,0.1795967251062393
39415,0.1786495178937912
39416,0.24492229223251344
39417,0.21663756668567657
39418,0.1621139571070671
39419,0.17783141434192656
39420,0.174720299243927
39421,0.1749303311109543
39422,0.1716147094964981
39423,0.2180188238620758
39424,0.16181754767894746
39425,0.17918020188808442
39426,0.1821405291557312
39427,0.28228548765182493
39428,0.17866468131542207
39429,0.18112535476684571
39430,0.13764081448316573
39431,0.16669163405895232
39432,0.20372966229915618
39433,0.20933766663074493
39434,0.11135910600423812
39435,0.27887171506881714
39436,0.24160803258419036
39437,0.1519633263349533
39438,0.19310759007930756
39439,0.1252124175429344
39440,0.12809765934944153
39441,0.15182368457317352
39442,0.17782652378082275
39443,0.22810913920402526
39444,0.257391682267189
39445,0.16945507526397705
39446,0.13910990804433823
39447,0.2567086458206177
39448,0.21287702918052673
39449,0.13299672156572342
39450,0.20934301912784575
39451,0.28405503928661346
39452,0.18708488643169402
39453,0.24877793192863465
39454,0.2636754304170609
39455,0.16660667955875397
39456,0.18388411402702332
39457,0.17677647173404692
39458,0.16020869612693786
39459,0.19190018475055695
39460,0.1976529747247696
39461,0.16567848920822142
39462,0.15727201104164124
39463,0.2658838391304016
39464,0.14946366250514984
39465,0.25765144228935244
39466,0.23586332499980928
39467,0.15836205035448075
39468,0.26935599744319916
39469,0.24940668046474457
39470,0.18195783197879792
39471,0.23165934085845946
39472,0.20459975004196168
39473,0.14686767160892486
39474,0.17161782681941987
39475,0.12024644315242768
39476,0.23843143582344056
39477,0.1985986828804016
39478,0.2055215746164322
39479,0.27245092391967773
39480,0.2334821492433548
39481,0.21996657252311708
39482,0.1481626331806183
39483,0.15816671252250672
39484,0.1767342507839203
39485,0.21308709383010865
39486,0.1822044223546982
39487,0.1924362987279892
39488,0.17494556605815886
39489,0.22129072546958922
39490,0.19713725745677949
39491,0.25475931763648985
39492,0.23240704238414764
39493,0.22553108632564545
39494,0.3108855068683624
39495,0.1634069263935089
39496,0.16671960353851317
39497,0.16799697875976563
39498,0.19944584369659424
39499,0.22355320155620576
39500,0.174635910987854
39501,0.24149453341960908
39502,0.1759108066558838
39503,0.2461926072835922
39504,0.12587665617465973
39505,0.24957821965217591
39506,0.21314188838005066
39507,0.17283975183963776
39508,0.14951175451278687
39509,0.14916309118270873
39510,0.19594747126102446
39511,0.21520089209079743
39512,0.22237094044685363
39513,0.21558364033699035
39514,0.24762453138828278
39515,0.2007477194070816
39516,0.20170835852622987
39517,0.15013035535812377
39518,0.19560463726520538
39519,0.20401207208633423
39520,0.23318469226360322
39521,0.14938997030258178
39522,0.22355770766735078
39523,0.192232209444046
39524,0.2610917955636978
39525,0.2286477953195572
39526,0.16756602823734285
39527,0.18909570574760437
39528,0.2045201152563095
39529,0.13047681003808975
39530,0.24877079725265502
39531,0.19583576023578644
39532,0.17164509892463684
39533,0.20340667963027953
39534,0.2229914605617523
39535,0.18273316323757172
39536,0.2510876297950745
39537,0.13856572210788726
39538,0.20921421349048613
39539,0.19206903874874115
39540,0.14227928817272187
39541,0.1290759414434433
39542,0.21467627882957457
39543,0.2198527678847313
39544,0.23213914334774016
39545,0.16352847516536712
39546,0.24687973260879517
39547,0.30076569616794585
39548,0.18900639712810516
39549,0.24894444346427919
39550,0.2748518466949463
39551,0.1700330376625061
39552,0.13646634966135024
39553,0.20165392756462097
39554,0.14794417917728425
39555,0.23870132863521576
39556,0.20563513040542603
39557,0.17741256356239318
39558,0.2463352710008621
39559,0.17654759883880616
39560,0.25989748239517213
39561,0.19241493046283722
39562,0.20183080136775972
39563,0.14493360817432405
39564,0.2928179442882538
39565,0.24775339365005494
39566,0.1264744833111763
39567,0.21032249927520752
39568,0.14779600501060486
39569,0.1574232578277588
39570,0.1400960773229599
39571,0.23667484819889067
39572,0.24697446525096894
39573,0.25324930548667907
39574,0.21134166717529296
39575,0.2325104832649231
39576,0.269420450925827
39577,0.18127843141555786
39578,0.16973522007465364
39579,0.23197858929634094
39580,0.15514426231384276
39581,0.26170024275779724
39582,0.1904481291770935
39583,0.21842375993728638
39584,0.21626298427581786
39585,0.1052445873618126
39586,0.1530079573392868
39587,0.20796134173870087
39588,0.26898623406887057
39589,0.17882162034511567
39590,0.16223254799842834
39591,0.2338813304901123
39592,0.15115004777908325
39593,0.20894126296043397
39594,0.2406177431344986
39595,0.20800551474094392
39596,0.2523234099149704
39597,0.20916438102722168
39598,0.21712961196899414
39599,0.21122075319290162
39600,0.20574793219566345
39601,0.16654082834720613
39602,0.2863974362611771
39603,0.23451635837554932
39604,0.27219806909561156
39605,0.2531690776348114
39606,0.2617617666721344
39607,0.24465619325637816
39608,0.20603312849998473
39609,0.17019556164741517
39610,0.3115624189376831
39611,0.15910719931125641
39612,0.18330181539058685
39613,0.16780332028865813
39614,0.2233208566904068
39615,0.24863865673542024
39616,0.14558056443929673
39617,0.2436663717031479
39618,0.12289160043001175
39619,0.1682634949684143
39620,0.19873229861259462
39621,0.18090151846408845
39622,0.16632623374462127
39623,0.20535508096218108
39624,0.2676178991794586
39625,0.17632673680782318
39626,0.19728764593601228
39627,0.23823938369750977
39628,0.16269885003566742
39629,0.30847981870174407
39630,0.2812849819660187
39631,0.16107919812202454
39632,0.10991384983062744
39633,0.1862768441438675
39634,0.1776831030845642
39635,0.28710311353206636
39636,0.20530073940753937
39637,0.18693301677703858
39638,0.19947592914104462
39639,0.25173547863960266
39640,0.1512083888053894
39641,0.15749869346618653
39642,0.18333702385425568
39643,0.14392464309930803
39644,0.17104521989822388
39645,0.12213173508644104
39646,0.17985568344593048
39647,0.23491452634334564
39648,0.243914595246315
39649,0.24928081035614014
39650,0.26143264174461367
39651,0.2958686649799347
39652,0.14252110421657563
39653,0.24468364119529723
39654,0.14464967846870422
39655,0.2703446805477142
39656,0.18066756129264833
39657,0.23321992456912993
39658,0.2255392462015152
39659,0.18596364855766295
39660,0.13503319919109344
39661,0.23860130310058594
39662,0.20566078424453735
39663,0.1821511447429657
39664,0.22194996178150178
39665,0.24123527109622955
39666,0.24149588942527772
39667,0.2736345767974854
39668,0.23303754031658172
39669,0.12023017853498459
39670,0.20968511700630188
39671,0.28268845975399015
39672,0.2631817638874054
39673,0.2468717098236084
39674,0.14142061173915862
39675,0.22800224423408508
39676,0.2149582713842392
39677,0.20137010812759398
39678,0.2464507669210434
39679,0.24034816920757293
39680,0.13280657827854156
39681,0.17455331981182098
39682,0.18158927261829377
39683,0.19526291787624359
39684,0.2910201370716095
39685,0.15596426129341126
39686,0.2123395472764969
39687,0.27189398407936094
39688,0.2663267433643341
39689,0.2545210659503937
39690,0.1744563549757004
39691,0.13438823223114013
39692,0.31090576350688937
39693,0.14182082414627076
39694,0.23240965902805327
39695,0.24392774999141692
39696,0.1474555492401123
39697,0.16086899042129515
39698,0.22901463508605957
39699,0.18281531035900117
39700,0.24873776733875275
39701,0.15435804128646852
39702,0.2636012136936188
39703,0.24713894128799438
39704,0.2226649284362793
39705,0.3013046979904175
39706,0.21226951479911804
39707,0.21845096945762635
39708,0.213036847114563
39709,0.19403155148029327
39710,0.25653694570064545
39711,0.16695656776428222
39712,0.2467073082923889
39713,0.20512145459651948
39714,0.18179379403591156
39715,0.14776506125926972
39716,0.16682652235031128
39717,0.19621749818325043
39718,0.19310106337070465
39719,0.1963789016008377
39720,0.20947687327861786
39721,0.3322660207748413
39722,0.15357803404331208
39723,0.18540055453777313
39724,0.17143409550189972
39725,0.19715819358825684
39726,0.21505178213119508
39727,0.25416781902313235
39728,0.188205024600029
39729,0.21732614636421205
39730,0.1722057729959488
39731,0.1641315072774887
39732,0.17782382071018218
39733,0.17625384032726288
39734,0.1578375905752182
39735,0.12193261682987214
39736,0.25073167979717254
39737,0.2982446849346161
39738,0.1695723295211792
39739,0.27011504769325256
39740,0.2500904530286789
39741,0.2750149339437485
39742,0.10178943425416946
39743,0.28961717486381533
39744,0.1935621678829193
39745,0.21401941478252412
39746,0.20111767649650575
39747,0.1721668690443039
39748,0.2202451139688492
39749,0.24287512600421907
39750,0.22809699773788453
39751,0.27801751494407656
39752,0.26698257923126223
39753,0.18856267929077147
39754,0.20685749650001525
39755,0.28816739916801454
39756,0.19149605929851532
39757,0.11750610321760177
39758,0.19600834250450133
39759,0.23540245592594147
39760,0.2419114291667938
39761,0.20855131447315217
39762,0.15843068659305573
39763,0.226929971575737
39764,0.21091776788234712
39765,0.22362184822559356
39766,0.2522372156381607
39767,0.18588458895683288
39768,0.118129763007164
39769,0.21906924843788148
39770,0.19272170066833497
39771,0.15975910127162934
39772,0.14262345880270005
39773,0.2460165023803711
39774,0.23685944676399232
39775,0.19037217199802398
39776,0.1303082138299942
39777,0.13349363654851915
39778,0.1565072238445282
39779,0.2464567244052887
39780,0.15858839750289916
39781,0.15176382958889006
39782,0.15496716499328614
39783,0.15388912409543992
39784,0.20654309689998626
39785,0.25911239683628084
39786,0.2024093061685562
39787,0.264862859249115
39788,0.33208163976669314
39789,0.23633520901203156
39790,0.2508189618587494
39791,0.1677909106016159
39792,0.14918698817491532
39793,0.2528012841939926
39794,0.29437880516052245
39795,0.2212681770324707
39796,0.1873442441225052
39797,0.24685031771659852
39798,0.179632830619812
39799,0.25353519022464754
39800,0.20602402985095977
39801,0.20078713595867156
39802,0.16509928107261657
39803,0.17796777486801146
39804,0.24083573818206788
39805,0.17638374567031861
39806,0.20095348358154297
39807,0.17865520417690278
39808,0.19846853613853455
39809,0.2527430295944214
39810,0.30761905908584597
39811,0.24240655899047853
39812,0.2836566954851151
39813,0.20266815423965454
39814,0.22630234956741332
39815,0.1656918555498123
39816,0.20131161212921142
39817,0.1756329983472824
39818,0.1486425057053566
39819,0.20480145812034606
39820,0.1950075536966324
39821,0.2529731303453445
39822,0.2680062711238861
39823,0.20180868059396745
39824,0.22416219711303711
39825,0.14713791906833648
39826,0.23825425207614898
39827,0.21447783708572388
39828,0.2623826593160629
39829,0.2244466006755829
39830,0.19752318859100343
39831,0.19633281528949736
39832,0.2692581057548523
39833,0.15664268434047698
39834,0.16329768002033235
39835,0.19780902266502381
39836,0.25538728535175326
39837,0.1561110645532608
39838,0.26529503166675567
39839,0.1489119127392769
39840,0.16298458278179168
39841,0.11913186013698578
39842,0.21228092312812805
39843,0.21538210213184356
39844,0.20724130272865296
39845,0.2324970006942749
39846,0.18080800175666809
39847,0.1623438149690628
39848,0.24320986568927766
39849,0.1701647460460663
39850,0.22777186036109925
39851,0.16626728773117067
39852,0.27014991343021394
39853,0.2196062535047531
39854,0.24171878695487975
39855,0.25133818089962007
39856,0.26559886038303376
39857,0.2858175277709961
39858,0.18635810911655426
39859,0.21922842860221864
39860,0.16497486233711242
39861,0.16474998295307158
39862,0.1393030807375908
39863,0.23803549706935884
39864,0.2949517905712128
39865,0.20400261282920837
39866,0.2177000105381012
39867,0.24264730811119078
39868,0.14525072872638703
39869,0.20173792243003846
39870,0.17522419095039368
39871,0.2531530767679214
39872,0.1617904394865036
39873,0.1662673145532608
39874,0.2057543635368347
39875,0.18051110804080964
39876,0.2337256520986557
39877,0.31590675711631777
39878,0.2990350842475891
39879,0.1774673879146576
39880,0.2244785785675049
39881,0.2239460289478302
39882,0.17093538343906403
39883,0.18863545954227448
39884,0.21505381613969804
39885,0.14660128504037856
39886,0.15313510298728944
39887,0.16668353974819183
39888,0.14843588769435884
39889,0.12371315360069275
39890,0.19992774426937104
39891,0.1837231695652008
39892,0.14715607464313507
39893,0.19198814034461975
39894,0.31493977904319764
39895,0.22427916824817656
39896,0.14977677166461945
39897,0.1278311312198639
39898,0.15633835792541503
39899,0.1800462394952774
39900,0.18637861013412477
39901,0.1056743636727333
39902,0.21670473515987396
39903,0.1999064266681671
39904,0.1947576731443405
39905,0.26145755052566527
39906,0.2730347812175751
39907,0.19295252859592438
39908,0.16125122010707854
39909,0.1456417739391327
39910,0.14065694212913513
39911,0.15793017148971558
39912,0.19129050076007842
39913,0.1592108577489853
39914,0.15142154693603516
39915,0.13215441405773162
39916,0.20604160130023957
39917,0.12334496527910233
39918,0.30242750942707064
39919,0.21734300255775452
39920,0.15204673856496811
39921,0.3277746617794037
39922,0.22294566333293914
39923,0.1726821780204773
39924,0.28189471960067747
39925,0.1763352006673813
39926,0.23301805555820465
39927,0.23014371395111083
39928,0.19709158539772034
39929,0.21217328906059266
39930,0.1715036600828171
39931,0.1536797821521759
39932,0.22504377365112305
39933,0.2090754359960556
39934,0.19822801202535628
39935,0.1842496305704117
39936,0.24793485701084136
39937,0.172391614317894
39938,0.19862558841705322
39939,0.21521810591220855
39940,0.187974950671196
39941,0.171213099360466
39942,0.243336221575737
39943,0.1921581894159317
39944,0.28350409865379333
39945,0.19292334616184234
39946,0.21371957361698152
39947,0.24584945738315583
39948,0.22876066267490386
39949,0.22827029526233672
39950,0.24993750154972078
39951,0.213835209608078
39952,0.18073229491710663
39953,0.18863846361637115
39954,0.15110850036144258
39955,0.2631716012954712
39956,0.24346877932548522
39957,0.16944980919361113
39958,0.19731427133083343
39959,0.15773094892501832
39960,0.22624665200710298
39961,0.2739986300468445
39962,0.2604819744825363
39963,0.257755771279335
39964,0.17165884971618653
39965,0.20721326172351837
39966,0.22239701747894286
39967,0.259616020321846
39968,0.12214431166648865
39969,0.24367885589599608
39970,0.16449438631534577
39971,0.18462342023849487
39972,0.17390486001968383
39973,0.21048884093761444
39974,0.18529974222183226
39975,0.21740617752075195
39976,0.2158520042896271
39977,0.24164416491985322
39978,0.20865664184093474
39979,0.28990604281425475
39980,0.1960036039352417
39981,0.22883085310459136
39982,0.17667025327682495
39983,0.1819508969783783
39984,0.1876705139875412
39985,0.1982380360364914
39986,0.18598325550556183
39987,0.21994759142398834
39988,0.17582364976406098
39989,0.23104080855846404
39990,0.15608029663562775
39991,0.28343239724636077
39992,0.1496722862124443
39993,0.2088838756084442
39994,0.2458876669406891
39995,0.19272300302982331
39996,0.17568351924419404
39997,0.1949961870908737
39998,0.17257367074489594
39999,0.3323234498500824
40000,0.18162290751934052
40001,0.16281734108924867
40002,0.14217469990253448
40003,0.13959629833698273
40004,0.2694888383150101
40005,0.2740362137556076
40006,0.14584350883960723
40007,0.2830546319484711
40008,0.2962865173816681
40009,0.23996974229812623
40010,0.19482811391353608
40011,0.18585376143455506
40012,0.20193810760974884
40013,0.18100359439849853
40014,0.22698412835597992
40015,0.2867117553949356
40016,0.28308782875537875
40017,0.12829159796237946
40018,0.15688250064849854
40019,0.20684579908847808
40020,0.2850340843200684
40021,0.20667068362236024
40022,0.24495205283164978
40023,0.227132448554039
40024,0.2157851278781891
40025,0.23011824786663054
40026,0.25788663029670716
40027,0.19922417104244233
40028,0.15199271142482756
40029,0.18357234299182892
40030,0.18989101350307463
40031,0.28231193125247955
40032,0.16465153843164443
40033,0.15682564973831176
40034,0.17371456623077391
40035,0.14060865044593812
40036,0.27347726821899415
40037,0.22845441997051238
40038,0.13229529708623886
40039,0.15739043354988097
40040,0.1983139455318451
40041,0.19592095911502838
40042,0.2062142848968506
40043,0.19523803889751434
40044,0.19089359045028687
40045,0.15015124082565307
40046,0.19495920240879058
40047,0.13137514144182205
40048,0.1686386674642563
40049,0.23677058815956115
40050,0.2732389271259308
40051,0.2731368750333786
40052,0.15172829031944274
40053,0.20286378264427185
40054,0.21362339556217194
40055,0.21733407974243163
40056,0.14228858798742294
40057,0.2029316693544388
40058,0.24654112458229066
40059,0.16742127537727355
40060,0.18398545384407045
40061,0.23188774585723876
40062,0.13994272351264953
40063,0.23780532777309418
40064,0.16151244342327117
40065,0.1730929583311081
40066,0.22493330240249634
40067,0.20298495292663574
40068,0.2183139592409134
40069,0.2271708458662033
40070,0.16377898156642914
40071,0.23947177827358246
40072,0.2003729224205017
40073,0.17914342880249023
40074,0.23561842739582062
40075,0.20801952481269836
40076,0.19653641283512116
40077,0.13864720165729522
40078,0.21323647797107698
40079,0.22088658213615417
40080,0.13168579041957856
40081,0.1521834909915924
40082,0.21184787452220916
40083,0.17399117350578308
40084,0.1955755591392517
40085,0.20160816013813018
40086,0.1497598707675934
40087,0.17532268762588502
40088,0.23397993743419648
40089,0.1865872323513031
40090,0.24283758401870728
40091,0.3047573447227478
40092,0.15670062899589537
40093,0.22882797122001647
40094,0.23138015270233153
40095,0.3276028037071228
40096,0.12492611706256866
40097,0.24826861023902894
40098,0.23417588472366332
40099,0.1645349681377411
40100,0.15574946105480195
40101,0.16155416667461395
40102,0.2958781599998474
40103,0.24827071726322175
40104,0.1879911780357361
40105,0.2213773399591446
40106,0.2587254852056503
40107,0.15493873357772828
40108,0.18399608731269837
40109,0.1410681575536728
40110,0.14137318432331086
40111,0.16543477773666382
40112,0.2840270698070526
40113,0.3375856280326843
40114,0.15439001917839051
40115,0.15451714694499968
40116,0.17089244425296785
40117,0.17206299901008607
40118,0.172128826379776
40119,0.15981324315071105
40120,0.1514272004365921
40121,0.19745754897594453
40122,0.3076185643672943
40123,0.2023099184036255
40124,0.1821440875530243
40125,0.2038722187280655
40126,0.12956668436527252
40127,0.19711855053901672
40128,0.17612644135951996
40129,0.26762071847915647
40130,0.30186545550823213
40131,0.23935594260692597
40132,0.34892473220825193
40133,0.2686601936817169
40134,0.18098184466362
40135,0.20772704482078552
40136,0.2312181144952774
40137,0.1422984331846237
40138,0.1956189215183258
40139,0.2133728802204132
40140,0.21458912789821624
40141,0.22281349301338196
40142,0.25139078199863435
40143,0.1834172010421753
40144,0.16752418279647827
40145,0.2489481210708618
40146,0.1247172474861145
40147,0.15818577110767365
40148,0.15345821380615235
40149,0.2036598175764084
40150,0.12911806553602218
40151,0.1604548692703247
40152,0.23771581947803497
40153,0.14002953916788102
40154,0.1872222900390625
40155,0.2831214338541031
40156,0.19997156858444215
40157,0.22567960023880004
40158,0.17058647572994232
40159,0.19089099168777465
40160,0.1734524130821228
40161,0.14538293480873107
40162,0.27871169447898864
40163,0.2725986897945404
40164,0.21159440875053406
40165,0.21300837993621827
40166,0.1718204438686371
40167,0.16670021116733552
40168,0.1374964237213135
40169,0.17588851153850554
40170,0.14425670504570007
40171,0.20670631527900696
40172,0.1652445912361145
40173,0.3072431802749634
40174,0.19459202289581298
40175,0.2325037568807602
40176,0.24124308824539184
40177,0.2168308436870575
40178,0.14102846384048462
40179,0.11987772732973098
40180,0.20707827806472778
40181,0.1995796024799347
40182,0.19303513169288636
40183,0.22594566643238068
40184,0.33246533274650575
40185,0.11688945144414901
40186,0.2361516386270523
40187,0.3426261365413666
40188,0.19839579463005066
40189,0.21978666186332702
40190,0.1977650851011276
40191,0.2663112819194794
40192,0.23913140892982482
40193,0.18902727365493774
40194,0.1748519569635391
40195,0.2704065144062042
40196,0.17225246131420135
40197,0.1873927354812622
40198,0.2648740768432617
40199,0.24484169483184814
40200,0.24376271665096283
40201,0.2881373167037964
40202,0.22163851261138917
40203,0.17298511862754823
40204,0.16658417284488677
40205,0.15722963213920593
40206,0.22607072293758393
40207,0.16592255532741546
40208,0.21124459207057952
40209,0.16220151782035827
40210,0.17805971205234528
40211,0.17800974547863008
40212,0.2102536678314209
40213,0.14426303505897523
40214,0.20942216515541076
40215,0.1847561091184616
40216,0.25015250146389006
40217,0.18758791387081147
40218,0.1998838096857071
40219,0.16939460933208467
40220,0.242908051609993
40221,0.19115464985370637
40222,0.16700211465358733
40223,0.14036328494548797
40224,0.27723899483680725
40225,0.10269141793251038
40226,0.21776648461818696
40227,0.15999281108379365
40228,0.14921598583459855
40229,0.15958717167377473
40230,0.19736725986003875
40231,0.2093251645565033
40232,0.20713937282562256
40233,0.2505445718765259
40234,0.14842220544815063
40235,0.3183379352092743
40236,0.18296651244163514
40237,0.18038234412670134
40238,0.168052077293396
40239,0.18238390982151031
40240,0.1696944236755371
40241,0.24458832740783693
40242,0.2587289959192276
40243,0.2824338495731354
40244,0.17972076535224915
40245,0.17681762278079988
40246,0.26556302309036256
40247,0.1567969650030136
40248,0.15109071433544158
40249,0.23249140679836272
40250,0.17501241564750672
40251,0.16097148954868318
40252,0.16642443388700484
40253,0.20369455516338347
40254,0.2049095332622528
40255,0.17071855664253235
40256,0.2500416189432144
40257,0.1949701726436615
40258,0.25043206810951235
40259,0.19943361282348632
40260,0.15440455377101897
40261,0.28346253037452696
40262,0.15251227021217345
40263,0.15289720594882966
40264,0.20069318115711213
40265,0.22815120220184326
40266,0.18331799507141114
40267,0.3067324846982956
40268,0.17342198193073272
40269,0.26488904654979706
40270,0.2668673813343048
40271,0.12923334538936615
40272,0.17068546116352082
40273,0.21849088966846467
40274,0.23262850642204286
40275,0.15003514885902405
40276,0.2118847906589508
40277,0.13534378856420518
40278,0.27316890358924867
40279,0.11348848193883895
40280,0.18185567259788513
40281,0.1422324389219284
40282,0.1996521919965744
40283,0.26491333544254303
40284,0.13373517543077468
40285,0.15629971623420716
40286,0.26043835282325745
40287,0.16061126291751862
40288,0.2683397889137268
40289,0.1937435269355774
40290,0.22057229578495025
40291,0.18634231388568878
40292,0.2139447033405304
40293,0.2183503359556198
40294,0.31215972304344175
40295,0.22764400541782379
40296,0.1288367047905922
40297,0.1454688161611557
40298,0.15619020760059357
40299,0.16877985894680023
40300,0.18998066186904908
40301,0.2312928169965744
40302,0.22229887247085572
40303,0.18342677652835845
40304,0.1517909973859787
40305,0.2792905569076538
40306,0.2223101794719696
40307,0.13966215550899505
40308,0.21172661185264588
40309,0.21264590919017792
40310,0.1563698634505272
40311,0.18500745594501494
40312,0.15366752594709396
40313,0.2085748642683029
40314,0.18892588019371032
40315,0.2982035636901855
40316,0.20712628066539765
40317,0.18160976767539977
40318,0.13815838396549224
40319,0.21019781231880189
40320,0.21542276442050934
40321,0.17284573018550872
40322,0.16466264724731444
40323,0.2500799685716629
40324,0.1741599053144455
40325,0.1978217452764511
40326,0.19120782017707824
40327,0.1926138550043106
40328,0.1737714558839798
40329,0.2724378347396851
40330,0.23328172862529756
40331,0.21970230638980864
40332,0.2537421822547913
40333,0.26574655771255495
40334,0.22528012096881866
40335,0.2629917085170746
40336,0.22581314146518708
40337,0.19268185198307036
40338,0.2647880017757416
40339,0.1518645167350769
40340,0.170453017950058
40341,0.22088606059551238
40342,0.26504872739315033
40343,0.2548493415117264
40344,0.21711948215961457
40345,0.26192848682403563
40346,0.25103314518928527
40347,0.15242461264133453
40348,0.20752931535243987
40349,0.2905082643032074
40350,0.2829346716403961
40351,0.15248817056417466
40352,0.1686796337366104
40353,0.2632434546947479
40354,0.13485693484544753
40355,0.19474035501480103
40356,0.22339775562286376
40357,0.1432190418243408
40358,0.11175338178873062
40359,0.2674374669790268
40360,0.2259872704744339
40361,0.19909298717975615
40362,0.18003992438316346
40363,0.12370269149541854
40364,0.15252555310726165
40365,0.1982386440038681
40366,0.1775888592004776
40367,0.1417892321944237
40368,0.14689940512180327
40369,0.128476981818676
40370,0.2050767123699188
40371,0.15676623582839966
40372,0.23857055902481078
40373,0.2029150903224945
40374,0.18104166090488433
40375,0.23625001609325408
40376,0.13853884488344193
40377,0.2113606035709381
40378,0.1680410772562027
40379,0.1818230390548706
40380,0.19246629476547242
40381,0.13457504212856292
40382,0.23493842482566835
40383,0.18092618882656097
40384,0.18287695348262786
40385,0.21489109992980956
40386,0.22456881403923035
40387,0.30524152517318726
40388,0.16910300850868226
40389,0.24028438329696655
40390,0.14408308118581772
40391,0.1925531417131424
40392,0.316010856628418
40393,0.164963760972023
40394,0.18165927529335021
40395,0.14008575528860093
40396,0.19874878823757172
40397,0.2893810570240021
40398,0.17049404382705688
40399,0.2115392804145813
40400,0.18451928496360778
40401,0.16817129254341126
40402,0.21863525807857515
40403,0.15151849687099456
40404,0.12564612925052643
40405,0.17897423207759858
40406,0.2221541613340378
40407,0.1565420836210251
40408,0.22026966214179994
40409,0.22267785370349885
40410,0.202207612991333
40411,0.1678863912820816
40412,0.24444083869457245
40413,0.24532146155834197
40414,0.21622601449489592
40415,0.1714016616344452
40416,0.24323973357677459
40417,0.20779170989990234
40418,0.2269653856754303
40419,0.2213605135679245
40420,0.2526226729154587
40421,0.19637735486030578
40422,0.12387334704399108
40423,0.14730966687202454
40424,0.2512936592102051
40425,0.20742509067058562
40426,0.19788335263729095
40427,0.1331776812672615
40428,0.17429897487163543
40429,0.17526361346244812
40430,0.15131379365921022
40431,0.17013064920902252
40432,0.17938630580902098
40433,0.24394837021827698
40434,0.274570569396019
40435,0.16092701256275177
40436,0.14782480001449586
40437,0.18110542893409728
40438,0.15561580657958984
40439,0.11373562440276146
40440,0.1882994443178177
40441,0.18611426651477814
40442,0.22167400717735292
40443,0.31169451475143434
40444,0.28051830530166627
40445,0.23377967476844788
40446,0.21294229626655578
40447,0.12512650489807128
40448,0.25066656470298765
40449,0.18286173343658446
40450,0.1712554305791855
40451,0.23464031219482423
40452,0.17430103421211243
40453,0.2705341696739197
40454,0.22983770668506623
40455,0.185789492726326
40456,0.18740180432796477
40457,0.1586376190185547
40458,0.17984239459037782
40459,0.2336862415075302
40460,0.18849122822284697
40461,0.1854497104883194
40462,0.14744544625282288
40463,0.20508170127868652
40464,0.19082073271274566
40465,0.11679923087358475
40466,0.2624976634979248
40467,0.2529045224189758
40468,0.23715883493423462
40469,0.1920300006866455
40470,0.2485375761985779
40471,0.13432649672031402
40472,0.24818952083587648
40473,0.19067743718624114
40474,0.20498615205287934
40475,0.14530539363622666
40476,0.2925530970096588
40477,0.25655968487262726
40478,0.16569794118404388
40479,0.2879693627357483
40480,0.18610672950744628
40481,0.20964013934135436
40482,0.183600452542305
40483,0.17213525176048278
40484,0.20370043814182281
40485,0.15977646708488463
40486,0.20769213140010834
40487,0.2067771464586258
40488,0.13465373516082763
40489,0.1394422858953476
40490,0.21419842839241027
40491,0.2086018979549408
40492,0.22010195553302764
40493,0.28997165858745577
40494,0.18719529807567598
40495,0.20571232140064238
40496,0.20752570927143096
40497,0.19465450644493104
40498,0.14202575087547303
40499,0.1741853505373001
40500,0.29858383536338806
40501,0.13878718316555022
40502,0.16542497873306275
40503,0.1707872360944748
40504,0.2746440231800079
40505,0.23964731395244598
40506,0.24992683231830598
40507,0.22098569869995116
40508,0.17425390481948852
40509,0.21827635765075684
40510,0.18281853199005127
40511,0.18468615412712097
40512,0.18086333870887755
40513,0.2134026527404785
40514,0.24091658592224122
40515,0.20194031596183776
40516,0.2658532828092575
40517,0.24470602571964264
40518,0.21846114099025726
40519,0.25513397455215453
40520,0.14982915818691253
40521,0.1874237358570099
40522,0.15101192742586136
40523,0.22050667107105254
40524,0.20357113480567932
40525,0.2116056650876999
40526,0.17742838263511657
40527,0.18550996780395507
40528,0.219432070851326
40529,0.2680610328912735
40530,0.1848466992378235
40531,0.22001294791698456
40532,0.2023882269859314
40533,0.29919764399528503
40534,0.20772251784801482
40535,0.2014019250869751
40536,0.11359706968069076
40537,0.18764690160751343
40538,0.2736632227897644
40539,0.14277142137289048
40540,0.25168525278568266
40541,0.15424818694591522
40542,0.12121940851211548
40543,0.16689198613166809
40544,0.20327302515506745
40545,0.2449926793575287
40546,0.17525399029254912
40547,0.1315223053097725
40548,0.24894508719444275
40549,0.2180683881044388
40550,0.16287853419780732
40551,0.1260183036327362
40552,0.26720877587795255
40553,0.2353006660938263
40554,0.2246796578168869
40555,0.25000766217708587
40556,0.22518658638000488
40557,0.22412621080875397
40558,0.27696422636508944
40559,0.22737009525299073
40560,0.22777718901634217
40561,0.2089109480381012
40562,0.2015617698431015
40563,0.25862133502960205
40564,0.29191029965877535
40565,0.2091379404067993
40566,0.21059169471263886
40567,0.1602126955986023
40568,0.1738923043012619
40569,0.2604769945144653
40570,0.15687398612499237
40571,0.15062336921691893
40572,0.2397572636604309
40573,0.1863621801137924
40574,0.18153639137744904
40575,0.21412039995193483
40576,0.18488070964813233
40577,0.17091062366962434
40578,0.13518316000699998
40579,0.1526913359761238
40580,0.1896740198135376
40581,0.23587263524532318
40582,0.24082768261432647
40583,0.23531782031059265
40584,0.21722920536994933
40585,0.2583895683288574
40586,0.17710951268672942
40587,0.2728650659322739
40588,0.20461103916168213
40589,0.25566945374011996
40590,0.2267611801624298
40591,0.1953363299369812
40592,0.27007300555706026
40593,0.15488914549350738
40594,0.20360985696315764
40595,0.25649279057979585
40596,0.1926288366317749
40597,0.228850793838501
40598,0.1806545674800873
40599,0.18938248753547668
40600,0.20183540880680084
40601,0.24231365323066711
40602,0.18216099441051484
40603,0.16295504271984101
40604,0.1416345328092575
40605,0.26682578921318056
40606,0.15014486014842987
40607,0.13024137169122696
40608,0.18024363815784455
40609,0.17589448392391205
40610,0.2775643885135651
40611,0.2018241435289383
40612,0.18189219236373902
40613,0.17895374000072478
40614,0.15385991036891938
40615,0.16062249541282653
40616,0.23392564356327056
40617,0.15555949211120607
40618,0.1330126240849495
40619,0.23537802398204805
40620,0.20399342179298402
40621,0.2676054298877716
40622,0.24839995205402374
40623,0.16518041789531707
40624,0.21716146767139435
40625,0.24289739429950713
40626,0.26431427001953123
40627,0.2393232464790344
40628,0.17890547811985016
40629,0.21163334846496581
40630,0.15731144696474075
40631,0.20845578908920287
40632,0.17513320446014405
40633,0.1902795761823654
40634,0.2063092052936554
40635,0.1429016798734665
40636,0.16587344110012053
40637,0.2607205778360367
40638,0.18464598655700684
40639,0.21328762769699097
40640,0.20333056151866913
40641,0.16871536374092103
40642,0.19278086125850677
40643,0.25541150867938994
40644,0.15016507506370544
40645,0.1709606558084488
40646,0.2724457174539566
40647,0.2794329166412354
40648,0.28758345246315004
40649,0.11835185438394547
40650,0.22905059158802032
40651,0.21419667303562165
40652,0.17771023213863374
40653,0.19683385491371155
40654,0.18981693238019942
40655,0.17490360140800476
40656,0.21253230273723603
40657,0.2207322508096695
40658,0.19609340131282807
40659,0.3232835292816162
40660,0.12724176794290543
40661,0.1728835254907608
40662,0.16572664082050323
40663,0.2924812018871307
40664,0.28334888219833376
40665,0.16190871894359588
40666,0.1812768191099167
40667,0.14257113486528397
40668,0.1583399772644043
40669,0.15174790024757384
40670,0.1376955971121788
40671,0.1326005533337593
40672,0.20891528129577636
40673,0.15879976451396943
40674,0.15337263643741608
40675,0.15337060689926146
40676,0.22073711156845094
40677,0.14783502370119095
40678,0.3232101321220398
40679,0.21536183953285218
40680,0.2610926300287247
40681,0.12080446481704712
40682,0.18197149336338042
40683,0.16236059367656708
40684,0.28308531939983367
40685,0.17300702333450318
40686,0.17770738601684571
40687,0.21468536257743837
40688,0.1664077013731003
40689,0.2375897854566574
40690,0.19879975020885468
40691,0.18988514542579651
40692,0.17304129600524903
40693,0.21295031309127807
40694,0.20717442631721497
40695,0.2302115648984909
40696,0.1727224975824356
40697,0.21867972910404204
40698,0.1600185751914978
40699,0.23566652536392213
40700,0.12353497892618179
40701,0.19102218449115754
40702,0.214843812584877
40703,0.18879473805427552
40704,0.3208672285079956
40705,0.2463530868291855
40706,0.18433813452720643
40707,0.21473033130168914
40708,0.1988599866628647
40709,0.21335192620754242
40710,0.1926452785730362
40711,0.3429764986038208
40712,0.23578041791915894
40713,0.21189567148685456
40714,0.20289613604545592
40715,0.23436636626720428
40716,0.21178690493106841
40717,0.1680832624435425
40718,0.15936312675476075
40719,0.19276731312274933
40720,0.18188615441322326
40721,0.1434165507555008
40722,0.2013005256652832
40723,0.1603934198617935
40724,0.1656712383031845
40725,0.22444407045841216
40726,0.19359569549560546
40727,0.18136254847049713
40728,0.2347625344991684
40729,0.17867367565631867
40730,0.22162585258483886
40731,0.1842376708984375
40732,0.15410036444664002
40733,0.21365779042243957
40734,0.18112528026103974
40735,0.19112480878829957
40736,0.2793438196182251
40737,0.23130178451538086
40738,0.13253543972969056
40739,0.1876566916704178
40740,0.19666195809841155
40741,0.2989271879196167
40742,0.21417977213859557
40743,0.17403095066547394
40744,0.15055025815963746
40745,0.20201634168624877
40746,0.24684714078903197
40747,0.1684776395559311
40748,0.2692857265472412
40749,0.20619239211082457
40750,0.15480558276176454
40751,0.1616038203239441
40752,0.12921917140483857
40753,0.15524987280368804
40754,0.18885105848312378
40755,0.18143958747386932
40756,0.15753225684165956
40757,0.2225717395544052
40758,0.31878324747085574
40759,0.2130120575428009
40760,0.2750456631183624
40761,0.2292601078748703
40762,0.1562885671854019
40763,0.14013596177101134
40764,0.1668863743543625
40765,0.25126553773880006
40766,0.2251836597919464
40767,0.18485994935035704
40768,0.19595935940742493
40769,0.1404960036277771
40770,0.25088670551776887
40771,0.2843637138605118
40772,0.2139153778553009
40773,0.24522070288658143
40774,0.18631506562232972
40775,0.22298516035079957
40776,0.15795170068740844
40777,0.16888871192932128
40778,0.1302465483546257
40779,0.15237683653831482
40780,0.15412395149469377
40781,0.2661604046821594
40782,0.17280560731887817
40783,0.2573050260543823
40784,0.2011041224002838
40785,0.12809903025627137
40786,0.2844927728176117
40787,0.16309068500995635
40788,0.20097460448741913
40789,0.22940714359283448
40790,0.2086370974779129
40791,0.17532708942890168
40792,0.2795624226331711
40793,0.1928435370326042
40794,0.142813977599144
40795,0.1889798879623413
40796,0.1404397666454315
40797,0.1906408429145813
40798,0.22539926171302796
40799,0.15822257697582245
40800,0.17146448493003846
40801,0.20485362708568572
40802,0.23420101702213286
40803,0.28388707637786864
40804,0.15556496381759644
40805,0.20141587555408477
40806,0.13164351582527162
40807,0.17682248950004578
40808,0.18335108160972596
40809,0.18411163985729218
40810,0.16462763249874116
40811,0.13147974461317063
40812,0.17393217384815216
40813,0.17323317527770996
40814,0.20127196311950685
40815,0.1673630952835083
40816,0.1759001284837723
40817,0.1240978255867958
40818,0.20194065868854522
40819,0.15416708290576936
40820,0.21260128021240235
40821,0.15546362698078156
40822,0.1369970202445984
40823,0.1389977216720581
40824,0.1606511205434799
40825,0.24116534292697905
40826,0.23747698366641998
40827,0.167178875207901
40828,0.1431640461087227
40829,0.1980787217617035
40830,0.20218821465969086
40831,0.17664123475551605
40832,0.2524187624454498
40833,0.178301340341568
40834,0.2517115741968155
40835,0.2219865769147873
40836,0.19551555514335633
40837,0.25443834662437437
40838,0.14443064033985137
40839,0.2532171458005905
40840,0.18068068623542785
40841,0.26635450422763823
40842,0.24294217228889464
40843,0.1573532223701477
40844,0.2174137771129608
40845,0.18076069355010987
40846,0.22350602447986603
40847,0.2129536360502243
40848,0.1742008626461029
40849,0.15607143938541412
40850,0.15709664523601533
40851,0.18890685737133026
40852,0.19279822707176208
40853,0.21023017764091492
40854,0.2164582461118698
40855,0.1398272842168808
40856,0.25639966428279876
40857,0.18325046300888062
40858,0.14479258209466933
40859,0.26427705883979796
40860,0.19404437839984895
40861,0.20819906890392303
40862,0.19239612817764282
40863,0.17524354159832
40864,0.16097392439842223
40865,0.16723934412002564
40866,0.1377300202846527
40867,0.19903883337974548
40868,0.11139696389436722
40869,0.19965258687734605
40870,0.12269342094659805
40871,0.15637142062187195
40872,0.18323069512844087
40873,0.23027726411819457
40874,0.17910519540309905
40875,0.16247368454933167
40876,0.15254342257976533
40877,0.2057370960712433
40878,0.1782694548368454
40879,0.1762710154056549
40880,0.14381067752838134
40881,0.16650447845458985
40882,0.21086191534996032
40883,0.17344551384449006
40884,0.3391069948673248
40885,0.1348210170865059
40886,0.1997087061405182
40887,0.19571130573749543
40888,0.21138071417808532
40889,0.152027428150177
40890,0.18921857476234435
40891,0.14864908158779144
40892,0.21420162916183472
40893,0.19570029377937317
40894,0.18543132543563842
40895,0.17895188331604003
40896,0.242694291472435
40897,0.236930251121521
40898,0.3136250853538513
40899,0.17221733033657075
40900,0.1350175440311432
40901,0.20894393622875213
40902,0.1845054507255554
40903,0.2092668205499649
40904,0.175949764251709
40905,0.20223522186279297
40906,0.14634646773338317
40907,0.26659271121025085
40908,0.165225487947464
40909,0.18026998043060302
40910,0.23597392737865447
40911,0.1838976711034775
40912,0.1723682016134262
40913,0.1905560553073883
40914,0.217645862698555
40915,0.1831892430782318
40916,0.12738595604896547
40917,0.16276380866765977
40918,0.17101535499095916
40919,0.21844257712364196
40920,0.2549864649772644
40921,0.20661343336105348
40922,0.15487197339534758
40923,0.21206886768341066
40924,0.28473819196224215
40925,0.18443879187107087
40926,0.2935687333345413
40927,0.13536442518234254
40928,0.1819215953350067
40929,0.1727817863225937
40930,0.18650699257850648
40931,0.2547576665878296
40932,0.20716490745544433
40933,0.149364173412323
40934,0.277271968126297
40935,0.21944150626659392
40936,0.23872094452381135
40937,0.1780940741300583
40938,0.2770098090171814
40939,0.2457275092601776
40940,0.1421762526035309
40941,0.23593732714653015
40942,0.10312935262918473
40943,0.25642164051532745
40944,0.24514743387699128
40945,0.20971718430519104
40946,0.17339053750038147
40947,0.19874715209007263
40948,0.19318697452545167
40949,0.1570158690214157
40950,0.19862100183963777
40951,0.20607293248176575
40952,0.1689130872488022
40953,0.25349492132663726
40954,0.2442415952682495
40955,0.18974278569221498
40956,0.3207690238952637
40957,0.3485216677188873
40958,0.1540643036365509
40959,0.13005306124687194
40960,0.13314094692468642
40961,0.18577679097652436
40962,0.15632657706737518
40963,0.24344826638698577
40964,0.1629617691040039
40965,0.18148159384727477
40966,0.2068718582391739
40967,0.19925871193408967
40968,0.24317321479320525
40969,0.1817775398492813
40970,0.2442667841911316
40971,0.272258859872818
40972,0.15534996688365937
40973,0.1987757056951523
40974,0.13936100602149964
40975,0.16505927443504334
40976,0.15066638439893723
40977,0.16723291277885438
40978,0.1883382350206375
40979,0.29182554185390475
40980,0.15895936191082
40981,0.2168117046356201
40982,0.2235563039779663
40983,0.22640793323516845
40984,0.20159746706485748
40985,0.13830939680337906
40986,0.3145865023136139
40987,0.12987526506185532
40988,0.1790034741163254
40989,0.2132622241973877
40990,0.21423886120319366
40991,0.14588745087385177
40992,0.1193980947136879
40993,0.19171492457389833
40994,0.16518419981002808
40995,0.2269646257162094
40996,0.19696119129657746
40997,0.15635976791381836
40998,0.17637802958488463
40999,0.26851300001144407
41000,0.17872697114944458
41001,0.21306343674659728
41002,0.20647178888320922
41003,0.20709779858589172
41004,0.2259604513645172
41005,0.21944195330142974
41006,0.19057474434375762
41007,0.14826419651508332
41008,0.14296131134033202
41009,0.15760370045900346
41010,0.16874393522739412
41011,0.2148973524570465
41012,0.20636608302593232
41013,0.15403760075569153
41014,0.16057161688804628
41015,0.1353658229112625
41016,0.15351215302944182
41017,0.15790688395500183
41018,0.1803341418504715
41019,0.21602944433689117
41020,0.21306565999984742
41021,0.21468423306941986
41022,0.2133784383535385
41023,0.2291427284479141
41024,0.22629226446151735
41025,0.2246485561132431
41026,0.2730080485343933
41027,0.25274367332458497
41028,0.2518529832363129
41029,0.26947187781333926
41030,0.20288199186325073
41031,0.20871078670024873
41032,0.1374753937125206
41033,0.16634391546249389
41034,0.2500246733427048
41035,0.17428826689720153
41036,0.2355980932712555
41037,0.22549262642860413
41038,0.23261126279830932
41039,0.2867117583751678
41040,0.1587744653224945
41041,0.17256476283073424
41042,0.16448220908641814
41043,0.15499815344810486
41044,0.16849003732204437
41045,0.18911762833595275
41046,0.19752849042415618
41047,0.30902278423309326
41048,0.17428808212280272
41049,0.2457357168197632
41050,0.12878104895353318
41051,0.18638916015625
41052,0.19868131279945372
41053,0.3641967594623566
41054,0.24403118193149567
41055,0.29664322435855867
41056,0.1894892066717148
41057,0.14076631069183348
41058,0.23689749836921692
41059,0.2152451455593109
41060,0.2164375901222229
41061,0.21304226219654082
41062,0.19878190159797668
41063,0.2119764506816864
41064,0.16313352882862092
41065,0.16455253064632416
41066,0.17647267282009124
41067,0.2008466452360153
41068,0.19307709336280823
41069,0.20128943920135497
41070,0.1044659212231636
41071,0.1580611377954483
41072,0.20060980916023255
41073,0.20791690349578856
41074,0.24097361862659455
41075,0.3242533206939697
41076,0.20216561257839202
41077,0.16044598817825317
41078,0.17162227928638457
41079,0.16693364083766937
41080,0.30040929317474363
41081,0.23100235164165497
41082,0.2131593257188797
41083,0.1791919857263565
41084,0.16704242527484894
41085,0.23962806463241576
41086,0.1894132137298584
41087,0.14763376563787461
41088,0.1860813170671463
41089,0.21188274919986724
41090,0.2198450446128845
41091,0.23225239515304566
41092,0.2565000683069229
41093,0.2118142992258072
41094,0.2996044158935547
41095,0.25156991481781005
41096,0.22469646632671356
41097,0.20524645149707793
41098,0.1465592250227928
41099,0.20826444327831267
41100,0.2416415959596634
41101,0.20212550163269044
41102,0.13464951515197754
41103,0.26268216371536257
41104,0.1681826025247574
41105,0.24289348721504211
41106,0.31721020936965943
41107,0.2861786961555481
41108,0.164419287443161
41109,0.1961374342441559
41110,0.17603881955146788
41111,0.13245179504156113
41112,0.2376171678304672
41113,0.17478971183300018
41114,0.22627132833004
41115,0.20120116472244262
41116,0.1961262732744217
41117,0.16930201947689055
41118,0.16972625255584717
41119,0.1447985738515854
41120,0.16790840923786163
41121,0.18736154735088348
41122,0.13726107329130172
41123,0.24489062428474426
41124,0.22842932343482972
41125,0.15967282354831697
41126,0.24017950594425203
41127,0.26150802671909334
41128,0.2250577449798584
41129,0.24745719134807587
41130,0.1525953009724617
41131,0.2938535988330841
41132,0.2337726891040802
41133,0.23772627115249634
41134,0.24186390340328218
41135,0.1866466373205185
41136,0.16690758466720582
41137,0.2829250067472458
41138,0.20561252236366273
41139,0.21981416940689086
41140,0.17024657130241394
41141,0.1842042475938797
41142,0.23352912068367004
41143,0.1714263677597046
41144,0.20316323339939119
41145,0.17185181975364686
41146,0.206610769033432
41147,0.14371803700923919
41148,0.16376979351043702
41149,0.17472022473812104
41150,0.20787166059017181
41151,0.32029497623443604
41152,0.1385974258184433
41153,0.1939244508743286
41154,0.22812328934669496
41155,0.24916904866695405
41156,0.24954160451889038
41157,0.23419550955295562
41158,0.1392283946275711
41159,0.19100940823554993
41160,0.3435235619544983
41161,0.2568000465631485
41162,0.2888988435268402
41163,0.24178285896778107
41164,0.19162690937519072
41165,0.19350333213806153
41166,0.17142826914787293
41167,0.16432596296072005
41168,0.22218913435935975
41169,0.11660727262496948
41170,0.21180947124958038
41171,0.1840980112552643
41172,0.1818345904350281
41173,0.28010048866271975
41174,0.18271577060222627
41175,0.21236913204193114
41176,0.15402427911758423
41177,0.24390516877174379
41178,0.1685159832239151
41179,0.19504010081291198
41180,0.11034403443336487
41181,0.21495942771434784
41182,0.23013525009155272
41183,0.21933943033218384
41184,0.15184533596038818
41185,0.16194296181201934
41186,0.28901666700839995
41187,0.21655000746250153
41188,0.19957830607891083
41189,0.2165430337190628
41190,0.22171569168567656
41191,0.20818872153759002
41192,0.2113534092903137
41193,0.19325226545333862
41194,0.21519419848918914
41195,0.1714043140411377
41196,0.18552300333976746
41197,0.19372098445892333
41198,0.278989377617836
41199,0.18544148802757263
41200,0.22017132937908174
41201,0.2630890756845474
41202,0.11770981401205063
41203,0.26848188042640686
41204,0.1385425701737404
41205,0.2307790160179138
41206,0.26536768674850464
41207,0.20861957371234893
41208,0.27690119445323946
41209,0.15496041774749755
41210,0.218729829788208
41211,0.23224679231643677
41212,0.22788614332675933
41213,0.26001369059085844
41214,0.29788021445274354
41215,0.22629490494728088
41216,0.2793708711862564
41217,0.1352771133184433
41218,0.1908637434244156
41219,0.1481083184480667
41220,0.19688265323638915
41221,0.2313322126865387
41222,0.19410884976387024
41223,0.1602973908185959
41224,0.15928370952606202
41225,0.2227743923664093
41226,0.20553140342235565
41227,0.24695812165737152
41228,0.23450294733047486
41229,0.19498120844364167
41230,0.22923466861248015
41231,0.21431000530719757
41232,0.24858644902706145
41233,0.15402214527130126
41234,0.15976838171482086
41235,0.26510965526103974
41236,0.1537645697593689
41237,0.19029192328453065
41238,0.31636149883270265
41239,0.31028919816017153
41240,0.21657355427742003
41241,0.2167217254638672
41242,0.16880273222923278
41243,0.1946449100971222
41244,0.1392882525920868
41245,0.20372513830661773
41246,0.16393438279628753
41247,0.29605880975723264
41248,0.20699301660060881
41249,0.1565270185470581
41250,0.12492519468069077
41251,0.18477929830551149
41252,0.25667581260204314
41253,0.1335015445947647
41254,0.11244475841522217
41255,0.14338299036026
41256,0.22226540446281434
41257,0.21947332322597504
41258,0.22206923365592957
41259,0.1949960857629776
41260,0.1823776364326477
41261,0.1612875446677208
41262,0.1969461888074875
41263,0.2441084325313568
41264,0.12371771633625031
41265,0.2139699339866638
41266,0.17453954815864564
41267,0.15027544200420379
41268,0.2117650806903839
41269,0.12969089299440384
41270,0.24111068546772002
41271,0.1650833398103714
41272,0.1993032366037369
41273,0.17323476374149321
41274,0.20122384428977966
41275,0.21970764994621278
41276,0.2653180181980133
41277,0.15445536077022554
41278,0.1608975946903229
41279,0.24557007551193238
41280,0.18122007846832275
41281,0.23346618413925171
41282,0.1993379294872284
41283,0.26595182418823243
41284,0.2984649479389191
41285,0.2127421885728836
41286,0.17261672616004944
41287,0.26018613278865815
41288,0.20130403637886046
41289,0.20295535922050476
41290,0.20132007896900178
41291,0.2798497587442398
41292,0.22057407796382905
41293,0.19187740385532379
41294,0.20111726522445678
41295,0.3612336993217468
41296,0.20947814285755156
41297,0.2000237911939621
41298,0.24682622849941255
41299,0.17348074913024902
41300,0.260620579123497
41301,0.16142735183238982
41302,0.1309131294488907
41303,0.19620874524116516
41304,0.11937314420938491
41305,0.25244458913803103
41306,0.236221519112587
41307,0.21996195912361144
41308,0.16294779181480407
41309,0.14758250415325164
41310,0.18636628985404968
41311,0.2972798466682434
41312,0.1486378312110901
41313,0.26084221005439756
41314,0.18537116646766663
41315,0.3262854218482971
41316,0.20913269817829133
41317,0.17997111082077027
41318,0.22299096286296843
41319,0.26537653505802156
41320,0.18067103624343872
41321,0.19536435902118682
41322,0.3094192296266556
41323,0.1883513331413269
41324,0.15162972807884217
41325,0.22589592933654784
41326,0.23977945744991302
41327,0.20062166452407837
41328,0.21750792264938354
41329,0.17498714625835418
41330,0.1332075461745262
41331,0.19655177593231202
41332,0.22004528045654298
41333,0.20324329435825347
41334,0.15722213089466094
41335,0.15802534222602843
41336,0.259672075510025
41337,0.20062318146228791
41338,0.31561373472213744
41339,0.17980570197105408
41340,0.3054650604724884
41341,0.13464298844337463
41342,0.18679994344711304
41343,0.19120079278945923
41344,0.2333136409521103
41345,0.19553070068359374
41346,0.20128292739391326
41347,0.12577562034130096
41348,0.18934527337551116
41349,0.197617769241333
41350,0.19428491294384004
41351,0.20981816053390503
41352,0.13259568214416503
41353,0.23015469312667847
41354,0.2135784298181534
41355,0.1942114681005478
41356,0.2664059340953827
41357,0.16877750754356385
41358,0.17940291464328767
41359,0.263436421751976
41360,0.29895026087760923
41361,0.14398819357156753
41362,0.23562752902507783
41363,0.23288731575012206
41364,0.1768140524625778
41365,0.19670222699642181
41366,0.19242175817489623
41367,0.1615555316209793
41368,0.22828527987003328
41369,0.24658700227737426
41370,0.24904093146324158
41371,0.26985045373439787
41372,0.19782055020332337
41373,0.25361857414245603
41374,0.15736336559057235
41375,0.18657470345497132
41376,0.1794667899608612
41377,0.2069586396217346
41378,0.2493039757013321
41379,0.16132380962371826
41380,0.23653206825256348
41381,0.24567593038082122
41382,0.1608011543750763
41383,0.14761337488889695
41384,0.14663784205913544
41385,0.18881744146347046
41386,0.2087968945503235
41387,0.245609250664711
41388,0.16117942631244658
41389,0.2381434977054596
41390,0.20424745678901673
41391,0.17299076020717621
41392,0.1843792825937271
41393,0.19888044595718385
41394,0.2152325242757797
41395,0.19561225175857544
41396,0.20378744304180146
41397,0.22053610980510713
41398,0.23732293546199798
41399,0.24272926449775695
41400,0.2221721738576889
41401,0.17650889456272126
41402,0.22060209810733794
41403,0.2548733979463577
41404,0.16133621335029602
41405,0.21803934574127198
41406,0.20455915927886964
41407,0.19450779259204865
41408,0.2166610449552536
41409,0.14860370010137558
41410,0.2163039654493332
41411,0.21901994943618774
41412,0.1766104519367218
41413,0.16662853658199311
41414,0.2286812037229538
41415,0.18899715542793274
41416,0.19343524873256684
41417,0.2319779872894287
41418,0.1557482361793518
41419,0.18402746617794036
41420,0.30443900227546694
41421,0.1734332412481308
41422,0.23765738010406495
41423,0.21182342171669005
41424,0.26512720584869387
41425,0.1698044329881668
41426,0.18090943098068238
41427,0.17298252880573273
41428,0.21483789384365082
41429,0.2749078094959259
41430,0.15808168649673462
41431,0.15214000046253204
41432,0.22332772612571716
41433,0.21483720541000367
41434,0.25746766924858094
41435,0.2301952600479126
41436,0.16295012533664704
41437,0.20602616369724275
41438,0.2021525979042053
41439,0.13766779601573945
41440,0.16503654420375824
41441,0.1657474607229233
41442,0.1392752006649971
41443,0.1436414122581482
41444,0.2952774614095688
41445,0.20329367220401764
41446,0.14518153220415114
41447,0.13464227467775344
41448,0.219955912232399
41449,0.18219315707683564
41450,0.20979441404342652
41451,0.2044850170612335
41452,0.20839670300483704
41453,0.23265471160411835
41454,0.25791593492031095
41455,0.3172766327857971
41456,0.176307076215744
41457,0.1999090552330017
41458,0.2716654598712921
41459,0.18527460396289824
41460,0.18326786905527115
41461,0.18709723353385926
41462,0.25458728671073916
41463,0.21646131575107574
41464,0.20042775869369506
41465,0.29627071022987367
41466,0.1440589100122452
41467,0.20095394253730775
41468,0.25710274577140807
41469,0.18640660345554352
41470,0.21434204280376434
41471,0.19318178296089172
41472,0.25404562056064606
41473,0.29905031323432923
41474,0.2082860589027405
41475,0.22463221549987794
41476,0.2400431901216507
41477,0.2493060439825058
41478,0.17910968661308288
41479,0.2943550705909729
41480,0.12934914231300354
41481,0.21920679807662963
41482,0.2504875123500824
41483,0.23532635867595672
41484,0.19185695946216583
41485,0.14553877711296082
41486,0.2797754168510437
41487,0.12998373210430145
41488,0.2612183064222336
41489,0.1910924106836319
41490,0.1914338856935501
41491,0.2298672765493393
41492,0.14397045373916625
41493,0.186553493142128
41494,0.2395985245704651
41495,0.23234011232852936
41496,0.3043821394443512
41497,0.25358197689056394
41498,0.16822677850723267
41499,0.334995424747467
41500,0.1677221417427063
41501,0.16787752211093904
41502,0.24828062653541566
41503,0.20290910005569457
41504,0.1841943919658661
41505,0.13027139008045197
41506,0.15574634969234466
41507,0.18368838727474213
41508,0.2044047713279724
41509,0.21354304552078246
41510,0.30202571451663973
41511,0.1866714358329773
41512,0.2486582428216934
41513,0.16475652158260345
41514,0.2930253565311432
41515,0.2817792177200317
41516,0.2477605551481247
41517,0.12746955305337906
41518,0.12888700366020203
41519,0.1913737028837204
41520,0.16706137359142303
41521,0.1808414340019226
41522,0.25405011475086214
41523,0.2709050863981247
41524,0.1580004245042801
41525,0.15723542273044586
41526,0.12322332561016083
41527,0.29402672648429873
41528,0.1665802091360092
41529,0.21794595718383789
41530,0.23072580993175507
41531,0.18791925609111787
41532,0.19389508068561553
41533,0.16152925193309783
41534,0.16372580230236053
41535,0.1541241317987442
41536,0.2995601236820221
41537,0.1689814269542694
41538,0.15776993036270143
41539,0.28978657722473145
41540,0.17148211896419524
41541,0.19119028449058534
41542,0.15140302032232283
41543,0.3015417456626892
41544,0.1546585202217102
41545,0.24617351591587067
41546,0.2808773696422577
41547,0.2817543864250183
41548,0.20564026832580568
41549,0.19185951650142669
41550,0.25203199982643126
41551,0.22952534556388854
41552,0.1837421327829361
41553,0.17886371314525604
41554,0.12657367587089538
41555,0.2798012614250183
41556,0.2353733718395233
41557,0.15372572541236879
41558,0.18036853969097139
41559,0.1693575382232666
41560,0.25623537302017213
41561,0.2953483372926712
41562,0.14903969466686248
41563,0.15857356041669846
41564,0.2316333144903183
41565,0.207368466258049
41566,0.14904373586177827
41567,0.18656339645385742
41568,0.1676967591047287
41569,0.21417981684207915
41570,0.15848177075386047
41571,0.21381797790527343
41572,0.234714475274086
41573,0.2523523926734924
41574,0.1702199846506119
41575,0.2306297689676285
41576,0.2247829794883728
41577,0.2001105934381485
41578,0.2543823391199112
41579,0.19287723302841187
41580,0.1593126893043518
41581,0.2545996725559235
41582,0.1718926727771759
41583,0.23674313426017762
41584,0.19751168191432952
41585,0.16608497202396394
41586,0.28681509494781493
41587,0.30587615370750426
41588,0.16955824494361876
41589,0.2127710610628128
41590,0.22950177192687987
41591,0.24376290440559387
41592,0.21483204662799835
41593,0.20820410847663878
41594,0.21907665431499482
41595,0.13872042000293733
41596,0.1611503094434738
41597,0.22761691212654114
41598,0.26205953657627107
41599,0.20305968523025514
41600,0.11369778662919998
41601,0.3782861292362213
41602,0.15658588856458663
41603,0.18161361813545226
41604,0.13727884888648986
41605,0.15899259746074676
41606,0.17946381270885467
41607,0.12724661976099014
41608,0.2353441447019577
41609,0.23158662319183348
41610,0.20929318070411682
41611,0.19961678087711335
41612,0.20933063924312592
41613,0.17941997647285463
41614,0.18316136598587035
41615,0.20639701783657075
41616,0.24623830020427703
41617,0.16905721724033357
41618,0.2674406051635742
41619,0.2243192493915558
41620,0.19351948499679567
41621,0.23410896956920624
41622,0.2115438014268875
41623,0.1487754464149475
41624,0.1905981719493866
41625,0.2317283570766449
41626,0.15797604769468307
41627,0.2600232005119324
41628,0.17124840021133422
41629,0.28577942550182345
41630,0.2789008617401123
41631,0.15697455704212188
41632,0.1596154361963272
41633,0.15950786024332048
41634,0.17810339331626893
41635,0.18182868361473084
41636,0.21786676943302155
41637,0.19431644082069396
41638,0.21492818295955657
41639,0.202662917971611
41640,0.1751067668199539
41641,0.21534453630447387
41642,0.1663457214832306
41643,0.2291828453540802
41644,0.2948716521263123
41645,0.17639504969120026
41646,0.31666316390037536
41647,0.17877698242664336
41648,0.26947585940361024
41649,0.2558911770582199
41650,0.2075499564409256
41651,0.2820332944393158
41652,0.16625026166439055
41653,0.2063969701528549
41654,0.15308551341295243
41655,0.24816400706768035
41656,0.2670828580856323
41657,0.2076982080936432
41658,0.15247556269168855
41659,0.1560022383928299
41660,0.18909187614917755
41661,0.2605757683515549
41662,0.20909378230571746
41663,0.2203894466161728
41664,0.1948531150817871
41665,0.20508726835250854
41666,0.1762116178870201
41667,0.15849539637565613
41668,0.23388535380363465
41669,0.18296628594398498
41670,0.19815740883350372
41671,0.1951145797967911
41672,0.1615523248910904
41673,0.22896924018859863
41674,0.187721149623394
41675,0.13535868376493454
41676,0.25236013531684875
41677,0.27753692865371704
41678,0.2306456208229065
41679,0.16659294366836547
41680,0.1354418769478798
41681,0.17502036690711975
41682,0.18605773746967316
41683,0.21616647839546205
41684,0.17906104922294616
41685,0.20379696190357208
41686,0.20614004135131836
41687,0.16370612978935242
41688,0.26566208600997926
41689,0.2057378500699997
41690,0.14580028802156447
41691,0.1657520741224289
41692,0.18447484076023102
41693,0.19578902721405028
41694,0.10792255401611328
41695,0.21915020048618317
41696,0.2372974783182144
41697,0.2921458750963211
41698,0.13771976977586747
41699,0.1706804469227791
41700,0.17724700570106505
41701,0.1980351358652115
41702,0.16544440984725953
41703,0.15851443707942964
41704,0.2834517389535904
41705,0.1818027079105377
41706,0.2554722011089325
41707,0.22035021781921388
41708,0.21224907636642457
41709,0.1482206851243973
41710,0.1740259751677513
41711,0.15208240151405333
41712,0.1580444633960724
41713,0.20648859441280365
41714,0.2716246068477631
41715,0.1381971940398216
41716,0.17752624154090882
41717,0.1279712587594986
41718,0.1568757027387619
41719,0.30258301496505735
41720,0.16547225415706635
41721,0.18542844355106353
41722,0.28747857809066774
41723,0.2879905641078949
41724,0.17982508838176728
41725,0.3133628904819489
41726,0.23329899907112123
41727,0.1765393614768982
41728,0.1640610247850418
41729,0.1655474931001663
41730,0.2193738579750061
41731,0.2248767763376236
41732,0.19352690279483795
41733,0.28557785153388976
41734,0.15753449201583863
41735,0.29715186953544614
41736,0.19306796193122863
41737,0.2356742262840271
41738,0.18780625462532044
41739,0.3143765330314636
41740,0.1968771755695343
41741,0.23271197378635405
41742,0.17674838602542878
41743,0.20885300934314727
41744,0.26066037118434904
41745,0.1945444703102112
41746,0.19450271725654603
41747,0.23004457354545593
41748,0.20200177133083344
41749,0.21443454325199127
41750,0.13502800315618516
41751,0.19739589393138884
41752,0.17367926388978958
41753,0.20106570422649384
41754,0.19043081998825073
41755,0.23008106350898744
41756,0.15185200572013854
41757,0.22468772530555725
41758,0.13216197341680527
41759,0.17954836189746856
41760,0.20082502365112304
41761,0.25372456610202787
41762,0.17053243815898894
41763,0.16884785294532775
41764,0.2460680991411209
41765,0.3039256453514099
41766,0.2403077632188797
41767,0.22579024732112885
41768,0.1840779960155487
41769,0.25663875937461855
41770,0.3557022988796234
41771,0.20724905729293824
41772,0.23729824721813203
41773,0.217586886882782
41774,0.14081406593322754
41775,0.16379563212394715
41776,0.23266046941280366
41777,0.19937589764595032
41778,0.31841750144958497
41779,0.21192289292812347
41780,0.16380324065685273
41781,0.18150003254413605
41782,0.2822847068309784
41783,0.20760591924190522
41784,0.24683718383312225
41785,0.20292712152004241
41786,0.15046634078025817
41787,0.1604878693819046
41788,0.15918398797512054
41789,0.19370239973068237
41790,0.23256606757640838
41791,0.12882882058620454
41792,0.1601068153977394
41793,0.20225245952606202
41794,0.17719511985778807
41795,0.16096934974193572
41796,0.17675936818122864
41797,0.2245073825120926
41798,0.20710421800613404
41799,0.14585581421852112
41800,0.1292426586151123
41801,0.17596711814403534
41802,0.2042613536119461
41803,0.1709939569234848
41804,0.2018071413040161
41805,0.22378807067871093
41806,0.26581076979637147
41807,0.19908213913440703
41808,0.18126343190670013
41809,0.21280560791492462
41810,0.14641195237636567
41811,0.17908178865909577
41812,0.17808159291744233
41813,0.16612035930156707
41814,0.22488282918930053
41815,0.13369465321302415
41816,0.2018570125102997
41817,0.27010324597358704
41818,0.26800436079502105
41819,0.2024869590997696
41820,0.1891580730676651
41821,0.20655191838741302
41822,0.13877322375774384
41823,0.12649568617343904
41824,0.249226850271225
41825,0.14187653064727784
41826,0.30527042150497435
41827,0.21166279166936874
41828,0.16167051792144777
41829,0.18623559772968293
41830,0.2528789222240448
41831,0.15724321603775024
41832,0.1916089326143265
41833,0.16922547221183776
41834,0.22374368607997894
41835,0.20658313035964965
41836,0.14996941685676574
41837,0.2322387605905533
41838,0.2823561906814575
41839,0.1922123223543167
41840,0.15659940242767334
41841,0.21633536219596863
41842,0.16227647364139558
41843,0.19318707585334777
41844,0.2364283472299576
41845,0.24275359213352204
41846,0.1697721630334854
41847,0.26308421790599823
41848,0.21773114204406738
41849,0.26133057475090027
41850,0.1885031908750534
41851,0.19791455566883087
41852,0.15599111318588257
41853,0.1506539061665535
41854,0.18036669194698335
41855,0.20552418977022172
41856,0.19836969673633575
41857,0.19679415822029114
41858,0.1478332683444023
41859,0.20373952388763428
41860,0.22221577763557435
41861,0.18858190774917602
41862,0.2738948345184326
41863,0.19782401621341705
41864,0.20354338586330414
41865,0.262198144197464
41866,0.1788952887058258
41867,0.16205698251724243
41868,0.13120679557323456
41869,0.19561574459075928
41870,0.23208900392055512
41871,0.2107002168893814
41872,0.1751087039709091
41873,0.16809383332729338
41874,0.20133736431598664
41875,0.22689858973026275
41876,0.26421465277671813
41877,0.2979635655879974
41878,0.1567812293767929
41879,0.1744801551103592
41880,0.1751588523387909
41881,0.22113419473171234
41882,0.23707951307296754
41883,0.1743580311536789
41884,0.20756123661994935
41885,0.1109205961227417
41886,0.2780597865581512
41887,0.24914974570274354
41888,0.12216179668903351
41889,0.2703686773777008
41890,0.18808385729789734
41891,0.21742452383041383
41892,0.2617714285850525
41893,0.1867484360933304
41894,0.2642457723617554
41895,0.19967224895954133
41896,0.2006414234638214
41897,0.16577303409576416
41898,0.2724583774805069
41899,0.2555642992258072
41900,0.18459448218345642
41901,0.22322155237197877
41902,0.2331486999988556
41903,0.2032684028148651
41904,0.3038934051990509
41905,0.21869284212589263
41906,0.2783760100603104
41907,0.20458008646965026
41908,0.3060624301433563
41909,0.125925612449646
41910,0.2001631438732147
41911,0.25999542474746706
41912,0.24547528028488158
41913,0.254463204741478
41914,0.20460665225982666
41915,0.27025037407875063
41916,0.21003026962280275
41917,0.1499029815196991
41918,0.1438353404402733
41919,0.1985875189304352
41920,0.18491886258125306
41921,0.18814626336097717
41922,0.1424593523144722
41923,0.13105814903974533
41924,0.2958484649658203
41925,0.21722867488861083
41926,0.26332463026046754
41927,0.22141793370246887
41928,0.1762669414281845
41929,0.22243086099624634
41930,0.27612799406051636
41931,0.18061524331569673
41932,0.18369318246841432
41933,0.31814163327217104
41934,0.18758079707622527
41935,0.26227785646915436
41936,0.16879044771194457
41937,0.26391937136650084
41938,0.24304829239845277
41939,0.13999268859624864
41940,0.2150419294834137
41941,0.1731287121772766
41942,0.2161608010530472
41943,0.19796691536903382
41944,0.24350983798503875
41945,0.20223781168460847
41946,0.23977560997009278
41947,0.27413307428359984
41948,0.26376438736915586
41949,0.1534217983484268
41950,0.2553748905658722
41951,0.14270697236061097
41952,0.1660196602344513
41953,0.2141016513109207
41954,0.13050986975431442
41955,0.22212351858615875
41956,0.1754624605178833
41957,0.14326409101486207
41958,0.1580662101507187
41959,0.22872185111045837
41960,0.19652381241321565
41961,0.18603852093219758
41962,0.135038922727108
41963,0.1927629292011261
41964,0.21348073184490204
41965,0.2407456785440445
41966,0.23655515015125275
41967,0.1847333461046219
41968,0.12540312260389327
41969,0.28074294328689575
41970,0.18366360068321227
41971,0.21199795305728913
41972,0.1795840084552765
41973,0.17820310592651367
41974,0.2228258043527603
41975,0.18457248210906982
41976,0.1834028422832489
41977,0.2515284985303879
41978,0.17358718514442445
41979,0.1956680029630661
41980,0.23704466521739959
41981,0.24460557401180266
41982,0.2526932656764984
41983,0.18012583255767822
41984,0.1937613993883133
41985,0.17799581289291383
41986,0.16848585307598113
41987,0.2707325965166092
41988,0.2576108694076538
41989,0.13101338744163513
41990,0.260564911365509
41991,0.14675660133361818
41992,0.17733094692230225
41993,0.18993058204650878
41994,0.2085189163684845
41995,0.2865601509809494
41996,0.2582835048437119
41997,0.190566948056221
41998,0.21102414429187774
41999,0.21585513949394225
42000,0.14357491582632065
42001,0.18460668623447418
42002,0.20684279203414918
42003,0.240586256980896
42004,0.21964500844478607
42005,0.18080717623233794
42006,0.1783421128988266
42007,0.22448908686637878
42008,0.17287055850028993
42009,0.1505471646785736
42010,0.24144651591777802
42011,0.34737650156021116
42012,0.14859206974506378
42013,0.2494705468416214
42014,0.22548704445362092
42015,0.16235837638378142
42016,0.156560418009758
42017,0.15952527523040771
42018,0.1789572834968567
42019,0.3019387900829315
42020,0.2656288743019104
42021,0.2352475941181183
42022,0.25076274275779725
42023,0.21395215392112732
42024,0.14603412449359893
42025,0.24104418158531188
42026,0.20525293052196503
42027,0.13713643699884415
42028,0.245210924744606
42029,0.1316245511174202
42030,0.30511573553085325
42031,0.169175323843956
42032,0.1621897280216217
42033,0.22760578691959382
42034,0.23171876072883607
42035,0.2863078325986862
42036,0.16727460026741028
42037,0.1986041009426117
42038,0.20778827965259553
42039,0.22533279657363892
42040,0.14033820778131484
42041,0.2686208575963974
42042,0.19388545751571656
42043,0.28454636931419375
42044,0.16990063488483428
42045,0.2220472127199173
42046,0.1828308016061783
42047,0.23367688059806824
42048,0.2841188579797745
42049,0.18067930042743682
42050,0.25331432521343233
42051,0.19438309073448182
42052,0.2543951153755188
42053,0.3004719018936157
42054,0.3156209349632263
42055,0.27194514870643616
42056,0.15358712375164033
42057,0.1589270383119583
42058,0.14851607382297516
42059,0.23213759958744049
42060,0.13119484782218932
42061,0.17616951763629912
42062,0.22715231478214265
42063,0.219633024930954
42064,0.22127695381641388
42065,0.24989596605300904
42066,0.18211986720561982
42067,0.3123998582363129
42068,0.24618086814880372
42069,0.25156567692756654
42070,0.1982746124267578
42071,0.23287095725536347
42072,0.15985316634178162
42073,0.2342453956604004
42074,0.1638573706150055
42075,0.25965179204940797
42076,0.19753519594669341
42077,0.2463243395090103
42078,0.1920967787504196
42079,0.22925059795379638
42080,0.15881362855434417
42081,0.22561357021331788
42082,0.1991771161556244
42083,0.1981469213962555
42084,0.2924625873565674
42085,0.17843067348003389
42086,0.1906215339899063
42087,0.18420510292053222
42088,0.17124251127243043
42089,0.218719220161438
42090,0.2194588452577591
42091,0.28841022253036497
42092,0.19083572030067444
42093,0.16387306451797484
42094,0.23237878382205962
42095,0.23718788027763366
42096,0.18365686237812043
42097,0.26396624147892
42098,0.3325477302074432
42099,0.14063765108585358
42100,0.17239889800548552
42101,0.19966209530830384
42102,0.154170960187912
42103,0.20149193406105043
42104,0.13184101432561873
42105,0.23287450075149535
42106,0.2217266857624054
42107,0.1356164500117302
42108,0.16528845429420472
42109,0.13126397132873535
42110,0.19793224036693574
42111,0.20015508830547332
42112,0.19165286123752595
42113,0.2222764879465103
42114,0.2336013823747635
42115,0.1264230027794838
42116,0.18709312677383422
42117,0.13693222999572754
42118,0.23382218480110167
42119,0.21996138989925385
42120,0.20311828553676606
42121,0.12949587255716324
42122,0.18784308135509492
42123,0.19294705986976624
42124,0.32580802738666537
42125,0.2633248269557953
42126,0.1777494043111801
42127,0.23242316544055938
42128,0.18760829865932466
42129,0.1898864209651947
42130,0.16156136095523835
42131,0.24540022909641265
42132,0.14528186321258546
42133,0.2063847452402115
42134,0.16004358530044555
42135,0.1669693648815155
42136,0.19371133744716645
42137,0.27631587386131284
42138,0.18071640133857728
42139,0.2261565715074539
42140,0.1918509930372238
42141,0.23251416087150573
42142,0.24363403022289276
42143,0.1924777537584305
42144,0.2128785580396652
42145,0.21774241626262664
42146,0.254839825630188
42147,0.19366294145584106
42148,0.19009676277637483
42149,0.21651982963085176
42150,0.22416451275348664
42151,0.21097570061683654
42152,0.1294792726635933
42153,0.23017662167549133
42154,0.17509039342403412
42155,0.15825650691986085
42156,0.21134958565235137
42157,0.20764184594154358
42158,0.15301061570644378
42159,0.21350955367088317
42160,0.24254784286022185
42161,0.2106447070837021
42162,0.20944396555423736
42163,0.2093440353870392
42164,0.23226314783096313
42165,0.1857909858226776
42166,0.20877502262592315
42167,0.21619799435138704
42168,0.33430240154266355
42169,0.2555760025978088
42170,0.2296072632074356
42171,0.178400981426239
42172,0.25301192700862885
42173,0.1535689115524292
42174,0.28805809617042544
42175,0.1639707714319229
42176,0.24443597793579103
42177,0.19468560218811035
42178,0.2926311790943146
42179,0.21527802646160127
42180,0.21654279232025148
42181,0.1918056070804596
42182,0.19122475385665894
42183,0.21450302600860596
42184,0.2112673819065094
42185,0.1745198428630829
42186,0.28135132789611816
42187,0.20397782623767852
42188,0.24756923615932463
42189,0.16816118955612183
42190,0.14296818524599075
42191,0.2247328758239746
42192,0.18552635312080384
42193,0.23110758364200593
42194,0.17710163295269013
42195,0.2226405769586563
42196,0.15405323207378388
42197,0.2686978757381439
42198,0.18627458214759826
42199,0.19235206246376038
42200,0.17056662440299988
42201,0.1900596559047699
42202,0.24038257598876953
42203,0.1750112771987915
42204,0.14688766300678252
42205,0.24448546171188354
42206,0.17748254537582397
42207,0.18683779537677764
42208,0.2367233842611313
42209,0.15292904376983643
42210,0.22780789136886598
42211,0.14612603485584258
42212,0.2862618982791901
42213,0.22698098719120025
42214,0.2734216570854187
42215,0.22347672879695893
42216,0.17072029709815978
42217,0.18928200900554656
42218,0.18516687750816346
42219,0.17116706371307372
42220,0.16942867040634155
42221,0.20889948308467865
42222,0.20891141295433044
42223,0.19654785990715026
42224,0.30947955548763273
42225,0.18067817091941835
42226,0.25055494010448454
42227,0.19631922245025635
42228,0.2612841248512268
42229,0.18071536719799042
42230,0.21976631879806519
42231,0.17558735013008117
42232,0.24005285203456878
42233,0.19733990728855133
42234,0.17742083370685577
42235,0.21460251212120057
42236,0.19225507080554963
42237,0.21175954937934877
42238,0.21743187606334685
42239,0.17305939197540282
42240,0.15019760131835938
42241,0.27599141001701355
42242,0.1662479668855667
42243,0.17081246376037598
42244,0.1682882249355316
42245,0.16811828017234803
42246,0.1438560366630554
42247,0.31743977069854734
42248,0.3053381145000458
42249,0.17963472306728362
42250,0.23646358549594879
42251,0.19953126311302186
42252,0.2394006460905075
42253,0.16683908998966218
42254,0.2963290214538574
42255,0.19971105456352234
42256,0.2461810439825058
42257,0.177521276473999
42258,0.2587789446115494
42259,0.17131576240062713
42260,0.19831851720809937
42261,0.15142787396907806
42262,0.19242775738239287
42263,0.3202011823654175
42264,0.17600113451480864
42265,0.17650331258773805
42266,0.23742392063140869
42267,0.1803370088338852
42268,0.18919892013072967
42269,0.2678401470184326
42270,0.20906155705451965
42271,0.24028314054012298
42272,0.243852961063385
42273,0.2373676061630249
42274,0.18378582894802092
42275,0.14754422903060913
42276,0.19210274517536163
42277,0.13578274101018906
42278,0.15702015161514282
42279,0.26543224453926084
42280,0.2032714903354645
42281,0.28544513285160067
42282,0.23245099782943726
42283,0.15344792902469634
42284,0.2191007673740387
42285,0.3238499999046326
42286,0.1487337350845337
42287,0.13884421586990356
42288,0.18969036340713502
42289,0.23046277463436127
42290,0.166109836101532
42291,0.19323419034481049
42292,0.21568015217781067
42293,0.21879537403583527
42294,0.17536369264125823
42295,0.19061200320720673
42296,0.19623315036296846
42297,0.17660548388957978
42298,0.23342964053153992
42299,0.2049817591905594
42300,0.24787466824054719
42301,0.15566132664680482
42302,0.16991628408432008
42303,0.16455598771572114
42304,0.22131818830966948
42305,0.25602210164070127
42306,0.19730200469493867
42307,0.2271331012248993
42308,0.23452708423137664
42309,0.15609966218471527
42310,0.11177546977996826
42311,0.24620612859725952
42312,0.16938262581825256
42313,0.24250372350215912
42314,0.19150386452674867
42315,0.21441732943058014
42316,0.18531972765922547
42317,0.18016619384288787
42318,0.21060454845428467
42319,0.22717189490795137
42320,0.172470161318779
42321,0.20390710830688477
42322,0.21394333839416504
42323,0.22788021862506866
42324,0.18943635523319244
42325,0.17395675778388978
42326,0.20851271748542785
42327,0.17603125870227815
42328,0.1675873279571533
42329,0.18820215463638307
42330,0.18274608254432678
42331,0.2249637722969055
42332,0.19985982179641723
42333,0.18352080881595612
42334,0.19044984579086305
42335,0.18630389273166656
42336,0.19307654201984406
42337,0.21481080949306489
42338,0.2525551080703735
42339,0.1797393500804901
42340,0.13049440532922746
42341,0.21062723100185393
42342,0.1904393345117569
42343,0.1657577246427536
42344,0.20461621582508088
42345,0.3539718747138977
42346,0.2617868483066559
42347,0.2253852128982544
42348,0.1962260663509369
42349,0.16537605226039886
42350,0.18719311356544494
42351,0.19379594922065735
42352,0.20299251675605773
42353,0.1613404244184494
42354,0.17000196278095245
42355,0.2770992875099182
42356,0.18600726425647734
42357,0.18575057685375213
42358,0.224870964884758
42359,0.242349311709404
42360,0.23178974390029908
42361,0.1953393965959549
42362,0.1794197827577591
42363,0.24370646476745605
42364,0.28977673053741454
42365,0.14989239275455474
42366,0.17663998007774354
42367,0.29795287251472474
42368,0.28931100368499757
42369,0.19672035276889802
42370,0.1777795135974884
42371,0.18890078961849213
42372,0.1878260999917984
42373,0.22262566685676574
42374,0.21565651297569274
42375,0.14372675567865373
42376,0.16573049128055573
42377,0.21491367518901824
42378,0.19440439641475676
42379,0.21916739642620087
42380,0.15885063409805297
42381,0.20199304819107056
42382,0.14726100564002992
42383,0.2623736262321472
42384,0.19418031573295594
42385,0.15597775876522063
42386,0.14931864142417908
42387,0.24385561048984528
42388,0.20525433719158173
42389,0.17591270804405212
42390,0.22067465782165527
42391,0.1917313516139984
42392,0.16163347363471986
42393,0.21744385957717896
42394,0.17884719669818877
42395,0.2557040423154831
42396,0.19616136848926544
42397,0.1528721421957016
42398,0.12855828404426575
42399,0.21400322914123535
42400,0.29574072957038877
42401,0.23371735215187073
42402,0.22636090517044066
42403,0.19133817553520202
42404,0.23221646547317504
42405,0.21192097663879395
42406,0.2218548685312271
42407,0.1896272838115692
42408,0.20910244286060334
42409,0.22092581987380983
42410,0.20765333473682404
42411,0.1782478004693985
42412,0.2667732149362564
42413,0.2955565184354782
42414,0.1962319016456604
42415,0.16970162391662597
42416,0.2990234434604645
42417,0.19020582139492034
42418,0.2958074867725372
42419,0.19718488454818725
42420,0.1985911399126053
42421,0.18616461753845215
42422,0.1887356162071228
42423,0.20845362544059753
42424,0.1979426085948944
42425,0.1840805470943451
42426,0.2191907286643982
42427,0.2309913754463196
42428,0.21658177971839904
42429,0.1536546915769577
42430,0.14413750618696214
42431,0.18634791672229767
42432,0.2631947070360184
42433,0.18061164021492004
42434,0.19714197814464568
42435,0.2142263799905777
42436,0.20539804995059968
42437,0.2908600360155106
42438,0.18650404810905458
42439,0.2445034682750702
42440,0.18386954367160796
42441,0.16577862799167634
42442,0.24840171933174132
42443,0.17140257656574248
42444,0.2048284351825714
42445,0.20362174808979033
42446,0.19276048243045807
42447,0.13920561522245406
42448,0.17428710162639618
42449,0.19696529507637023
42450,0.18264458775520326
42451,0.218691149353981
42452,0.21114560067653657
42453,0.2554473489522934
42454,0.189261993765831
42455,0.23986673057079316
42456,0.17265568673610687
42457,0.15917314887046813
42458,0.14351198971271514
42459,0.1946178674697876
42460,0.3088176310062408
42461,0.2039392799139023
42462,0.21246109008789063
42463,0.26954292953014375
42464,0.29309641718864443
42465,0.3273287951946259
42466,0.25334942638874053
42467,0.19209967851638793
42468,0.24735370576381682
42469,0.23268738389015198
42470,0.21174822449684144
42471,0.21738312840461732
42472,0.21364197432994841
42473,0.24375752210617066
42474,0.16894961297512054
42475,0.20023738741874694
42476,0.17950094044208526
42477,0.21390380561351777
42478,0.2530600905418396
42479,0.2457875281572342
42480,0.17743714451789855
42481,0.1877638131380081
42482,0.17623627781867982
42483,0.2316507488489151
42484,0.27093511521816255
42485,0.2589609682559967
42486,0.25559365153312685
42487,0.25570620596408844
42488,0.20531861186027528
42489,0.19813834726810456
42490,0.23245555758476258
42491,0.2811320036649704
42492,0.3740254342556
42493,0.23728467226028443
42494,0.18688207864761353
42495,0.18146919310092927
42496,0.2727508723735809
42497,0.21252828538417817
42498,0.18958802819252013
42499,0.19512592852115632
42500,0.17905497252941133
42501,0.1596674293279648
42502,0.19925523102283477
42503,0.33035646080970765
42504,0.21265482008457184
42505,0.15291709899902345
42506,0.3002407431602478
42507,0.19129264652729033
42508,0.1854871243238449
42509,0.20166001617908477
42510,0.12523799985647202
42511,0.23965575993061067
42512,0.17898644804954528
42513,0.24730310142040252
42514,0.11681269109249115
42515,0.19101891815662383
42516,0.1978212594985962
42517,0.1439666837453842
42518,0.18230486810207366
42519,0.16907639503479005
42520,0.13962272554636002
42521,0.2363467276096344
42522,0.14161328077316285
42523,0.14841799139976503
42524,0.2234585016965866
42525,0.27522067427635194
42526,0.24652592837810516
42527,0.21198728084564208
42528,0.17950027883052827
42529,0.24593481421470642
42530,0.15393494963645935
42531,0.1649491608142853
42532,0.24942072629928588
42533,0.16815915703773499
42534,0.20475345253944396
42535,0.11286691427230836
42536,0.2938815623521805
42537,0.1734319418668747
42538,0.19022718966007232
42539,0.17898405194282532
42540,0.2327564537525177
42541,0.18325757682323457
42542,0.2089429408311844
42543,0.1660372793674469
42544,0.2253469407558441
42545,0.21304643750190735
42546,0.2530712693929672
42547,0.23245659470558167
42548,0.22869139015674592
42549,0.19176214933395386
42550,0.2183670073747635
42551,0.18368772864341737
42552,0.27764922082424165
42553,0.2225620537996292
42554,0.1504172593355179
42555,0.20871618390083313
42556,0.1840791016817093
42557,0.15707454085350037
42558,0.14217751175165178
42559,0.19919922053813935
42560,0.2459770143032074
42561,0.2104916900396347
42562,0.19201597869396209
42563,0.1881713718175888
42564,0.2202787458896637
42565,0.17330294251441955
42566,0.16313823461532592
42567,0.18274134993553162
42568,0.20225831866264343
42569,0.16707690060138702
42570,0.27999446988105775
42571,0.17765358686447144
42572,0.20165544152259826
42573,0.1804000437259674
42574,0.34519193768501283
42575,0.15727195143699646
42576,0.19272131323814393
42577,0.26322130858898163
42578,0.1847749710083008
42579,0.1904454231262207
42580,0.1529084861278534
42581,0.2311880737543106
42582,0.19624180793762208
42583,0.13980586528778077
42584,0.21129721999168397
42585,0.16899647414684296
42586,0.263056680560112
42587,0.15661113560199738
42588,0.18906118273735045
42589,0.1514357715845108
42590,0.21752459406852723
42591,0.18222252428531646
42592,0.2505588084459305
42593,0.25455580055713656
42594,0.28601353764534
42595,0.3227790713310242
42596,0.21446929275989532
42597,0.22578689754009246
42598,0.13977680951356888
42599,0.21361067295074462
42600,0.15137252807617188
42601,0.19863252937793732
42602,0.18246608972549438
42603,0.1379689872264862
42604,0.16127897799015045
42605,0.21715191900730133
42606,0.2405335158109665
42607,0.2121652215719223
42608,0.27340026795864103
42609,0.1982961565256119
42610,0.1960652709007263
42611,0.17074233591556548
42612,0.23472783267498015
42613,0.15096168220043182
42614,0.24094068109989167
42615,0.22479969263076782
42616,0.19389534890651702
42617,0.20798264145851136
42618,0.15819577425718306
42619,0.18790529072284698
42620,0.24700148403644562
42621,0.3140820264816284
42622,0.2301161140203476
42623,0.15542736649513245
42624,0.19812173247337342
42625,0.19252926409244536
42626,0.19799511432647704
42627,0.18668217360973358
42628,0.1709241509437561
42629,0.30114333629608153
42630,0.1900619775056839
42631,0.21361528635025023
42632,0.20474609434604646
42633,0.1840695321559906
42634,0.23247013688087464
42635,0.2077514111995697
42636,0.193311008810997
42637,0.1639190912246704
42638,0.1859448492527008
42639,0.1530826896429062
42640,0.15530182123184205
42641,0.202321195602417
42642,0.17651354968547822
42643,0.22570622563362122
42644,0.15843774676322936
42645,0.16319944560527802
42646,0.13833627104759216
42647,0.186426043510437
42648,0.13339900076389313
42649,0.22581226527690887
42650,0.19280493557453154
42651,0.2716683715581894
42652,0.2503118306398392
42653,0.16381031572818755
42654,0.1834714740514755
42655,0.2767878890037537
42656,0.1890979140996933
42657,0.1951808214187622
42658,0.19024382531642914
42659,0.21612927913665772
42660,0.20797587633132936
42661,0.26912065744400027
42662,0.15701706409454347
42663,0.2328492134809494
42664,0.16181457340717315
42665,0.20977649390697478
42666,0.183632493019104
42667,0.13097746670246124
42668,0.28916244506835936
42669,0.18080182373523712
42670,0.23568314909934998
42671,0.2130387008190155
42672,0.237193563580513
42673,0.12027551978826523
42674,0.25964433550834654
42675,0.199826979637146
42676,0.17080063223838807
42677,0.28707672357559205
42678,0.1970352917909622
42679,0.19661638140678406
42680,0.1813715308904648
42681,0.17325359880924224
42682,0.16997690498828888
42683,0.16159623861312866
42684,0.22040707468986512
42685,0.2163822442293167
42686,0.2456545501947403
42687,0.29669731855392456
42688,0.2323896884918213
42689,0.15848176777362824
42690,0.1959653913974762
42691,0.2644486963748932
42692,0.17718842923641204
42693,0.1900332599878311
42694,0.20799835324287413
42695,0.251139423251152
42696,0.14391690492630005
42697,0.14362714290618897
42698,0.29437037110328673
42699,0.20325212180614471
42700,0.23786025643348693
42701,0.22897353768348694
42702,0.17492329180240632
42703,0.23078639209270477
42704,0.13716794699430465
42705,0.1931271493434906
42706,0.2355911374092102
42707,0.18519068956375123
42708,0.21452716886997222
42709,0.19614790380001068
42710,0.2287561535835266
42711,0.2802533030509949
42712,0.17664481997489928
42713,0.2723531603813171
42714,0.18131233155727386
42715,0.21578679382801055
42716,0.15818587243556975
42717,0.16733342707157134
42718,0.15913409292697905
42719,0.1906858950853348
42720,0.18331932425498962
42721,0.26566321849823
42722,0.15722177922725677
42723,0.21210381984710694
42724,0.13790288120508193
42725,0.29829907417297363
42726,0.27338882684707644
42727,0.15636488795280457
42728,0.17964373230934144
42729,0.14533379673957825
42730,0.24842157661914827
42731,0.25808693170547486
42732,0.21317477226257325
42733,0.17404234409332275
42734,0.2651145219802856
42735,0.1589324355125427
42736,0.3142322897911072
42737,0.1820985734462738
42738,0.331797844171524
42739,0.2228403866291046
42740,0.16381794214248657
42741,0.19701779186725615
42742,0.21316078603267669
42743,0.12655775398015975
42744,0.1889191150665283
42745,0.19576720893383026
42746,0.22856586575508117
42747,0.2206742525100708
42748,0.18451570272445678
42749,0.18284980654716493
42750,0.10804763287305832
42751,0.14489937126636504
42752,0.23199522793292998
42753,0.22975170910358428
42754,0.22829969823360444
42755,0.2730060160160065
42756,0.17904092073440553
42757,0.21678631603717805
42758,0.1931995838880539
42759,0.20713778734207153
42760,0.22573302686214447
42761,0.1917090266942978
42762,0.20078461170196532
42763,0.18326086103916167
42764,0.28996912240982053
42765,0.20110644400119781
42766,0.16277842819690705
42767,0.20671288073062896
42768,0.21264109313488005
42769,0.28039376735687255
42770,0.17155657708644867
42771,0.1726593941450119
42772,0.29385681748390197
42773,0.24741497337818147
42774,0.2241194188594818
42775,0.2753085196018219
42776,0.21776400208473207
42777,0.1905955344438553
42778,0.1625839352607727
42779,0.2254567861557007
42780,0.20516614615917206
42781,0.18647722601890565
42782,0.1715702533721924
42783,0.2091253012418747
42784,0.16185422241687775
42785,0.28737084567546844
42786,0.1573604553937912
42787,0.1973085582256317
42788,0.18249623477458954
42789,0.16642921268939972
42790,0.2300126940011978
42791,0.17747038900852202
42792,0.2726463615894318
42793,0.2281908929347992
42794,0.16142096221446992
42795,0.21943338215351105
42796,0.17491635978221892
42797,0.20441137850284577
42798,0.17392728328704835
42799,0.17696785926818848
42800,0.2718527227640152
42801,0.1685597449541092
42802,0.2025883227586746
42803,0.21409134268760682
42804,0.20427147448062896
42805,0.24844323098659515
42806,0.14195254743099212
42807,0.29731265306472776
42808,0.20935113430023194
42809,0.18728493452072142
42810,0.15527788996696473
42811,0.1916893243789673
42812,0.19160138964653015
42813,0.21847623884677886
42814,0.1433428034186363
42815,0.14000534415245056
42816,0.20111748278141023
42817,0.1528236001729965
42818,0.19394794702529908
42819,0.14219120442867278
42820,0.31508009433746337
42821,0.32114381194114683
42822,0.26634851694107053
42823,0.313036835193634
42824,0.20465047657489777
42825,0.2861995995044708
42826,0.19547013342380523
42827,0.16707627475261688
42828,0.14408995807170868
42829,0.19265330731868743
42830,0.14623017013072967
42831,0.15192548036575318
42832,0.12327898591756821
42833,0.2802456796169281
42834,0.192739599943161
42835,0.1474376678466797
42836,0.2460789293050766
42837,0.17171035706996918
42838,0.1651258647441864
42839,0.2221791535615921
42840,0.24325785636901856
42841,0.1671683371067047
42842,0.188322913646698
42843,0.17696218490600585
42844,0.1115352064371109
42845,0.20506198108196258
42846,0.21061605215072632
42847,0.1823611706495285
42848,0.2241691917181015
42849,0.1590564250946045
42850,0.32331423163414
42851,0.15352705121040344
42852,0.18659946620464324
42853,0.13704768866300582
42854,0.21015936136245728
42855,0.1874662697315216
42856,0.22081048488616944
42857,0.19949981272220613
42858,0.1941939413547516
42859,0.20138945579528808
42860,0.20806521475315093
42861,0.3009903967380524
42862,0.15399360060691833
42863,0.260370609164238
42864,0.3701183140277863
42865,0.1855866491794586
42866,0.20502941608428954
42867,0.23853810429573058
42868,0.22566693425178527
42869,0.20258346796035767
42870,0.19023523032665252
42871,0.18156263828277588
42872,0.24664859473705292
42873,0.11364083886146545
42874,0.2203593969345093
42875,0.17625142335891725
42876,0.23156075775623322
42877,0.1724695682525635
42878,0.16522651314735412
42879,0.2325925499200821
42880,0.2134769916534424
42881,0.18369878232479095
42882,0.18883017897605897
42883,0.15026361346244813
42884,0.1403694435954094
42885,0.19623336493968963
42886,0.16368205547332765
42887,0.2557802140712738
42888,0.19367397129535674
42889,0.17666128575801848
42890,0.19302823543548583
42891,0.18663498759269714
42892,0.16042788326740265
42893,0.19980173408985138
42894,0.19146849811077118
42895,0.18724493384361268
42896,0.1867886483669281
42897,0.1658357411623001
42898,0.24525681734085084
42899,0.18505581319332123
42900,0.2968843042850494
42901,0.17803089916706086
42902,0.17774152755737305
42903,0.18685579895973206
42904,0.19117212295532227
42905,0.29130758047103883
42906,0.3264723360538483
42907,0.22692849934101106
42908,0.29776132106781006
42909,0.28682836294174197
42910,0.23442187607288362
42911,0.24765712320804595
42912,0.19265772700309752
42913,0.23661355972290038
42914,0.21480768620967866
42915,0.22152077853679658
42916,0.21369334161281586
42917,0.18092114925384523
42918,0.16070592701435088
42919,0.2952125817537308
42920,0.16192969679832458
42921,0.22196411192417145
42922,0.1761411339044571
42923,0.240916645526886
42924,0.185936838388443
42925,0.14729027450084686
42926,0.1781660199165344
42927,0.23733249604701995
42928,0.22627202272415162
42929,0.23240576386451722
42930,0.20539067685604095
42931,0.20305202305316924
42932,0.15676863193511964
42933,0.1546354502439499
42934,0.2099286586046219
42935,0.17532391846179962
42936,0.1996062159538269
42937,0.2504447340965271
42938,0.20742908120155334
42939,0.1772414594888687
42940,0.17519688606262207
42941,0.19707328379154204
42942,0.16726729571819304
42943,0.20790998935699462
42944,0.15976904332637787
42945,0.13810329139232635
42946,0.18162084221839905
42947,0.25628863275051117
42948,0.30049184858798983
42949,0.21574328541755677
42950,0.2155822217464447
42951,0.2252388060092926
42952,0.15279060900211333
42953,0.22947667241096498
42954,0.18259837627410888
42955,0.19721723794937135
42956,0.19239977300167083
42957,0.18502694368362427
42958,0.23460302650928497
42959,0.1862355351448059
42960,0.24137771129608154
42961,0.16504445374011995
42962,0.20925507247447966
42963,0.20665339827537538
42964,0.22927853763103484
42965,0.18062488436698915
42966,0.14786973595619202
42967,0.16968460381031036
42968,0.20346370339393616
42969,0.18542683124542236
42970,0.16557680070400238
42971,0.14580831527709961
42972,0.2714354068040848
42973,0.26879712343215945
42974,0.1940124362707138
42975,0.15858859419822693
42976,0.2592467665672302
42977,0.26174152493476865
42978,0.25205908715724945
42979,0.1692429929971695
42980,0.3161723971366882
42981,0.28836548924446104
42982,0.23734297156333922
42983,0.23309866189956666
42984,0.21366112530231476
42985,0.255550229549408
42986,0.18274294435977936
42987,0.17557797133922576
42988,0.22119097411632538
42989,0.17813594341278077
42990,0.17111434638500214
42991,0.20262192487716674
42992,0.2275861918926239
42993,0.2003933906555176
42994,0.1823965311050415
42995,0.21389312744140626
42996,0.154807847738266
42997,0.22465770542621613
42998,0.17028332948684693
42999,0.18795962929725646
43000,0.18284435868263244
43001,0.16252783238887786
43002,0.22014255225658416
43003,0.3083228588104248
43004,0.1573566734790802
43005,0.17587666511535643
43006,0.17303344905376433
43007,0.2490944355726242
43008,0.20524037778377532
43009,0.18469510674476625
43010,0.23261666893959046
43011,0.2585922837257385
43012,0.2676319181919098
43013,0.16130852997303008
43014,0.21656420230865478
43015,0.17071035504341125
43016,0.23719519674777984
43017,0.35495290756225584
43018,0.14168212115764617
43019,0.15450589656829833
43020,0.19289166629314422
43021,0.17424641847610473
43022,0.20905518531799316
43023,0.18281491100788116
43024,0.16016104221343994
43025,0.23193809390068054
43026,0.26599218547344206
43027,0.17948148846626283
43028,0.1750585526227951
43029,0.24722715020179747
43030,0.19582121074199677
43031,0.25268070995807645
43032,0.24158406853675843
43033,0.2459995150566101
43034,0.2211017370223999
43035,0.1598532348871231
43036,0.18035832047462463
43037,0.15862871706485748
43038,0.22023068964481354
43039,0.15924276709556578
43040,0.20259607434272767
43041,0.1765108048915863
43042,0.17589342594146729
43043,0.21791187822818756
43044,0.18848572075366973
43045,0.24289896488189697
43046,0.1729503184556961
43047,0.19449656307697297
43048,0.21637193560600282
43049,0.23432558178901672
43050,0.3294969379901886
43051,0.18086063861846924
43052,0.20816164910793306
43053,0.2304840862751007
43054,0.16547916680574418
43055,0.15453543961048127
43056,0.209178626537323
43057,0.14758998155593872
43058,0.17252106666564943
43059,0.26260408461093904
43060,0.15760380923748016
43061,0.16280204057693481
43062,0.23313083052635192
43063,0.28595167100429536
43064,0.1620519906282425
43065,0.22852698862552642
43066,0.20048119127750397
43067,0.16487415730953217
43068,0.3406258702278137
43069,0.22416352927684785
43070,0.2150222599506378
43071,0.2191690355539322
43072,0.22764841020107268
43073,0.2568158388137817
43074,0.2707700371742249
43075,0.20101850628852844
43076,0.243364879488945
43077,0.19345734417438507
43078,0.19287325143814088
43079,0.2165183514356613
43080,0.1819163978099823
43081,0.27627409994602203
43082,0.18045969009399415
43083,0.18978845477104186
43084,0.26080014407634733
43085,0.16940450370311738
43086,0.19006912410259247
43087,0.3455715298652649
43088,0.20956950783729553
43089,0.2845224618911743
43090,0.13198687136173248
43091,0.1584872394800186
43092,0.16863123178482056
43093,0.14781094193458558
43094,0.1844544768333435
43095,0.22396097779273988
43096,0.2890498697757721
43097,0.32957053780555723
43098,0.23233674168586732
43099,0.228162544965744
43100,0.3144140005111694
43101,0.2094677209854126
43102,0.28772192597389223
43103,0.20293691456317903
43104,0.21536185145378112
43105,0.18805555403232574
43106,0.1617358446121216
43107,0.24857870042324065
43108,0.22634609937667846
43109,0.17932548224925995
43110,0.1869595855474472
43111,0.20778684914112092
43112,0.1662674993276596
43113,0.20515691936016084
43114,0.18501161634922028
43115,0.16925390660762787
43116,0.20941575169563292
43117,0.1297990068793297
43118,0.19646232426166535
43119,0.20621316730976105
43120,0.18837035000324248
43121,0.19089508950710296
43122,0.24038814008235931
43123,0.22038903534412385
43124,0.19504973888397217
43125,0.18897116482257842
43126,0.23209119737148284
43127,0.20288368165493012
43128,0.17570096254348755
43129,0.1970698356628418
43130,0.2490733027458191
43131,0.24749588072299958
43132,0.19616334438323973
43133,0.16428995430469512
43134,0.1747419625520706
43135,0.23034201860427855
43136,0.22990700006484985
43137,0.26300854980945587
43138,0.2862329363822937
43139,0.16343409419059754
43140,0.1737952172756195
43141,0.21878502368927003
43142,0.17099331617355346
43143,0.1824332594871521
43144,0.15740876793861389
43145,0.2519385129213333
43146,0.18015673756599426
43147,0.18365776538848877
43148,0.18973240554332732
43149,0.21726632118225098
43150,0.21035932004451752
43151,0.24513078033924102
43152,0.21113430261611937
43153,0.18307853043079375
43154,0.21679214537143707
43155,0.27431730926036835
43156,0.2948970407247543
43157,0.21478717923164367
43158,0.14335643351078034
43159,0.15207694172859193
43160,0.17843283116817474
43161,0.20648328363895416
43162,0.15672836899757386
43163,0.21616640985012053
43164,0.21129668653011321
43165,0.21834809184074402
43166,0.18018013536930083
43167,0.23597581386566163
43168,0.18028446137905121
43169,0.1500025659799576
43170,0.16167753636837007
43171,0.3109100341796875
43172,0.17438340783119202
43173,0.17065193355083466
43174,0.16648442447185516
43175,0.20527296662330627
43176,0.19416639506816863
43177,0.1822743833065033
43178,0.15514543354511262
43179,0.19802136421203614
43180,0.17811619341373444
43181,0.21678248941898345
43182,0.19100597202777864
43183,0.20422326028347015
43184,0.2098217010498047
43185,0.18671977519989014
43186,0.16550937592983245
43187,0.15874730348587035
43188,0.20308419167995453
43189,0.3040194630622864
43190,0.20431284308433534
43191,0.18527358174324035
43192,0.18624106347560881
43193,0.2019483745098114
43194,0.25291742384433746
43195,0.1850831538438797
43196,0.17594997584819794
43197,0.15204780995845796
43198,0.21755817532539368
43199,0.3203078269958496
43200,0.18807901740074157
43201,0.17223430275917054
43202,0.23761997520923614
43203,0.25117075741291045
43204,0.2073803037405014
43205,0.18096594214439393
43206,0.17997083961963653
43207,0.2733058571815491
43208,0.16170315742492675
43209,0.2286433219909668
43210,0.1708852767944336
43211,0.3212410271167755
43212,0.16678304672241212
43213,0.19807899594306946
43214,0.24796937704086303
43215,0.24301834404468536
43216,0.2139078050851822
43217,0.19387301206588745
43218,0.22456908524036406
43219,0.20964078605175018
43220,0.20719653367996216
43221,0.16555226147174834
43222,0.21365283727645873
43223,0.1886495530605316
43224,0.22102498412132263
43225,0.28411178290843964
43226,0.31285815834999087
43227,0.18670215904712678
43228,0.22285325229167938
43229,0.19897708892822266
43230,0.16533828675746917
43231,0.2628027707338333
43232,0.23202589452266692
43233,0.26226729452610015
43234,0.2199775218963623
43235,0.253087517619133
43236,0.17123578786849974
43237,0.31804233193397524
43238,0.15932666510343552
43239,0.18666934370994567
43240,0.1993748962879181
43241,0.17057138085365295
43242,0.28488596677780154
43243,0.1189273476600647
43244,0.16332405805587769
43245,0.20377474129199982
43246,0.21690581738948822
43247,0.1683090180158615
43248,0.25102464854717255
43249,0.2726125597953796
43250,0.2251609355211258
43251,0.1685912072658539
43252,0.2690852642059326
43253,0.3139976978302002
43254,0.25581613183021545
43255,0.21541423201560975
43256,0.17373528480529785
43257,0.20410549342632295
43258,0.18906025886535643
43259,0.1715528428554535
43260,0.2162992089986801
43261,0.15310028493404387
43262,0.22542543709278107
43263,0.15099539756774902
43264,0.22009946405887604
43265,0.1947803884744644
43266,0.2317198097705841
43267,0.17067732512950898
43268,0.23983528316020966
43269,0.2212088316679001
43270,0.1910650074481964
43271,0.21666845679283142
43272,0.18090380728244781
43273,0.11208297461271285
43274,0.1777834802865982
43275,0.12945770770311354
43276,0.2451625019311905
43277,0.20762034356594086
43278,0.21832900047302245
43279,0.28347763419151306
43280,0.23857613801956176
43281,0.18380416929721832
43282,0.23279445469379426
43283,0.20860444903373718
43284,0.13410272747278212
43285,0.31316394209861753
43286,0.2793202459812164
43287,0.13058482110500336
43288,0.20164812207221985
43289,0.1710428327322006
43290,0.2059052973985672
43291,0.2411010354757309
43292,0.25954931080341337
43293,0.23143739998340607
43294,0.27950949370861056
43295,0.2894123405218124
43296,0.20685537159442902
43297,0.25515700280666354
43298,0.18265691697597503
43299,0.18575322926044463
43300,0.29751892685890197
43301,0.202049720287323
43302,0.1455667197704315
43303,0.1906523585319519
43304,0.19171975553035736
43305,0.26507378816604615
43306,0.13851652443408966
43307,0.21096680760383607
43308,0.1888727217912674
43309,0.25641182363033294
43310,0.1695010244846344
43311,0.16655192971229554
43312,0.17338624298572541
43313,0.19986095726490022
43314,0.2511128127574921
43315,0.23203379213809966
43316,0.1481449395418167
43317,0.17219891548156738
43318,0.21290132105350495
43319,0.19118887186050415
43320,0.16566356420516967
43321,0.18205557763576508
43322,0.2242879867553711
43323,0.28333809971809387
43324,0.15531022548675538
43325,0.15398134887218476
43326,0.20019277632236482
43327,0.16866963505744934
43328,0.18546293079853057
43329,0.26962481439113617
43330,0.21185386180877686
43331,0.14120345413684846
43332,0.22284048795700073
43333,0.23425228893756866
43334,0.21973007619380952
43335,0.1931300640106201
43336,0.19229910671710967
43337,0.27378969788551333
43338,0.2841919004917145
43339,0.2535021513700485
43340,0.2581703305244446
43341,0.21248239874839783
43342,0.2221207559108734
43343,0.28188872933387754
43344,0.18059728443622589
43345,0.2177167922258377
43346,0.20731625854969024
43347,0.26739974319934845
43348,0.18231664299964906
43349,0.3316885709762573
43350,0.21827170848846436
43351,0.22313531637191772
43352,0.2686796933412552
43353,0.15759548544883728
43354,0.21727733612060546
43355,0.2197324365377426
43356,0.19691093862056733
43357,0.26397348046302793
43358,0.1968110054731369
43359,0.1958768665790558
43360,0.16689128279685975
43361,0.2112097382545471
43362,0.1422099143266678
43363,0.1702652871608734
43364,0.14484926164150239
43365,0.20212015509605408
43366,0.17986544966697693
43367,0.16705266237258912
43368,0.2491447925567627
43369,0.15544354617595674
43370,0.1917440265417099
43371,0.17111751437187195
43372,0.22319327890872956
43373,0.17036987245082855
43374,0.20046263337135314
43375,0.11865089982748031
43376,0.271371403336525
43377,0.194259911775589
43378,0.3037529200315475
43379,0.2924936532974243
43380,0.18736959099769593
43381,0.1979258805513382
43382,0.19231570065021514
43383,0.14987600445747376
43384,0.2539441555738449
43385,0.22255500853061677
43386,0.2109796702861786
43387,0.28685295283794404
43388,0.25077911615371706
43389,0.13280628472566605
43390,0.21924632787704468
43391,0.23618305325508118
43392,0.17508430480957032
43393,0.1170225977897644
43394,0.16266342103481293
43395,0.16290380656719208
43396,0.2650515705347061
43397,0.25475247502326964
43398,0.17563318312168122
43399,0.15528181195259094
43400,0.147642782330513
43401,0.18784756064414979
43402,0.15319300889968873
43403,0.17194320261478424
43404,0.2126200407743454
43405,0.2534985065460205
43406,0.2991187036037445
43407,0.1627663791179657
43408,0.27162936627864837
43409,0.17742639183998107
43410,0.1694317489862442
43411,0.226238152384758
43412,0.15875464528799058
43413,0.16574960947036743
43414,0.1461719274520874
43415,0.19799418449401857
43416,0.23884199559688568
43417,0.11132577061653137
43418,0.15555078387260438
43419,0.20490534007549285
43420,0.20985785722732545
43421,0.20573564767837524
43422,0.12802070528268814
43423,0.16992585361003876
43424,0.12024233788251877
43425,0.23049183785915375
43426,0.1422282874584198
43427,0.2091350644826889
43428,0.16875331997871398
43429,0.18207427561283113
43430,0.16857314109802246
43431,0.19805464744567872
43432,0.23555298149585724
43433,0.20162401497364044
43434,0.28571083545684817
43435,0.30116172432899474
43436,0.25862286388874056
43437,0.2685293287038803
43438,0.21848080456256866
43439,0.14334834963083268
43440,0.1861201524734497
43441,0.15328698456287385
43442,0.2441890388727188
43443,0.1783662587404251
43444,0.19302975237369538
43445,0.16693609356880187
43446,0.19563070833683013
43447,0.2170915573835373
43448,0.17280071079730988
43449,0.18845610618591307
43450,0.2305225223302841
43451,0.15866567194461823
43452,0.22550182342529296
43453,0.12642865031957626
43454,0.2061848372220993
43455,0.20488249659538268
43456,0.2002820372581482
43457,0.2080235332250595
43458,0.18867136240005494
43459,0.19672154784202575
43460,0.19997986853122712
43461,0.13593538999557495
43462,0.21541036963462828
43463,0.25086826682090757
43464,0.2537532031536102
43465,0.1788527935743332
43466,0.18475066423416137
43467,0.2819714605808258
43468,0.1634910821914673
43469,0.169919753074646
43470,0.22357641756534577
43471,0.22281616926193237
43472,0.21714612543582917
43473,0.15867619812488556
43474,0.247725048661232
43475,0.3572076797485352
43476,0.19351101219654082
43477,0.18200853168964387
43478,0.1958743691444397
43479,0.23062301576137542
43480,0.1168133944272995
43481,0.25334481000900266
43482,0.22481960356235503
43483,0.260278457403183
43484,0.16363643109798431
43485,0.21622954308986664
43486,0.1565242201089859
43487,0.23090246617794036
43488,0.18376322090625763
43489,0.21384639739990235
43490,0.16989849805831908
43491,0.1947045922279358
43492,0.21516151130199432
43493,0.14945620000362397
43494,0.20440082848072053
43495,0.21888988018035888
43496,0.24965061843395234
43497,0.3012283205986023
43498,0.26430574655532835
43499,0.15675778388977052
43500,0.15512658655643463
43501,0.2742384999990463
43502,0.23302336931228637
43503,0.228848597407341
43504,0.18549906015396117
43505,0.2228212147951126
43506,0.1515602022409439
43507,0.23369831144809722
43508,0.19074915647506713
43509,0.22840786576271058
43510,0.1794489711523056
43511,0.1698400318622589
43512,0.15644870102405548
43513,0.20304091274738312
43514,0.24608871042728425
43515,0.2054149717092514
43516,0.21599245965480804
43517,0.3410326063632965
43518,0.22350116670131684
43519,0.35541768074035646
43520,0.1708473652601242
43521,0.20620795488357543
43522,0.2358590245246887
43523,0.25028507113456727
43524,0.23548636138439177
43525,0.15711390674114228
43526,0.18954901099205018
43527,0.26099833548069
43528,0.19643213152885436
43529,0.2215238630771637
43530,0.20556337535381317
43531,0.1865220159292221
43532,0.32986907958984374
43533,0.2461833357810974
43534,0.1950542449951172
43535,0.1605911895632744
43536,0.1910660296678543
43537,0.3188422620296478
43538,0.18875382244586944
43539,0.29506399631500246
43540,0.21173802614212037
43541,0.16065856218338012
43542,0.19202671945095062
43543,0.23280609846115113
43544,0.32942129373550416
43545,0.21372799277305604
43546,0.2537499934434891
43547,0.20980850756168365
43548,0.1855465978384018
43549,0.26277485191822053
43550,0.15428426265716552
43551,0.1524285227060318
43552,0.24239453971385955
43553,0.1993544429540634
43554,0.25142332911491394
43555,0.14949417114257812
43556,0.25168404579162595
43557,0.2611915171146393
43558,0.16864434778690338
43559,0.1998459964990616
43560,0.3069592773914337
43561,0.19121105074882508
43562,0.2714721322059631
43563,0.19741401374340056
43564,0.18674771189689637
43565,0.17016847431659698
43566,0.30515084266662595
43567,0.18372569978237152
43568,0.17638740539550782
43569,0.15646959245204925
43570,0.23067030906677247
43571,0.18591152131557465
43572,0.18791840672492982
43573,0.22694560289382934
43574,0.16932387351989747
43575,0.22072839736938477
43576,0.2264219880104065
43577,0.1750837355852127
43578,0.19097162485122682
43579,0.22887416183948517
43580,0.13175749778747559
43581,0.24911684691905975
43582,0.16654222309589387
43583,0.24082347750663757
43584,0.3232432723045349
43585,0.18383117020130157
43586,0.2564293622970581
43587,0.15882785618305206
43588,0.29543096721172335
43589,0.19819356501102448
43590,0.1953358381986618
43591,0.27473926544189453
43592,0.18460878133773803
43593,0.19392186403274536
43594,0.19566207528114318
43595,0.2516330897808075
43596,0.18079852163791657
43597,0.16904067993164062
43598,0.2753458857536316
43599,0.2194392204284668
43600,0.27956590950489046
43601,0.2522223800420761
43602,0.16665139198303222
43603,0.22735430896282197
43604,0.15301302969455718
43605,0.20974448323249817
43606,0.19064423739910125
43607,0.17285009920597078
43608,0.2498553663492203
43609,0.32179148197174073
43610,0.18803612887859344
43611,0.15230866372585297
43612,0.17518317103385925
43613,0.20549906492233277
43614,0.1956547111272812
43615,0.2962076872587204
43616,0.1625715672969818
43617,0.1490779846906662
43618,0.19248144924640656
43619,0.23994055688381194
43620,0.19970674216747283
43621,0.16919253766536713
43622,0.15809147357940673
43623,0.1410602480173111
43624,0.16001350581645965
43625,0.18458594381809235
43626,0.27075846791267394
43627,0.2960064888000488
43628,0.16143361032009124
43629,0.14992215037345885
43630,0.2572426706552505
43631,0.2737736403942108
43632,0.12711245566606522
43633,0.1822547882795334
43634,0.23159493505954742
43635,0.19384399950504302
43636,0.14019207060337066
43637,0.21129689812660218
43638,0.2504263550043106
43639,0.1775404393672943
43640,0.16971218585968018
43641,0.21455819606781007
43642,0.2307468980550766
43643,0.15086014121770858
43644,0.21176844835281372
43645,0.15820149183273316
43646,0.18078265190124512
43647,0.2381521463394165
43648,0.2115582138299942
43649,0.1600516617298126
43650,0.2277323931455612
43651,0.1911724954843521
43652,0.22810827493667601
43653,0.2270210176706314
43654,0.22821738719940185
43655,0.21586411893367768
43656,0.1711052507162094
43657,0.3206298530101776
43658,0.15237726867198945
43659,0.23790543377399445
43660,0.17622604668140412
43661,0.20763225853443146
43662,0.16371021866798402
43663,0.1405788242816925
43664,0.21649639904499055
43665,0.28234249353408813
43666,0.27115375101566314
43667,0.17038727104663848
43668,0.24452216923236847
43669,0.22606028318405152
43670,0.2009413242340088
43671,0.17915610373020172
43672,0.1573813945055008
43673,0.17917928695678711
43674,0.18192892670631408
43675,0.17151199877262116
43676,0.24323158264160155
43677,0.24428829550743103
43678,0.15713221728801727
43679,0.20877691805362703
43680,0.1948975443840027
43681,0.22259037494659423
43682,0.20231252312660217
43683,0.16874703168869018
43684,0.19398092925548555
43685,0.18265976905822753
43686,0.20600119829177857
43687,0.26257528066635133
43688,0.22143588364124298
43689,0.1915222704410553
43690,0.17483413219451904
43691,0.19590616524219512
43692,0.22468057572841643
43693,0.2628945648670197
43694,0.21925907731056213
43695,0.20835607051849364
43696,0.21861783266067505
43697,0.18146576285362243
43698,0.17292255014181138
43699,0.1854415476322174
43700,0.13534460067749024
43701,0.24608186781406402
43702,0.16322495341300963
43703,0.20015439093112947
43704,0.22648854553699493
43705,0.15110777467489242
43706,0.2292977273464203
43707,0.27393409609794617
43708,0.26268147528171537
43709,0.14830643832683563
43710,0.19051471948623658
43711,0.1426522821187973
43712,0.15515254437923431
43713,0.17877468466758728
43714,0.21378437876701356
43715,0.20808373987674714
43716,0.26573405861854554
43717,0.3036168932914734
43718,0.18280040025711058
43719,0.22469404637813567
43720,0.2274480640888214
43721,0.21897726356983185
43722,0.2735613912343979
43723,0.24566989839076997
43724,0.18767111003398895
43725,0.2408319592475891
43726,0.23624980747699736
43727,0.27526319622993467
43728,0.20526083111763
43729,0.20774008333683014
43730,0.2433263838291168
43731,0.18437338769435882
43732,0.21236808598041534
43733,0.1801607698202133
43734,0.14392379820346832
43735,0.17705099284648895
43736,0.279667404294014
43737,0.1805415540933609
43738,0.24446748793125153
43739,0.1635765552520752
43740,0.1605439990758896
43741,0.14758736789226531
43742,0.19306791126728057
43743,0.24996395409107208
43744,0.17661001682281494
43745,0.22162569761276246
43746,0.2901149332523346
43747,0.24819956719875336
43748,0.20361756384372712
43749,0.18008944988250733
43750,0.24830110371112823
43751,0.19023719429969788
43752,0.2715193182229996
43753,0.15682956874370574
43754,0.2158530205488205
43755,0.14756263345479964
43756,0.214260470867157
43757,0.15323379039764404
43758,0.22068081498146058
43759,0.18246804177761078
43760,0.1967436581850052
43761,0.17647637724876403
43762,0.17711204290390015
43763,0.2111720085144043
43764,0.2085123509168625
43765,0.28054773807525635
43766,0.2688760876655579
43767,0.17818533778190612
43768,0.3392701745033264
43769,0.24018663465976714
43770,0.26734885573387146
43771,0.18005902469158172
43772,0.18007677793502808
43773,0.2171993225812912
43774,0.20888333022594452
43775,0.17182898819446563
43776,0.19473508298397063
43777,0.21387473940849305
43778,0.21492003798484802
43779,0.17674160599708558
43780,0.16241005063056946
43781,0.28697590827941893
43782,0.17002046406269072
43783,0.24269633889198303
43784,0.1757827252149582
43785,0.21375292539596558
43786,0.20924795269966126
43787,0.2408275306224823
43788,0.1788996458053589
43789,0.18766038715839387
43790,0.17902209162712096
43791,0.26957777738571165
43792,0.14346547424793243
43793,0.19583102464675903
43794,0.14358077049255372
43795,0.210733625292778
43796,0.25142196118831633
43797,0.24114505350589752
43798,0.2073940008878708
43799,0.1995244324207306
43800,0.15308578610420226
43801,0.24868587553501129
43802,0.14220207333564758
43803,0.23993876874446868
43804,0.18340932428836823
43805,0.23008305430412293
43806,0.17112592458724976
43807,0.17518074810504913
43808,0.2606358706951141
43809,0.13832468986511232
43810,0.14322365522384645
43811,0.24136392176151275
43812,0.14603385031223298
43813,0.19996449947357178
43814,0.2243616670370102
43815,0.17426919639110566
43816,0.24453116655349733
43817,0.17477083206176758
43818,0.18753753006458282
43819,0.17999371588230134
43820,0.16748665273189545
43821,0.21505421102046968
43822,0.13925423622131347
43823,0.18910400271415712
43824,0.15518643260002135
43825,0.16928342282772063
43826,0.2517821788787842
43827,0.19192276000976563
43828,0.16377144157886506
43829,0.19443286955356598
43830,0.2376012235879898
43831,0.2326159805059433
43832,0.21113786101341248
43833,0.19215052723884582
43834,0.16071812510490419
43835,0.21629544198513032
43836,0.25865037441253663
43837,0.2188032627105713
43838,0.2534325450658798
43839,0.18247950673103333
43840,0.2858271062374115
43841,0.26459546089172364
43842,0.16638604998588563
43843,0.24274772703647612
43844,0.22134259045124055
43845,0.17112478911876677
43846,0.12606940269470215
43847,0.1957886427640915
43848,0.19835221767425537
43849,0.2480223834514618
43850,0.18390940725803376
43851,0.15817952752113343
43852,0.14316074252128602
43853,0.20757844150066376
43854,0.15398324131965638
43855,0.32510260343551634
43856,0.3269315123558044
43857,0.1659533828496933
43858,0.09468847438693047
43859,0.19310103058815004
43860,0.18912839889526367
43861,0.1836948961019516
43862,0.19360361695289613
43863,0.18499381542205812
43864,0.1482857346534729
43865,0.15021839290857314
43866,0.2592557340860367
43867,0.2051396608352661
43868,0.14422277063131334
43869,0.316900372505188
43870,0.21163323819637297
43871,0.17137723565101623
43872,0.17091038227081298
43873,0.1910601794719696
43874,0.1977267384529114
43875,0.1655518114566803
43876,0.32493200302124026
43877,0.16918281316757203
43878,0.2422013759613037
43879,0.23250872194766997
43880,0.20169067978858948
43881,0.3040955662727356
43882,0.22053686082363128
43883,0.2098151445388794
43884,0.23079426884651183
43885,0.2051182746887207
43886,0.18257492780685425
43887,0.16112086176872253
43888,0.25241237282752993
43889,0.20528637170791625
43890,0.1702577918767929
43891,0.16149842739105225
43892,0.3077984035015106
43893,0.19781771004199983
43894,0.16989983916282653
43895,0.25119992196559904
43896,0.14747529625892639
43897,0.19063008725643157
43898,0.16871296167373656
43899,0.29787299036979675
43900,0.1793136864900589
43901,0.1677623897790909
43902,0.2574180424213409
43903,0.16527848243713378
43904,0.17107527554035187
43905,0.2457483559846878
43906,0.16914715468883515
43907,0.2439502328634262
43908,0.18631315231323242
43909,0.17821151614189149
43910,0.1523197054862976
43911,0.19914225935935975
43912,0.15648528933525085
43913,0.17586975991725923
43914,0.22812724411487578
43915,0.26125035881996156
43916,0.21231510043144225
43917,0.21773525178432465
43918,0.17386994063854216
43919,0.1979752540588379
43920,0.2351529598236084
43921,0.30215232968330386
43922,0.2284300446510315
43923,0.18390694558620452
43924,0.21540175080299379
43925,0.20888020992279052
43926,0.2340147912502289
43927,0.19386280775070192
43928,0.23440466821193695
43929,0.16211551427841187
43930,0.27801326513290403
43931,0.18109909296035767
43932,0.1590307742357254
43933,0.14156471490859984
43934,0.21300193965435027
43935,0.17364785969257354
43936,0.21714498102664948
43937,0.30049753189086914
43938,0.23422486186027527
43939,0.31118577122688296
43940,0.18941833674907685
43941,0.1703309178352356
43942,0.20564147233963012
43943,0.19981099367141725
43944,0.2458538293838501
43945,0.3248436272144318
43946,0.19970642030239105
43947,0.25074211955070497
43948,0.25270032584667207
43949,0.18456750810146333
43950,0.19844069480895996
43951,0.19621987044811248
43952,0.14316655099391937
43953,0.16290093958377838
43954,0.24557371139526368
43955,0.15263742804527283
43956,0.20250146687030793
43957,0.25976258516311646
43958,0.19476752281188964
43959,0.1614858478307724
43960,0.1674565315246582
43961,0.1885611593723297
43962,0.24025841057300568
43963,0.2753578841686249
43964,0.209791699051857
43965,0.23599738478660584
43966,0.2474624454975128
43967,0.19571658670902253
43968,0.1691848486661911
43969,0.20355954766273499
43970,0.2671550542116165
43971,0.14918147027492523
43972,0.21669172942638398
43973,0.3208147883415222
43974,0.18114599585533142
43975,0.1527823030948639
43976,0.21883798241615296
43977,0.20016640424728394
43978,0.14914924204349517
43979,0.20799408555030824
43980,0.21093099415302277
43981,0.2218787282705307
43982,0.19574679136276246
43983,0.14308489561080934
43984,0.13512491285800934
43985,0.21634808778762818
43986,0.13506455570459366
43987,0.18828530013561248
43988,0.15622806251049043
43989,0.26810658872127535
43990,0.2532784014940262
43991,0.2136745870113373
43992,0.2804290264844894
43993,0.17786557078361512
43994,0.16118960082530975
43995,0.23911356031894684
43996,0.2164771169424057
43997,0.13330564349889756
43998,0.25022295117378235
43999,0.18504811823368073
44000,0.22875575721263885
44001,0.20320746302604675
44002,0.26650515496730803
44003,0.16997055113315582
44004,0.19070030450820924
44005,0.2575418561697006
44006,0.20129204094409942
44007,0.24210273921489717
44008,0.2551227241754532
44009,0.2511584937572479
44010,0.1831613153219223
44011,0.22876314222812652
44012,0.20608485043048858
44013,0.1934252291917801
44014,0.16850715577602388
44015,0.18478075861930848
44016,0.18462799191474916
44017,0.16949962079524994
44018,0.22807808816432953
44019,0.20771335065364838
44020,0.16559319496154784
44021,0.17520009875297546
44022,0.20067334473133086
44023,0.18868046700954438
44024,0.18882517516613007
44025,0.24852293133735656
44026,0.1990733414888382
44027,0.23239802420139313
44028,0.21834947764873505
44029,0.2020641803741455
44030,0.15988911390304567
44031,0.20451621413230897
44032,0.30211382508277895
44033,0.21536913216114045
44034,0.1596245527267456
44035,0.20447661578655243
44036,0.2016282558441162
44037,0.22565242052078247
44038,0.1571393847465515
44039,0.23857866525650023
44040,0.1624578982591629
44041,0.18944349884986877
44042,0.2090095579624176
44043,0.1876344531774521
44044,0.21605223715305327
44045,0.2236789882183075
44046,0.2604082763195038
44047,0.21659598052501677
44048,0.13294086009263992
44049,0.18307475447654725
44050,0.21925964653491975
44051,0.19598581790924072
44052,0.18782064616680144
44053,0.23687265515327455
44054,0.26191653609275817
44055,0.26383293867111207
44056,0.1790706217288971
44057,0.17673712372779846
44058,0.20144779980182648
44059,0.2747787743806839
44060,0.14686616659164428
44061,0.11916920989751816
44062,0.18043422996997832
44063,0.2510875195264816
44064,0.22797892093658448
44065,0.23184965550899506
44066,0.21983754634857178
44067,0.21313632130622864
44068,0.16667259633541107
44069,0.20152897834777833
44070,0.18712133467197417
44071,0.14550835490226746
44072,0.24561207592487336
44073,0.23421292901039123
44074,0.15344321727752686
44075,0.25015030801296234
44076,0.2538504958152771
44077,0.2347089022397995
44078,0.3091476857662201
44079,0.1881032556295395
44080,0.20907568335533142
44081,0.2533690303564072
44082,0.19023308753967286
44083,0.2291685998439789
44084,0.20670786499977112
44085,0.18083989918231963
44086,0.2001178741455078
44087,0.18713287115097046
44088,0.17738165259361266
44089,0.13451024442911147
44090,0.21032719910144806
44091,0.22029137313365937
44092,0.1944449871778488
44093,0.2665709972381592
44094,0.3208886444568634
44095,0.2641011357307434
44096,0.14246175438165665
44097,0.21502791345119476
44098,0.25704091787338257
44099,0.2201755702495575
44100,0.29651718139648436
44101,0.12794118821620942
44102,0.1743716835975647
44103,0.20617906451225282
44104,0.1915111243724823
44105,0.24423698484897613
44106,0.17649584710597993
44107,0.2068568766117096
44108,0.14475285708904267
44109,0.19860642552375793
44110,0.1998620867729187
44111,0.18953653275966645
44112,0.20023909509181975
44113,0.13846616446971893
44114,0.2573018610477448
44115,0.176700097322464
44116,0.2523641616106033
44117,0.18634515702724458
44118,0.19592032134532927
44119,0.18280892968177795
44120,0.2070582002401352
44121,0.16312800645828246
44122,0.2568218171596527
44123,0.1987781822681427
44124,0.19979250729084014
44125,0.19913581311702727
44126,0.1914281129837036
44127,0.17850903570652008
44128,0.16850178241729735
44129,0.1736878514289856
44130,0.24201774299144746
44131,0.189158296585083
44132,0.32275745272636414
44133,0.15748710334300994
44134,0.21569064259529114
44135,0.2433207392692566
44136,0.23237881064414978
44137,0.24260425865650176
44138,0.23181086778640747
44139,0.2186137318611145
44140,0.35700672268867495
44141,0.1756113201379776
44142,0.25560525357723235
44143,0.2887318432331085
44144,0.1352190375328064
44145,0.19940525889396668
44146,0.20543696880340576
44147,0.2012728065252304
44148,0.20702723264694214
44149,0.15798140466213226
44150,0.2224469542503357
44151,0.29089051485061646
44152,0.16491843163967132
44153,0.23161712288856506
44154,0.22047007977962493
44155,0.19329122602939605
44156,0.23305816054344178
44157,0.14435005486011504
44158,0.14255726039409639
44159,0.1823668897151947
44160,0.2528205752372742
44161,0.19530054926872253
44162,0.24667722582817078
44163,0.23089782297611236
44164,0.16535038650035858
44165,0.20591602027416228
44166,0.3603647470474243
44167,0.28671706914901735
44168,0.19591795802116393
44169,0.15015918314456939
44170,0.17504970729351044
44171,0.2127818763256073
44172,0.29271635711193084
44173,0.16898293793201447
44174,0.2163304179906845
44175,0.17636479139328004
44176,0.1522061198949814
44177,0.14128855466842652
44178,0.22656896710395813
44179,0.15740920901298522
44180,0.19458164274692535
44181,0.1637796252965927
44182,0.2542458146810532
44183,0.2509604156017303
44184,0.195437890291214
44185,0.20612562000751494
44186,0.14092463850975037
44187,0.25264096558094024
44188,0.19723475277423858
44189,0.15169973075389862
44190,0.16922348737716675
44191,0.16936892867088318
44192,0.20692353844642639
44193,0.14035035371780397
44194,0.16479727923870086
44195,0.22024963200092315
44196,0.17815763950347902
44197,0.1922564536333084
44198,0.2508655101060867
44199,0.21170295476913453
44200,0.16975567042827605
44201,0.20496788024902343
44202,0.22192525267601013
44203,0.20674911737442017
44204,0.21603419184684752
44205,0.25712455809116364
44206,0.19327423870563507
44207,0.21143855154514313
44208,0.1737104743719101
44209,0.18301516473293306
44210,0.18566747903823852
44211,0.19660043716430664
44212,0.2563587725162506
44213,0.16709557473659514
44214,0.2656877666711807
44215,0.18521316051483155
44216,0.22143101692199707
44217,0.1521024525165558
44218,0.2357653945684433
44219,0.22316497266292573
44220,0.2223497211933136
44221,0.25399746000766754
44222,0.18617148399353028
44223,0.25777365267276764
44224,0.2669908136129379
44225,0.13810456395149232
44226,0.2178204596042633
44227,0.3098831117153168
44228,0.23122478127479554
44229,0.26672472059726715
44230,0.1548185884952545
44231,0.2420269101858139
44232,0.21639014184474945
44233,0.22355685532093048
44234,0.16976899802684783
44235,0.2217229872941971
44236,0.20251187086105346
44237,0.14865134358406068
44238,0.2513145446777344
44239,0.1281718984246254
44240,0.16488529741764069
44241,0.2560108095407486
44242,0.259823739528656
44243,0.2902683734893799
44244,0.2659831762313843
44245,0.22662561237812043
44246,0.17614639699459075
44247,0.24475808143615724
44248,0.21567978262901305
44249,0.255724236369133
44250,0.1867988020181656
44251,0.19892416000366211
44252,0.23885273039340973
44253,0.2081891804933548
44254,0.1377898409962654
44255,0.175996533036232
44256,0.2259332835674286
44257,0.1820555031299591
44258,0.21188730597496033
44259,0.2626788318157196
44260,0.20453956425189973
44261,0.2900517672300339
44262,0.19333406388759614
44263,0.24581592082977294
44264,0.14768924713134765
44265,0.15420678853988648
44266,0.23039378225803375
44267,0.21393372118473053
44268,0.2535226076841354
44269,0.17503893077373506
44270,0.2290977418422699
44271,0.20315717160701752
44272,0.2354552149772644
44273,0.21144374907016755
44274,0.21906551122665405
44275,0.14668596982955934
44276,0.23579877614974976
44277,0.2184618353843689
44278,0.1546422928571701
44279,0.34669050574302673
44280,0.20238840579986572
44281,0.12456869930028916
44282,0.21291597783565522
44283,0.11839064806699753
44284,0.22195956110954285
44285,0.1435823291540146
44286,0.25241408944129945
44287,0.16845413744449617
44288,0.23794244825839997
44289,0.1966218799352646
44290,0.18996089696884155
44291,0.28915599286556243
44292,0.16571397781372071
44293,0.239150208234787
44294,0.21338159143924712
44295,0.29513814449310305
44296,0.31126426458358764
44297,0.23219584226608275
44298,0.20837672352790831
44299,0.13973359763622284
44300,0.13145285695791245
44301,0.19786904156208038
44302,0.23330540657043458
44303,0.28447742462158204
44304,0.18444487154483796
44305,0.1759333610534668
44306,0.13056074529886247
44307,0.16196841299533843
44308,0.185553178191185
44309,0.24039312899112703
44310,0.24085679650306702
44311,0.20995801091194152
44312,0.19977962076663972
44313,0.19907589852809907
44314,0.14624058604240417
44315,0.23735681176185608
44316,0.1997124135494232
44317,0.1536797136068344
44318,0.24988214075565338
44319,0.15276935547590256
44320,0.24728602766990662
44321,0.24927757680416107
44322,0.26180297434329985
44323,0.15838301181793213
44324,0.20265157520771027
44325,0.16059671342372894
44326,0.1929298758506775
44327,0.17288350760936738
44328,0.21075469255447388
44329,0.15434321165084838
44330,0.1771170526742935
44331,0.2620147794485092
44332,0.29859172105789183
44333,0.22477658092975616
44334,0.25563216805458067
44335,0.17873601615428925
44336,0.23604609072208405
44337,0.2940650641918182
44338,0.20021530687808992
44339,0.18676915466785432
44340,0.2388421803712845
44341,0.1979340136051178
44342,0.21547667682170868
44343,0.18282009065151214
44344,0.20723099112510682
44345,0.17635781466960906
44346,0.2079464912414551
44347,0.18119319379329682
44348,0.18033187985420226
44349,0.19084541499614716
44350,0.1798211395740509
44351,0.14801009595394135
44352,0.14749291241168977
44353,0.2422557979822159
44354,0.2513029873371124
44355,0.18518028557300567
44356,0.1126650795340538
44357,0.208095583319664
44358,0.18118347227573395
44359,0.18244022130966187
44360,0.22114532589912414
44361,0.20805335342884063
44362,0.29524876177310944
44363,0.19017487168312072
44364,0.15039624869823456
44365,0.24328857362270356
44366,0.1835072636604309
44367,0.28048389256000517
44368,0.20872594118118287
44369,0.1858772099018097
44370,0.2365923911333084
44371,0.1721777558326721
44372,0.19440454244613647
44373,0.17124938368797302
44374,0.22152262628078462
44375,0.2315605252981186
44376,0.18805473744869233
44377,0.17775059938430787
44378,0.15912361741065978
44379,0.1997133255004883
44380,0.27019661366939546
44381,0.22118935286998748
44382,0.19059557616710662
44383,0.2045156866312027
44384,0.223018017411232
44385,0.18623506724834443
44386,0.12576744705438614
44387,0.22546002864837647
44388,0.16519798934459687
44389,0.22901450097560883
44390,0.32228524684906007
44391,0.16297937631607057
44392,0.2145962744951248
44393,0.18550392091274262
44394,0.31607356667518616
44395,0.21784480512142182
44396,0.1690301477909088
44397,0.2079824000597
44398,0.21964997947216033
44399,0.17570481598377227
44400,0.24168072938919066
44401,0.21618430614471434
44402,0.2978542327880859
44403,0.3573098659515381
44404,0.21947834491729737
44405,0.17660075724124907
44406,0.1736362636089325
44407,0.1936568021774292
44408,0.181498983502388
44409,0.2117515653371811
44410,0.193930783867836
44411,0.2305658757686615
44412,0.20127696096897124
44413,0.16563886404037476
44414,0.1727124720811844
44415,0.22557600140571593
44416,0.21605989336967468
44417,0.20142896473407745
44418,0.2615973651409149
44419,0.186335551738739
44420,0.24184517860412597
44421,0.23903006911277772
44422,0.16537226140499114
44423,0.2600536048412323
44424,0.18966678380966187
44425,0.20662652850151061
44426,0.16826826333999634
44427,0.14409083127975464
44428,0.19830235540866853
44429,0.14675333201885224
44430,0.19761119782924652
44431,0.2047606110572815
44432,0.24588639438152313
44433,0.18837670385837554
44434,0.1698102593421936
44435,0.1628815710544586
44436,0.22103602290153504
44437,0.21183707416057587
44438,0.18496906757354736
44439,0.23225946128368377
44440,0.24565490782260896
44441,0.18129069805145265
44442,0.2804713934659958
44443,0.2960937857627869
44444,0.17389796376228334
44445,0.22674473226070405
44446,0.1714436322450638
44447,0.2594628304243088
44448,0.1881590187549591
44449,0.1494480162858963
44450,0.2299085885286331
44451,0.2481069654226303
44452,0.18190537691116332
44453,0.23172564506530763
44454,0.2735669016838074
44455,0.24334420561790465
44456,0.16616713404655456
44457,0.1801662713289261
44458,0.17758362591266633
44459,0.2440788686275482
44460,0.22674362361431122
44461,0.17146701514720916
44462,0.22340928316116332
44463,0.13702501654624938
44464,0.19712218940258025
44465,0.21322171092033387
44466,0.20098254084587097
44467,0.28324142694473264
44468,0.14673020243644713
44469,0.21714828312397003
44470,0.25944684445858
44471,0.17870136499404907
44472,0.18426214754581452
44473,0.22611963152885436
44474,0.22346037924289702
44475,0.22354010939598085
44476,0.178379562497139
44477,0.15643298029899597
44478,0.20277479588985442
44479,0.18551040887832643
44480,0.2341335117816925
44481,0.2659645825624466
44482,0.1666016697883606
44483,0.17562257051467894
44484,0.21053455471992494
44485,0.1794941931962967
44486,0.2569711685180664
44487,0.1725340634584427
44488,0.193560329079628
44489,0.23466752469539642
44490,0.3243458092212677
44491,0.16786651611328124
44492,0.2792468786239624
44493,0.23157047629356384
44494,0.16930035054683684
44495,0.22434746325016022
44496,0.24988463819026946
44497,0.16942426860332488
44498,0.16058413982391356
44499,0.2625217616558075
44500,0.1650297999382019
44501,0.3263502597808838
44502,0.16351423263549805
44503,0.20923538506031036
44504,0.2053203195333481
44505,0.2625651717185974
44506,0.2719685137271881
44507,0.23297874629497528
44508,0.15777887403964996
44509,0.25319596827030183
44510,0.19907003939151763
44511,0.23080503344535827
44512,0.1601557195186615
44513,0.22565793991088867
44514,0.21172298192977906
44515,0.15562839210033416
44516,0.2551558315753937
44517,0.145123653113842
44518,0.22725233435630798
44519,0.2338984191417694
44520,0.21599213182926177
44521,0.1695754885673523
44522,0.21139347553253174
44523,0.1738330066204071
44524,0.2487548977136612
44525,0.1891215294599533
44526,0.27391016483306885
44527,0.23922322392463685
44528,0.21654628217220306
44529,0.27111878991127014
44530,0.30927194356918336
44531,0.13403497487306595
44532,0.27502086460590364
44533,0.1875728815793991
44534,0.19443076252937316
44535,0.23433823883533478
44536,0.22448397278785706
44537,0.1944199949502945
44538,0.19879282712936402
44539,0.2555813789367676
44540,0.17546894550323486
44541,0.22644673585891723
44542,0.2645939916372299
44543,0.20392090678215027
44544,0.17851028442382813
44545,0.2112666368484497
44546,0.17060697376728057
44547,0.19742071628570557
44548,0.15295053124427796
44549,0.20171802043914794
44550,0.23977515697479249
44551,0.17415173053741456
44552,0.22132111787796022
44553,0.2916670203208923
44554,0.19652312099933625
44555,0.23951048254966736
44556,0.1627926141023636
44557,0.201871919631958
44558,0.21406280994415283
44559,0.1950429141521454
44560,0.17999546229839325
44561,0.22341935932636262
44562,0.20922693014144897
44563,0.17756043374538422
44564,0.2647699236869812
44565,0.20323213934898376
44566,0.2189902812242508
44567,0.19095163345336913
44568,0.26790391802787783
44569,0.19488519728183745
44570,0.15405892133712767
44571,0.17105267345905303
44572,0.19797295928001404
44573,0.23586108386516572
44574,0.13835793137550353
44575,0.1736178517341614
44576,0.24998933374881743
44577,0.1742603987455368
44578,0.13173244297504424
44579,0.18296272456645965
44580,0.15554325580596923
44581,0.15482236742973327
44582,0.21565801799297332
44583,0.15739752650260924
44584,0.31829180121421813
44585,0.21820391416549684
44586,0.1529100388288498
44587,0.15737386047840118
44588,0.19726596474647523
44589,0.2570616066455841
44590,0.21241798102855683
44591,0.19359440505504608
44592,0.15105145275592805
44593,0.20577168464660645
44594,0.2377392590045929
44595,0.15610829889774322
44596,0.2711702823638916
44597,0.1723395049571991
44598,0.14603184163570404
44599,0.1608081042766571
44600,0.19945312440395355
44601,0.24184552133083342
44602,0.21775190234184266
44603,0.22080556750297547
44604,0.1726245701313019
44605,0.19496611952781678
44606,0.13845405280590056
44607,0.16848282814025878
44608,0.295177036523819
44609,0.19881470501422882
44610,0.2112666606903076
44611,0.26712400317192075
44612,0.2829647958278656
44613,0.16898110508918762
44614,0.2557864814996719
44615,0.1896216332912445
44616,0.14783465564250947
44617,0.2583375483751297
44618,0.18748339116573334
44619,0.23631560802459717
44620,0.15855337977409362
44621,0.20391538441181184
44622,0.25492550134658815
44623,0.29763486981391907
44624,0.14570974111557006
44625,0.19299936294555664
44626,0.21231675148010254
44627,0.1717780500650406
44628,0.1651051938533783
44629,0.13900521546602249
44630,0.1416763812303543
44631,0.14033449441194534
44632,0.22583247423171998
44633,0.2732050508260727
44634,0.15673187375068665
44635,0.19903693795204164
44636,0.204841685295105
44637,0.1581357330083847
44638,0.16231054365634917
44639,0.1850605010986328
44640,0.2604302853345871
44641,0.16527716517448426
44642,0.2207701861858368
44643,0.1862999141216278
44644,0.2700356483459473
44645,0.20653873085975646
44646,0.1678488850593567
44647,0.18735527992248535
44648,0.28713350296020507
44649,0.26435366868972776
44650,0.23891565203666687
44651,0.2050328016281128
44652,0.22025437653064728
44653,0.16805420219898223
44654,0.15821025371551514
44655,0.19043051600456237
44656,0.23466935455799104
44657,0.16375727355480194
44658,0.21165014207363128
44659,0.15862686336040496
44660,0.2766946583986282
44661,0.14382345378398895
44662,0.18913751244544982
44663,0.1894824504852295
44664,0.2156593918800354
44665,0.2615239292383194
44666,0.20907581746578216
44667,0.19231977462768554
44668,0.1657594084739685
44669,0.15818647146224976
44670,0.2535715579986572
44671,0.1759454518556595
44672,0.23029914498329163
44673,0.18749394416809081
44674,0.17275119423866273
44675,0.14745639115571976
44676,0.13164500743150712
44677,0.1851642221212387
44678,0.2304210275411606
44679,0.16396222710609437
44680,0.26506997644901276
44681,0.19995157420635223
44682,0.18190549612045287
44683,0.17217893302440643
44684,0.19945437610149383
44685,0.12952411025762559
44686,0.2354718565940857
44687,0.1660325735807419
44688,0.1756684422492981
44689,0.21217476725578308
44690,0.18280390799045562
44691,0.16871123611927033
44692,0.1845060408115387
44693,0.15258612334728242
44694,0.20977931320667267
44695,0.18366730809211732
44696,0.2232402503490448
44697,0.20554615557193756
44698,0.2988028049468994
44699,0.2366704523563385
44700,0.261865445971489
44701,0.1848762273788452
44702,0.1565905839204788
44703,0.1778259575366974
44704,0.19232671856880187
44705,0.2330530971288681
44706,0.26883935928344727
44707,0.2255898505449295
44708,0.16896695792675018
44709,0.17719130218029022
44710,0.21705463230609895
44711,0.21626220941543578
44712,0.19921252727508545
44713,0.29037987887859346
44714,0.25334463119506834
44715,0.18245318830013274
44716,0.1661994069814682
44717,0.2862108886241913
44718,0.1719325840473175
44719,0.16198626458644866
44720,0.1328265607357025
44721,0.180987212061882
44722,0.15023284554481506
44723,0.18723684251308442
44724,0.14471561908721925
44725,0.18393867909908296
44726,0.24024917781352997
44727,0.17699460685253143
44728,0.232542884349823
44729,0.21318413317203522
44730,0.19879487454891204
44731,0.22779714167118073
44732,0.16522376537322997
44733,0.178798046708107
44734,0.19359235763549804
44735,0.21822877824306489
44736,0.2327311307191849
44737,0.19443481266498566
44738,0.19447529017925264
44739,0.14579568505287172
44740,0.19562587141990662
44741,0.2195558488368988
44742,0.17657857537269592
44743,0.20415055751800537
44744,0.23101113438606263
44745,0.18181948363780975
44746,0.17793125212192534
44747,0.17298731803894044
44748,0.18687314987182618
44749,0.14394956231117248
44750,0.21539944410324097
44751,0.18145798444747924
44752,0.16156485080718994
44753,0.1541406899690628
44754,0.17423738539218903
44755,0.25206187963485716
44756,0.16729510724544525
44757,0.19254319965839387
44758,0.23279317915439607
44759,0.24370093941688536
44760,0.2524806559085846
44761,0.2040669649839401
44762,0.19480197131633759
44763,0.13637438267469407
44764,0.20141762793064116
44765,0.21975100934505462
44766,0.2029697924852371
44767,0.22508687973022462
44768,0.19528962075710296
44769,0.12741792798042298
44770,0.2610598772764206
44771,0.16589621901512147
44772,0.1505466103553772
44773,0.2041971653699875
44774,0.17550523579120636
44775,0.25254831910133363
44776,0.24389308393001558
44777,0.2931846857070923
44778,0.23731955885887146
44779,0.16669902205467224
44780,0.14489020854234697
44781,0.15612809360027313
44782,0.24574453234672547
44783,0.21965004801750182
44784,0.20192792117595673
44785,0.12518031895160675
44786,0.24888173937797547
44787,0.23865144848823547
44788,0.19915080368518828
44789,0.20553911924362184
44790,0.24572568237781525
44791,0.2503411382436752
44792,0.2067788451910019
44793,0.21361790001392364
44794,0.17263465821743013
44795,0.18339318931102752
44796,0.28392484188079836
44797,0.18550810515880584
44798,0.1304672583937645
44799,0.16846689581871033
44800,0.24551227390766145
44801,0.17372285425662995
44802,0.16067184507846832
44803,0.1922028034925461
44804,0.23872544169425963
44805,0.26985164284706115
44806,0.30270738899707794
44807,0.25255111157894133
44808,0.21713535189628602
44809,0.17029244005680083
44810,0.2595381259918213
44811,0.2016979217529297
44812,0.1947914183139801
44813,0.21011504232883454
44814,0.20376127660274507
44815,0.19323307275772095
44816,0.22108922600746156
44817,0.13846533447504045
44818,0.33451102375984193
44819,0.19709513783454896
44820,0.2211729943752289
44821,0.17207094132900239
44822,0.30660606026649473
44823,0.21671755909919738
44824,0.2224233031272888
44825,0.21607451438903807
44826,0.21185998916625975
44827,0.1691942721605301
44828,0.20250371098518372
44829,0.22385512590408324
44830,0.15551209151744844
44831,0.16681672334671022
44832,0.21592608988285064
44833,0.17788674533367158
44834,0.23426488637924195
44835,0.20330129861831664
44836,0.19978294372558594
44837,0.19854481220245362
44838,0.192601078748703
44839,0.1811998814344406
44840,0.1882151484489441
44841,0.23222162425518036
44842,0.177582311630249
44843,0.1739230662584305
44844,0.2391029715538025
44845,0.17653628885746003
44846,0.18498611748218535
44847,0.20114596784114838
44848,0.2088225543498993
44849,0.19609975218772888
44850,0.34023183584213257
44851,0.22717968225479127
44852,0.20722745954990388
44853,0.2707237392663956
44854,0.1570725917816162
44855,0.2049099922180176
44856,0.17013005018234253
44857,0.2941426753997803
44858,0.17462055385112762
44859,0.19885697066783906
44860,0.21069009900093078
44861,0.22130401134490968
44862,0.19684763848781586
44863,0.1665584161877632
44864,0.1856631726026535
44865,0.2472638249397278
44866,0.18823578357696533
44867,0.16819418221712112
44868,0.2786078155040741
44869,0.2577335983514786
44870,0.18862250447273254
44871,0.2929996967315674
44872,0.17466279864311218
44873,0.21348264813423157
44874,0.2492395132780075
44875,0.217593714594841
44876,0.20703165829181672
44877,0.26025727987289426
44878,0.1813412219285965
44879,0.20969561338424683
44880,0.21375719606876373
44881,0.24300048053264617
44882,0.18028471171855925
44883,0.19651302695274353
44884,0.19819551110267639
44885,0.18031335175037383
44886,0.24863563477993011
44887,0.20832901000976561
44888,0.18488388359546662
44889,0.12346026748418808
44890,0.24677128195762635
44891,0.15547552704811096
44892,0.1380397766828537
44893,0.2163468301296234
44894,0.2477361410856247
44895,0.1448713630437851
44896,0.21861302256584167
44897,0.1692299336194992
44898,0.17026405930519103
44899,0.21552793681621552
44900,0.16940275728702545
44901,0.16452938616275786
44902,0.1630144387483597
44903,0.20332701802253722
44904,0.1985236883163452
44905,0.13951180577278138
44906,0.2037650853395462
44907,0.18280843496322632
44908,0.16173387169837952
44909,0.17585547566413878
44910,0.21843956112861634
44911,0.2735985845327377
44912,0.1873357117176056
44913,0.2397252708673477
44914,0.208019483089447
44915,0.14692467153072358
44916,0.17789762020111083
44917,0.182272008061409
44918,0.25882860720157624
44919,0.1820298045873642
44920,0.22045134902000427
44921,0.16758932769298554
44922,0.19021205902099608
44923,0.2485604852437973
44924,0.2556174248456955
44925,0.27049942016601564
44926,0.18969740271568297
44927,0.15172114074230195
44928,0.22164641916751862
44929,0.2081402599811554
44930,0.18858002126216888
44931,0.22726086676120758
44932,0.1553644061088562
44933,0.18656955361366273
44934,0.1923025667667389
44935,0.21162205338478088
44936,0.1945028930902481
44937,0.20568782091140747
44938,0.22154645025730133
44939,0.23331255912780763
44940,0.16312918066978455
44941,0.1760300099849701
44942,0.11635375320911408
44943,0.19100855588912963
44944,0.3201294779777527
44945,0.1985843598842621
44946,0.2530983597040176
44947,0.2027783662080765
44948,0.2513271301984787
44949,0.19076427519321443
44950,0.2663766324520111
44951,0.24551274478435517
44952,0.24318991601467133
44953,0.27589470744132993
44954,0.18946192860603334
44955,0.18483852446079255
44956,0.25667975544929506
44957,0.1711067348718643
44958,0.2553574204444885
44959,0.1707234114408493
44960,0.2040561854839325
44961,0.20107360780239106
44962,0.2195207566022873
44963,0.29551682472229
44964,0.18101293444633484
44965,0.2539700001478195
44966,0.2686658054590225
44967,0.15865877270698547
44968,0.22968680858612062
44969,0.22782842218875884
44970,0.27910292744636533
44971,0.17428232729434967
44972,0.20500474274158478
44973,0.16623760759830475
44974,0.15804049968719483
44975,0.24709118604660035
44976,0.18807171583175658
44977,0.19651355743408203
44978,0.19432251453399657
44979,0.18902941346168517
44980,0.19634034037590026
44981,0.20355862081050874
44982,0.1829867273569107
44983,0.2014283776283264
44984,0.17801247239112855
44985,0.2561053276062012
44986,0.16277326941490172
44987,0.18388306498527526
44988,0.173435977101326
44989,0.22000056207180024
44990,0.18517720103263854
44991,0.2633218109607697
44992,0.1340041935443878
44993,0.1589083969593048
44994,0.19308728575706482
44995,0.17895448803901673
44996,0.21773188710212707
44997,0.16647808849811555
44998,0.16958547234535218
44999,0.2036919564008713
45000,0.1816176325082779
45001,0.14772194027900695
45002,0.20264645516872407
45003,0.24527306258678436
45004,0.2539764314889908
45005,0.16437483429908753
45006,0.15827970206737518
45007,0.17681550979614258
45008,0.2771336823701859
45009,0.17970307767391205
45010,0.32497701048851013
45011,0.2009487569332123
45012,0.2661379724740982
45013,0.19219458103179932
45014,0.1691332131624222
45015,0.2416031301021576
45016,0.15407028794288635
45017,0.2419028103351593
45018,0.1955053299665451
45019,0.1603615552186966
45020,0.14947302341461183
45021,0.28642176985740664
45022,0.19876684844493867
45023,0.216551011800766
45024,0.19842230677604675
45025,0.20958370864391326
45026,0.23006313443183898
45027,0.3143408238887787
45028,0.23854658007621765
45029,0.17350221574306487
45030,0.18020527362823485
45031,0.22110394537448883
45032,0.23261801898479462
45033,0.1594591587781906
45034,0.27841721177101136
45035,0.18014973998069764
45036,0.22532726228237152
45037,0.24887090921401978
45038,0.14702108800411223
45039,0.23826828598976135
45040,0.2086538255214691
45041,0.226485276222229
45042,0.23106629848480226
45043,0.1815093219280243
45044,0.14975569546222686
45045,0.2260912537574768
45046,0.17454410791397096
45047,0.301728218793869
45048,0.1952076643705368
45049,0.191694974899292
45050,0.22228146195411683
45051,0.22798832654953002
45052,0.20217176675796508
45053,0.15803052186965943
45054,0.17192071080207824
45055,0.23173184394836427
45056,0.15346087515354156
45057,0.2604827851057053
45058,0.22739582657814025
45059,0.23125967681407927
45060,0.17923729717731476
45061,0.231764018535614
45062,0.2512113392353058
45063,0.17851698100566865
45064,0.17043751776218413
45065,0.26552694737911225
45066,0.21231735348701478
45067,0.18303335905075074
45068,0.1677959144115448
45069,0.13971520364284515
45070,0.17199693024158477
45071,0.2500464886426926
45072,0.16360342800617217
45073,0.2074659675359726
45074,0.18527548015117645
45075,0.16239907145500182
45076,0.1572990357875824
45077,0.16672763228416443
45078,0.1608268141746521
45079,0.1782612293958664
45080,0.13029588311910628
45081,0.16738874614238738
45082,0.2601254850625992
45083,0.16949641406536103
45084,0.20832049548625947
45085,0.1674688756465912
45086,0.20616362392902374
45087,0.2798469543457031
45088,0.20975907742977143
45089,0.22970014810562134
45090,0.15003983080387115
45091,0.259589946269989
45092,0.16685617566108704
45093,0.18920864760875702
45094,0.1927865892648697
45095,0.17420674264431
45096,0.20041010677814483
45097,0.13608431518077851
45098,0.2569701611995697
45099,0.15914801955223085
45100,0.19349966943264008
45101,0.22346601486206055
45102,0.19428051710128785
45103,0.2181766599416733
45104,0.19855922162532808
45105,0.15686891078948975
45106,0.23036751449108123
45107,0.25724576115608216
45108,0.277199524641037
45109,0.3004099726676941
45110,0.16864846646785736
45111,0.1897580325603485
45112,0.2570651888847351
45113,0.25559868216514586
45114,0.2054058939218521
45115,0.21647276878356933
45116,0.1529252350330353
45117,0.23202590942382811
45118,0.18016864955425263
45119,0.20940421819686889
45120,0.19785259962081908
45121,0.23966775238513946
45122,0.2813538134098053
45123,0.21671929359436035
45124,0.15792163014411925
45125,0.16591991484165192
45126,0.16901910305023193
45127,0.17164896428585052
45128,0.12986746579408645
45129,0.2237698554992676
45130,0.15760066509246826
45131,0.22503522634506226
45132,0.18238970637321472
45133,0.19186694025993348
45134,0.2862363249063492
45135,0.2537012606859207
45136,0.16963152587413788
45137,0.17898676097393035
45138,0.17255788147449494
45139,0.1543259173631668
45140,0.18363468647003173
45141,0.3832558631896973
45142,0.24731884002685547
45143,0.25805001258850097
45144,0.23357807993888854
45145,0.2402863621711731
45146,0.2070886194705963
45147,0.31030274033546446
45148,0.20728775560855867
45149,0.19312115609645844
45150,0.2555257976055145
45151,0.25871081948280333
45152,0.16471194922924043
45153,0.16962607204914093
45154,0.18019513189792633
45155,0.2359283983707428
45156,0.16983474493026735
45157,0.1912539631128311
45158,0.12608072012662888
45159,0.22682991325855256
45160,0.1575857073068619
45161,0.20681715309619902
45162,0.2619449824094772
45163,0.18326255381107331
45164,0.15190571248531343
45165,0.2669982880353928
45166,0.19364412128925323
45167,0.19051173329353333
45168,0.1717478483915329
45169,0.2738420248031616
45170,0.19053371250629425
45171,0.32071667313575747
45172,0.19122537076473237
45173,0.2034779131412506
45174,0.18206771314144135
45175,0.2202817589044571
45176,0.14642868787050248
45177,0.2140306293964386
45178,0.16996616125106812
45179,0.19263064861297607
45180,0.1958632290363312
45181,0.2163868397474289
45182,0.13952902257442473
45183,0.18488014340400696
45184,0.17887098491191863
45185,0.2408241719007492
45186,0.3598953664302826
45187,0.212624591588974
45188,0.1944074660539627
45189,0.21504292488098145
45190,0.2304448366165161
45191,0.18953444361686705
45192,0.20127283036708832
45193,0.20959512591362
45194,0.13360094428062438
45195,0.20991653203964233
45196,0.15259466469287872
45197,0.2413095325231552
45198,0.1672558754682541
45199,0.21606693863868714
45200,0.17628046870231628
45201,0.33077249526977537
45202,0.3495952427387238
45203,0.2614974468946457
45204,0.2199341058731079
45205,0.1948219805955887
45206,0.17026614844799043
45207,0.14043498933315277
45208,0.14149761497974395
45209,0.19639525115489959
45210,0.17148889303207399
45211,0.15767729580402373
45212,0.18761470913887024
45213,0.2313706785440445
45214,0.16072555184364318
45215,0.2648067831993103
45216,0.26351089477539064
45217,0.1543702721595764
45218,0.1698721319437027
45219,0.21746878027915956
45220,0.22552172541618348
45221,0.20441097617149354
45222,0.31591970324516294
45223,0.2636816382408142
45224,0.2124958962202072
45225,0.31894686818122864
45226,0.29542664885520936
45227,0.1947368085384369
45228,0.2008697658777237
45229,0.21560559570789337
45230,0.2378791719675064
45231,0.1741451144218445
45232,0.27245618104934693
45233,0.2511046499013901
45234,0.20455175042152404
45235,0.16212432086467743
45236,0.19632570445537567
45237,0.3079456627368927
45238,0.23582907915115356
45239,0.1985802859067917
45240,0.19922485947608948
45241,0.23569562137126923
45242,0.17513168454170228
45243,0.23940102458000184
45244,0.1876334846019745
45245,0.24544736444950105
45246,0.2166485756635666
45247,0.2103976935148239
45248,0.173815581202507
45249,0.2350050538778305
45250,0.22316617667675018
45251,0.19121496975421906
45252,0.1496909439563751
45253,0.14481303989887237
45254,0.16842360496520997
45255,0.1914307087659836
45256,0.17751316130161285
45257,0.2180088222026825
45258,0.18878510296344758
45259,0.19384199976921082
45260,0.22537663877010344
45261,0.25449704229831693
45262,0.15003955364227295
45263,0.16743525266647338
45264,0.17455392181873322
45265,0.1956315279006958
45266,0.18636617064476013
45267,0.15767885148525237
45268,0.21382674872875213
45269,0.23098287880420684
45270,0.18104166388511658
45271,0.18770582377910613
45272,0.18680196404457092
45273,0.19652132391929628
45274,0.24552105665206908
45275,0.23068954646587372
45276,0.16072861552238465
45277,0.22465957403182985
45278,0.12446503192186356
45279,0.19412808120250702
45280,0.17119913101196288
45281,0.20205032527446748
45282,0.1784541517496109
45283,0.2228522628545761
45284,0.19102298617362976
45285,0.19741663634777068
45286,0.3067550897598267
45287,0.20344314277172088
45288,0.1839820086956024
45289,0.19405522346496581
45290,0.23198311030864716
45291,0.2393314629793167
45292,0.17329897582530976
45293,0.15880466997623444
45294,0.20078051686286927
45295,0.2038761168718338
45296,0.20769512951374053
45297,0.23040820360183717
45298,0.2558367431163788
45299,0.17554085850715637
45300,0.16568903923034667
45301,0.11613857299089432
45302,0.2091538280248642
45303,0.20095272064208985
45304,0.1407414436340332
45305,0.19890695810317993
45306,0.26907269954681395
45307,0.17251106202602387
45308,0.15055416226387025
45309,0.15260482132434844
45310,0.20268971621990203
45311,0.1763865202665329
45312,0.16439189016819
45313,0.21075262725353242
45314,0.19426492750644683
45315,0.19611758291721343
45316,0.3079777181148529
45317,0.21761510372161866
45318,0.18142325282096863
45319,0.1446140706539154
45320,0.1788472503423691
45321,0.15873123705387115
45322,0.22463959753513335
45323,0.17259685397148133
45324,0.17371372878551483
45325,0.20043433010578154
45326,0.1670393615961075
45327,0.36430599689483645
45328,0.16501814424991607
45329,0.19452804923057557
45330,0.3255370080471039
45331,0.1524418041110039
45332,0.2592816323041916
45333,0.19174517095088958
45334,0.23140206038951874
45335,0.16457775831222535
45336,0.15471376180648805
45337,0.14263100326061248
45338,0.16587017178535463
45339,0.21804773509502412
45340,0.20068337619304658
45341,0.18471148014068603
45342,0.16227213740348817
45343,0.20658799707889558
45344,0.20938937962055207
45345,0.16817207336425782
45346,0.3136281430721283
45347,0.22424789369106293
45348,0.20962578654289246
45349,0.1673406779766083
45350,0.18532295525074005
45351,0.2263827621936798
45352,0.24868645071983336
45353,0.17048557996749877
45354,0.17841937243938447
45355,0.13172026872634887
45356,0.297378745675087
45357,0.15278386771678926
45358,0.19787722527980806
45359,0.20218974947929383
45360,0.191396564245224
45361,0.19794404804706572
45362,0.2555756658315659
45363,0.22697377502918242
45364,0.19230046272277831
45365,0.18388278782367706
45366,0.1796394795179367
45367,0.20106310546398162
45368,0.20591734647750853
45369,0.17516711950302125
45370,0.24492948055267333
45371,0.18778505325317382
45372,0.20924068093299866
45373,0.2294612020254135
45374,0.26042051911354064
45375,0.24796317219734193
45376,0.24231404364109038
45377,0.2185335099697113
45378,0.16825488805770875
45379,0.22106399834156037
45380,0.2207840383052826
45381,0.18964373469352722
45382,0.31589001417160034
45383,0.21559173464775086
45384,0.1919326066970825
45385,0.1366689234972
45386,0.23259099423885346
45387,0.2093595892190933
45388,0.22782834768295288
45389,0.21405646502971648
45390,0.2395481914281845
45391,0.16515488624572755
45392,0.23667997121810913
45393,0.1925732374191284
45394,0.16129522323608397
45395,0.1873998761177063
45396,0.22214632332324982
45397,0.2061664879322052
45398,0.27584691643714904
45399,0.19797667264938354
45400,0.2515905320644379
45401,0.16405743062496186
45402,0.15309909135103225
45403,0.1552610993385315
45404,0.2512196511030197
45405,0.1883288264274597
45406,0.2489033341407776
45407,0.32621907591819765
45408,0.16428768038749694
45409,0.16213345527648926
45410,0.17635994851589204
45411,0.23158866167068481
45412,0.23687944412231446
45413,0.13151231706142424
45414,0.13712412118911743
45415,0.16972731947898864
45416,0.14351364970207214
45417,0.3040351331233978
45418,0.11910108029842377
45419,0.1605723112821579
45420,0.17956158965826036
45421,0.21452577412128448
45422,0.166873437166214
45423,0.20872815549373627
45424,0.23484144508838653
45425,0.15259016752243043
45426,0.1708839476108551
45427,0.29167282581329346
45428,0.1678350269794464
45429,0.22143239676952362
45430,0.17473035156726838
45431,0.1519508183002472
45432,0.26775168180465697
45433,0.2553289532661438
45434,0.21917745769023894
45435,0.20403695106506348
45436,0.17972545325756073
45437,0.19449838399887084
45438,0.20188223123550414
45439,0.17315572798252105
45440,0.16203828752040864
45441,0.2872514635324478
45442,0.2628304839134216
45443,0.22409547865390778
45444,0.33742011785507203
45445,0.2172455906867981
45446,0.20877246856689452
45447,0.15671026408672334
45448,0.15641827285289764
45449,0.19729174971580504
45450,0.1821777880191803
45451,0.1785234570503235
45452,0.2241952210664749
45453,0.18807339370250703
45454,0.22562931180000306
45455,0.11573631167411805
45456,0.2750100016593933
45457,0.16325033605098724
45458,0.20155510902404786
45459,0.18983214795589448
45460,0.20520443022251128
45461,0.14401040673255922
45462,0.19805240929126738
45463,0.2534491360187531
45464,0.2656003892421722
45465,0.16366717964410782
45466,0.18804945051670074
45467,0.23502327799797057
45468,0.2597596377134323
45469,0.17600323259830475
45470,0.21994923651218415
45471,0.15810186564922332
45472,0.15996583700180053
45473,0.17959947288036346
45474,0.24173038005828856
45475,0.25162348747253416
45476,0.20191495716571808
45477,0.21242148280143738
45478,0.2807340145111084
45479,0.1320250689983368
45480,0.17438025772571564
45481,0.19276630878448486
45482,0.25793527960777285
45483,0.23494249880313872
45484,0.2696317911148071
45485,0.2248551219701767
45486,0.20032680332660674
45487,0.23856369256973267
45488,0.22984132468700408
45489,0.16214639842510223
45490,0.19458503425121307
45491,0.19490489661693572
45492,0.2662051022052765
45493,0.2240479916334152
45494,0.1966819167137146
45495,0.18697714805603027
45496,0.22569910883903505
45497,0.21194504499435424
45498,0.2293683648109436
45499,0.2003164380788803
45500,0.21091903746128082
45501,0.14812677949666977
45502,0.23245662450790405
45503,0.14760646522045134
45504,0.24594499170780182
45505,0.1750355303287506
45506,0.17358300387859343
45507,0.20141988396644592
45508,0.3281944513320923
45509,0.2615880697965622
45510,0.1501571625471115
45511,0.26272655129432676
45512,0.16540709733963013
45513,0.17384993731975557
45514,0.33222708106040955
45515,0.1891483336687088
45516,0.1874727338552475
45517,0.19195491969585418
45518,0.19409675300121307
45519,0.23179180920124054
45520,0.22790708839893342
45521,0.18747749626636506
45522,0.19051813185214997
45523,0.24877097606658935
45524,0.17679351568222046
45525,0.1958826959133148
45526,0.17188685536384582
45527,0.20986450612545013
45528,0.2461378037929535
45529,0.20804392397403718
45530,0.2048675000667572
45531,0.21159899234771729
45532,0.17813509106636047
45533,0.21736522316932677
45534,0.14665198624134063
45535,0.170159912109375
45536,0.17843158543109894
45537,0.3563363075256348
45538,0.22970367074012757
45539,0.2854741305112839
45540,0.17225246429443358
45541,0.21779506802558898
45542,0.17519935369491577
45543,0.17574229538440705
45544,0.20877764821052552
45545,0.14969470500946044
45546,0.16895437836647034
45547,0.22342827618122102
45548,0.21347934007644653
45549,0.18990511298179627
45550,0.33345543742179873
45551,0.14018687903881072
45552,0.25215076506137846
45553,0.3024792969226837
45554,0.19345277845859526
45555,0.22440072298049926
45556,0.19869537353515626
45557,0.2154780626296997
45558,0.19456825852394105
45559,0.2111970752477646
45560,0.147833251953125
45561,0.16669721007347107
45562,0.2436618447303772
45563,0.19337363839149474
45564,0.1869518905878067
45565,0.25683786571025846
45566,0.23909131586551666
45567,0.19315115213394166
45568,0.3204809010028839
45569,0.16898870468139648
45570,0.24267600774765014
45571,0.26497972905635836
45572,0.17028831243515014
45573,0.167766535282135
45574,0.15273962914943695
45575,0.32979059815406797
45576,0.30881625413894653
45577,0.16107700169086456
45578,0.1585785776376724
45579,0.16612626612186432
45580,0.20998393893241882
45581,0.2579722434282303
45582,0.19645559787750244
45583,0.16583954393863679
45584,0.19179361760616304
45585,0.18572231233119965
45586,0.19567971527576447
45587,0.27581713199615476
45588,0.17496655881404877
45589,0.2311712235212326
45590,0.13744798451662063
45591,0.22677250802516938
45592,0.15858125686645508
45593,0.22804718613624572
45594,0.17165696024894714
45595,0.2350279211997986
45596,0.25739653706550597
45597,0.14435980916023256
45598,0.24386716783046722
45599,0.15855955183506013
45600,0.21049442887306213
45601,0.18695026636123657
45602,0.24631546139717103
45603,0.2688125014305115
45604,0.20128942728042604
45605,0.2943406105041504
45606,0.2928437113761902
45607,0.20244868397712706
45608,0.25015748739242555
45609,0.24754834771156312
45610,0.17198109924793242
45611,0.2145387887954712
45612,0.2260661542415619
45613,0.21166086196899414
45614,0.22029944658279418
45615,0.19938976168632508
45616,0.1686332881450653
45617,0.16696592569351196
45618,0.2459350198507309
45619,0.2225430965423584
45620,0.16290944814682007
45621,0.20823570489883422
45622,0.19811032116413116
45623,0.2176015019416809
45624,0.2340756744146347
45625,0.2438582271337509
45626,0.13694474697113038
45627,0.22829304039478301
45628,0.13587666898965836
45629,0.12614391297101973
45630,0.16731241941452027
45631,0.21331866085529327
45632,0.19160728752613068
45633,0.21015890836715698
45634,0.2288509875535965
45635,0.1952071726322174
45636,0.1302353024482727
45637,0.14211818277835847
45638,0.274933797121048
45639,0.18226615190505982
45640,0.18304815590381623
45641,0.19165630936622619
45642,0.19751132130622864
45643,0.18217141032218934
45644,0.21589407324790955
45645,0.1889782041311264
45646,0.15718110501766205
45647,0.26051338016986847
45648,0.14615505635738374
45649,0.21747079491615295
45650,0.169810152053833
45651,0.20080739855766297
45652,0.18230665028095244
45653,0.30134799480438235
45654,0.17176790833473204
45655,0.18906965851783752
45656,0.17998490631580352
45657,0.21322894990444183
45658,0.16796239018440245
45659,0.22386356294155121
45660,0.16874864995479583
45661,0.23301025331020356
45662,0.18984472155570983
45663,0.21057191491127014
45664,0.19811606109142305
45665,0.25330500602722167
45666,0.2452487528324127
45667,0.23154669404029846
45668,0.315997040271759
45669,0.17481928169727326
45670,0.17557002305984498
45671,0.24082539975643158
45672,0.15267392992973328
45673,0.24709584414958954
45674,0.1781177431344986
45675,0.2724786698818207
45676,0.22110774219036103
45677,0.2202592670917511
45678,0.3213967263698578
45679,0.21963255107402802
45680,0.22064540386199952
45681,0.1841348022222519
45682,0.16495019793510438
45683,0.1975835531949997
45684,0.1337229609489441
45685,0.21078433096408844
45686,0.360193133354187
45687,0.281588950753212
45688,0.20773412585258483
45689,0.22491178810596466
45690,0.14054297655820847
45691,0.15386857688426972
45692,0.2527485340833664
45693,0.171419095993042
45694,0.2469154417514801
45695,0.19160341918468476
45696,0.1345762401819229
45697,0.27368839979171755
45698,0.15799117982387542
45699,0.23852407932281494
45700,0.2895062446594238
45701,0.18592339158058166
45702,0.19341681003570557
45703,0.248209547996521
45704,0.20194397270679473
45705,0.18354981541633605
45706,0.2361000210046768
45707,0.16555272340774535
45708,0.2629224181175232
45709,0.14265471696853638
45710,0.1601921260356903
45711,0.2141120105981827
45712,0.1556962698698044
45713,0.2743339717388153
45714,0.25461795926094055
45715,0.22817497253417968
45716,0.2521729081869125
45717,0.16169738173484802
45718,0.21431716084480285
45719,0.18937333226203917
45720,0.16562017798423767
45721,0.22285295724868776
45722,0.21920466125011445
45723,0.17560365200042724
45724,0.15186769962310792
45725,0.22985903918743134
45726,0.13410568684339524
45727,0.21585568487644197
45728,0.1925772935152054
45729,0.17238364219665528
45730,0.2475240409374237
45731,0.17384020388126373
45732,0.2146436244249344
45733,0.16975582242012024
45734,0.23072318136692047
45735,0.24057224690914153
45736,0.28946029841899873
45737,0.26476469039916994
45738,0.21046890020370485
45739,0.13376828134059907
45740,0.2384532779455185
45741,0.24987194538116456
45742,0.24109485149383544
45743,0.1992156982421875
45744,0.2904870927333832
45745,0.14965372979640962
45746,0.16376726627349852
45747,0.24050184786319734
45748,0.18453578650951385
45749,0.20404207110404968
45750,0.16401891708374022
45751,0.17255786657333375
45752,0.21278788447380065
45753,0.2317382961511612
45754,0.17698706090450286
45755,0.311857545375824
45756,0.18930282592773437
45757,0.30527655482292176
45758,0.21380864977836608
45759,0.19543136656284332
45760,0.14215328693389892
45761,0.1860907793045044
45762,0.18617651760578155
45763,0.19911015033721924
45764,0.16838810741901397
45765,0.25791776478290557
45766,0.2437487930059433
45767,0.18987280130386353
45768,0.2224481999874115
45769,0.21777459979057312
45770,0.14825422167778016
45771,0.18353608548641204
45772,0.20138916671276091
45773,0.17069567739963531
45774,0.30353592038154603
45775,0.15630431473255157
45776,0.18956955671310424
45777,0.281343013048172
45778,0.22546762526035308
45779,0.16530055403709412
45780,0.25938197374343874
45781,0.13693973571062087
45782,0.22596840262413026
45783,0.15728623121976854
45784,0.16626721620559692
45785,0.17511290907859803
45786,0.2055322617292404
45787,0.18790929317474364
45788,0.21209605634212494
45789,0.17590983510017394
45790,0.14692771136760713
45791,0.3142094433307648
45792,0.17710249423980712
45793,0.1346276432275772
45794,0.13662413209676744
45795,0.1865601658821106
45796,0.16288056075572968
45797,0.20431133210659028
45798,0.19625213742256165
45799,0.2679360926151276
45800,0.2114596962928772
45801,0.1826041519641876
45802,0.13188686668872834
45803,0.18661696314811707
45804,0.20882351696491241
45805,0.18748368322849274
45806,0.2399984449148178
45807,0.18537363409996033
45808,0.22575297057628632
45809,0.17821628451347352
45810,0.14986479580402373
45811,0.15617654025554656
45812,0.2535372585058212
45813,0.24036600589752197
45814,0.29099386632442475
45815,0.2468920737504959
45816,0.1547129899263382
45817,0.18638668060302735
45818,0.175965416431427
45819,0.14920088052749633
45820,0.14149043411016465
45821,0.22426456212997437
45822,0.19379491209983826
45823,0.2014588326215744
45824,0.1980127513408661
45825,0.17757613360881805
45826,0.23849088549613953
45827,0.2569724380970001
45828,0.19237589836120605
45829,0.277581650018692
45830,0.17422629594802858
45831,0.267996671795845
45832,0.19413336515426635
45833,0.15600397288799286
45834,0.21015884578227997
45835,0.2428566426038742
45836,0.17016482055187226
45837,0.1988575726747513
45838,0.21590449512004853
45839,0.2120909422636032
45840,0.17715287506580352
45841,0.18941619098186493
45842,0.2067455142736435
45843,0.18414367735385895
45844,0.16087977290153505
45845,0.1875748425722122
45846,0.1676980137825012
45847,0.15473172217607498
45848,0.14997455477714539
45849,0.23909841179847718
45850,0.22599909603595733
45851,0.15587395876646043
45852,0.30628158450126647
45853,0.20704559981822968
45854,0.16701721549034118
45855,0.22460441291332245
45856,0.2681203305721283
45857,0.22320522367954254
45858,0.14881303608417512
45859,0.193139711022377
45860,0.21523042917251586
45861,0.2214358538389206
45862,0.30613131523132325
45863,0.14509889483451843
45864,0.20340970754623414
45865,0.19786010980606078
45866,0.23620889484882354
45867,0.14509492814540864
45868,0.25866319239139557
45869,0.16267018914222717
45870,0.2131791293621063
45871,0.21360834538936616
45872,0.23470044136047363
45873,0.20507421493530273
45874,0.22608190178871154
45875,0.2133075177669525
45876,0.13492601215839387
45877,0.28284061551094053
45878,0.3216625988483429
45879,0.3084655821323395
45880,0.2724879771471024
45881,0.2018054395914078
45882,0.1571358025074005
45883,0.13732538372278214
45884,0.19532641172409057
45885,0.1721097618341446
45886,0.19809445440769197
45887,0.14130356162786484
45888,0.2159411132335663
45889,0.2119553029537201
45890,0.32735353112220766
45891,0.17115989625453948
45892,0.17886719703674317
45893,0.18588317334651946
45894,0.15595962703227997
45895,0.2713633358478546
45896,0.2385183423757553
45897,0.15828241109848024
45898,0.2694356232881546
45899,0.1740570217370987
45900,0.3121794104576111
45901,0.2588210254907608
45902,0.2084088981151581
45903,0.16113225519657134
45904,0.3144750535488129
45905,0.1621483415365219
45906,0.18242199420928956
45907,0.19434511959552764
45908,0.20930011868476867
45909,0.18577007651329042
45910,0.2215111643075943
45911,0.22007853984832765
45912,0.21078763008117676
45913,0.21783553659915925
45914,0.20908884704113007
45915,0.15564160645008088
45916,0.17094860672950746
45917,0.23235784471035004
45918,0.23151440918445587
45919,0.14367482513189317
45920,0.20878461599349976
45921,0.22812757194042205
45922,0.1872202515602112
45923,0.1698349177837372
45924,0.2264614075422287
45925,0.19571540057659148
45926,0.17982772290706633
45927,0.18043600022792816
45928,0.20741070806980133
45929,0.2650241255760193
45930,0.2017197996377945
45931,0.20649170577526094
45932,0.1517920672893524
45933,0.24945495128631592
45934,0.21012817621231078
45935,0.22540948688983917
45936,0.16870543360710144
45937,0.19573626220226287
45938,0.25603739619255067
45939,0.2767802804708481
45940,0.23230788707733155
45941,0.19707701802253724
45942,0.22177642285823823
45943,0.20261907577514648
45944,0.17403269708156585
45945,0.12276699244976044
45946,0.21460576951503754
45947,0.2359821617603302
45948,0.1773221492767334
45949,0.16229929625988007
45950,0.12941739857196807
45951,0.15749048590660095
45952,0.20118629336357116
45953,0.22321462333202363
45954,0.2679651498794556
45955,0.20893401205539702
45956,0.17836174964904786
45957,0.17869816422462464
45958,0.19398247003555297
45959,0.2407452017068863
45960,0.22270929515361787
45961,0.19723320603370667
45962,0.14408784210681916
45963,0.28865906596183777
45964,0.17508920133113862
45965,0.16660278737545015
45966,0.15322768688201904
45967,0.2758699804544449
45968,0.14521270394325256
45969,0.204710391163826
45970,0.178265979886055
45971,0.16827799379825592
45972,0.19321927428245544
45973,0.21248844265937805
45974,0.22447142601013184
45975,0.20665266811847688
45976,0.23840489089488984
45977,0.1731324166059494
45978,0.1656513214111328
45979,0.21232804358005525
45980,0.165526881814003
45981,0.19616584479808807
45982,0.15852008759975433
45983,0.2855823069810867
45984,0.26366285383701327
45985,0.2210001140832901
45986,0.2935385525226593
45987,0.28570465445518495
45988,0.14530112743377685
45989,0.28613645434379575
45990,0.12427390068769455
45991,0.2421468734741211
45992,0.3164569854736328
45993,0.2638308435678482
45994,0.16856703162193298
45995,0.12517293095588683
45996,0.22677192389965056
45997,0.2174020677804947
45998,0.10501067191362382
45999,0.3116918444633484
46000,0.16405149102210997
46001,0.17468761503696442
46002,0.16849428713321685
46003,0.23789770007133484
46004,0.184827584028244
46005,0.212858384847641
46006,0.14704640358686447
46007,0.1460152104496956
46008,0.18305808901786805
46009,0.1832702189683914
46010,0.19619878828525544
46011,0.2406012922525406
46012,0.2763992786407471
46013,0.28536134362220766
46014,0.1659302294254303
46015,0.17921276092529298
46016,0.23312730193138123
46017,0.1851532906293869
46018,0.2973764717578888
46019,0.2588028609752655
46020,0.17476000785827636
46021,0.1646210253238678
46022,0.17297885119915007
46023,0.200290247797966
46024,0.18260823488235473
46025,0.17930620014667512
46026,0.24344800114631654
46027,0.15448624193668364
46028,0.17560511827468872
46029,0.28693888485431673
46030,0.19341580271720887
46031,0.21230529248714447
46032,0.20462895035743714
46033,0.1692678898572922
46034,0.26837588250637057
46035,0.19616937041282653
46036,0.21846030354499818
46037,0.28815431892871857
46038,0.15764877796173096
46039,0.2078169047832489
46040,0.18610771894454955
46041,0.2250237613916397
46042,0.15782352089881896
46043,0.18958760499954225
46044,0.21545247733592987
46045,0.23804711997509004
46046,0.14731841385364533
46047,0.30609758496284484
46048,0.1851324051618576
46049,0.19975077211856843
46050,0.23954987525939941
46051,0.2730301946401596
46052,0.15614320039749147
46053,0.2537712037563324
46054,0.22599928677082062
46055,0.16294021904468536
46056,0.14052288234233856
46057,0.14443068206310272
46058,0.1967087745666504
46059,0.17618672847747802
46060,0.32097846269607544
46061,0.1981947898864746
46062,0.13379459232091903
46063,0.19927659034729003
46064,0.24828056395053863
46065,0.22172087728977202
46066,0.24025623500347137
46067,0.1446472406387329
46068,0.1868043452501297
46069,0.2148447275161743
46070,0.2651489794254303
46071,0.1424847811460495
46072,0.17371057569980622
46073,0.21860356032848358
46074,0.22107990384101867
46075,0.1585227757692337
46076,0.15867070257663726
46077,0.17362116277217865
46078,0.23884811103343964
46079,0.1575816661119461
46080,0.22157554626464843
46081,0.17052717506885529
46082,0.20719186067581177
46083,0.17345951199531556
46084,0.19932410717010499
46085,0.12222549170255662
46086,0.16560398936271667
46087,0.15909696817398072
46088,0.15806287825107573
46089,0.1841812551021576
46090,0.26328347623348236
46091,0.25242200791835784
46092,0.18066500425338744
46093,0.20851438939571382
46094,0.20216347873210908
46095,0.25292264521121977
46096,0.1999359428882599
46097,0.19337735772132875
46098,0.2748656660318375
46099,0.1548667460680008
46100,0.19919367432594298
46101,0.1649545192718506
46102,0.23890328109264375
46103,0.22754597961902617
46104,0.25682270228862764
46105,0.1898663818836212
46106,0.23649076819419862
46107,0.22190161645412446
46108,0.22289741039276123
46109,0.21998532712459565
46110,0.2181393802165985
46111,0.1946512818336487
46112,0.19110388159751893
46113,0.20815397202968597
46114,0.19361248314380647
46115,0.15909070074558257
46116,0.15697161257266998
46117,0.36136524081230165
46118,0.25082735121250155
46119,0.23262766897678375
46120,0.26379723846912384
46121,0.1984460562467575
46122,0.18724519312381743
46123,0.20686040818691254
46124,0.17659108340740204
46125,0.20382971167564393
46126,0.21075873374938964
46127,0.3014412522315979
46128,0.2062387466430664
46129,0.15148704051971434
46130,0.23784369528293609
46131,0.18947736620903016
46132,0.16436510384082795
46133,0.22414204180240632
46134,0.22509300708770752
46135,0.2571875661611557
46136,0.2514256417751312
46137,0.2105932503938675
46138,0.1921288400888443
46139,0.24896228909492493
46140,0.19001615345478057
46141,0.2346929579973221
46142,0.1438920646905899
46143,0.16734128594398498
46144,0.20301949381828308
46145,0.19085300266742705
46146,0.18785424530506134
46147,0.23849059045314788
46148,0.2102223038673401
46149,0.251431280374527
46150,0.20791471898555755
46151,0.27062303721904757
46152,0.22948040068149567
46153,0.18200106620788575
46154,0.1816493570804596
46155,0.2203469306230545
46156,0.2381323218345642
46157,0.18991126716136933
46158,0.19786193072795868
46159,0.20075858235359192
46160,0.13775446712970735
46161,0.1721131056547165
46162,0.18712762296199797
46163,0.26156093180179596
46164,0.18269922137260436
46165,0.17689031660556792
46166,0.1483948662877083
46167,0.24544351398944855
46168,0.132498599588871
46169,0.28468251824378965
46170,0.25322637259960173
46171,0.26959097385406494
46172,0.2155926525592804
46173,0.19803450405597686
46174,0.18763050436973572
46175,0.20662882030010224
46176,0.21653388142585756
46177,0.30161664485931394
46178,0.22524061799049377
46179,0.1925814300775528
46180,0.13822243213653565
46181,0.14178513139486312
46182,0.21634944081306456
46183,0.26680047512054444
46184,0.167775496840477
46185,0.14725128263235093
46186,0.23508536219596862
46187,0.2913641095161438
46188,0.22554692327976228
46189,0.1604265034198761
46190,0.17381278276443482
46191,0.256610369682312
46192,0.20396091639995576
46193,0.2349474847316742
46194,0.20587109625339509
46195,0.24502725899219513
46196,0.16697842478752137
46197,0.18576543927192687
46198,0.18395219445228578
46199,0.29794923067092893
46200,0.2642273187637329
46201,0.21224957406520845
46202,0.18442566990852355
46203,0.19255506694316865
46204,0.3539445877075195
46205,0.1737028181552887
46206,0.18543613255023955
46207,0.3536161661148071
46208,0.30154627561569214
46209,0.2767537981271744
46210,0.15692674219608307
46211,0.1681418836116791
46212,0.17535915672779084
46213,0.2401577651500702
46214,0.22446453273296357
46215,0.11222173124551774
46216,0.15127635896205902
46217,0.21802050173282622
46218,0.15073346793651582
46219,0.19269537031650544
46220,0.2523906409740448
46221,0.21220133900642396
46222,0.23972608149051666
46223,0.20604677498340607
46224,0.18782612681388855
46225,0.16893599629402162
46226,0.21205415427684784
46227,0.19140872061252595
46228,0.17173883616924285
46229,0.2106427103281021
46230,0.21071778237819672
46231,0.18549144566059111
46232,0.2924377530813217
46233,0.20216542780399321
46234,0.19841042757034302
46235,0.2373627543449402
46236,0.21505647897720337
46237,0.16963092982769012
46238,0.2970158338546753
46239,0.15385679751634598
46240,0.2222616881132126
46241,0.27157402634620664
46242,0.1752752184867859
46243,0.15512925386428833
46244,0.15488019585609436
46245,0.1387166917324066
46246,0.27136567831039426
46247,0.23450786769390106
46248,0.15987708270549775
46249,0.17813577651977539
46250,0.17475922107696534
46251,0.18735167682170867
46252,0.17719177007675171
46253,0.15926522612571717
46254,0.18312933146953583
46255,0.24133027493953704
46256,0.1894218921661377
46257,0.23304770588874818
46258,0.19127437174320222
46259,0.1836418479681015
46260,0.12076577097177506
46261,0.2525988519191742
46262,0.25776309072971343
46263,0.24600591659545898
46264,0.23273188173770903
46265,0.2134747177362442
46266,0.13012028783559798
46267,0.1971903622150421
46268,0.1329914540052414
46269,0.23077758848667146
46270,0.24807812571525573
46271,0.20255123376846312
46272,0.2618330866098404
46273,0.20344673097133636
46274,0.2084202527999878
46275,0.17071227133274078
46276,0.17079078853130342
46277,0.20356145799160003
46278,0.19743114113807678
46279,0.1728297382593155
46280,0.26942393481731414
46281,0.17299276292324067
46282,0.20250937044620515
46283,0.26053303480148315
46284,0.2032354474067688
46285,0.23713422417640687
46286,0.19562091529369355
46287,0.2266150861978531
46288,0.16832453310489653
46289,0.18952792882919312
46290,0.2944172501564026
46291,0.15090852081775666
46292,0.19455980360507966
46293,0.26205170154571533
46294,0.23498023450374603
46295,0.2536435008049011
46296,0.2637351393699646
46297,0.19968104362487793
46298,0.27941876351833345
46299,0.30856897234916686
46300,0.1942341446876526
46301,0.2062365233898163
46302,0.2849889934062958
46303,0.22272948026657105
46304,0.1405824303627014
46305,0.15990501940250396
46306,0.17844970822334288
46307,0.20933113992214203
46308,0.22437667846679688
46309,0.3016745030879974
46310,0.2014312356710434
46311,0.15941616594791413
46312,0.20093987882137299
46313,0.2241588979959488
46314,0.1865050345659256
46315,0.15890615284442902
46316,0.25876725614070895
46317,0.22614908516407012
46318,0.1615539014339447
46319,0.1997545301914215
46320,0.2522731453180313
46321,0.2832717508077621
46322,0.28825436234474183
46323,0.3388496398925781
46324,0.24111906588077545
46325,0.3514616370201111
46326,0.21661599576473237
46327,0.17060179114341736
46328,0.24891270697116852
46329,0.17575311064720153
46330,0.20239159166812898
46331,0.22694800794124603
46332,0.26969939172267915
46333,0.24460881054401398
46334,0.1426810786128044
46335,0.3475206971168518
46336,0.20472775399684906
46337,0.17836148142814637
46338,0.212642702460289
46339,0.15891605615615845
46340,0.23408058583736419
46341,0.25431526005268096
46342,0.1907938152551651
46343,0.23957341015338898
46344,0.2197754830121994
46345,0.2539923995733261
46346,0.17872845232486725
46347,0.15498180091381072
46348,0.2138197898864746
46349,0.1883886992931366
46350,0.27796844244003294
46351,0.16376878321170807
46352,0.2309819668531418
46353,0.18329920172691344
46354,0.2698870420455933
46355,0.21525631546974183
46356,0.18012394905090331
46357,0.18702199757099153
46358,0.1869296431541443
46359,0.15923164188861846
46360,0.21752223670482634
46361,0.20932198464870452
46362,0.20109420120716096
46363,0.20769015252590178
46364,0.19960618615150452
46365,0.25057732462883
46366,0.1784482181072235
46367,0.18177323341369628
46368,0.22990333437919616
46369,0.20973874628543854
46370,0.2167917549610138
46371,0.16522501707077025
46372,0.22976325154304506
46373,0.18232483565807342
46374,0.29478607177734373
46375,0.23097795844078065
46376,0.18257474303245544
46377,0.16118723154067993
46378,0.2814487248659134
46379,0.1591915100812912
46380,0.11803221553564072
46381,0.1815140038728714
46382,0.14403965473175048
46383,0.2191291332244873
46384,0.23428316712379454
46385,0.18965578377246856
46386,0.1883381873369217
46387,0.1489508032798767
46388,0.18030670881271363
46389,0.15317454636096955
46390,0.2402888298034668
46391,0.1133094534277916
46392,0.2517268478870392
46393,0.2969033598899841
46394,0.1639715313911438
46395,0.14452025145292283
46396,0.18489801585674287
46397,0.2572058439254761
46398,0.27129400670528414
46399,0.2240789532661438
46400,0.21797101497650145
46401,0.15156019926071168
46402,0.17679374516010285
46403,0.23381609320640565
46404,0.2054364264011383
46405,0.17256044447422028
46406,0.2150154083967209
46407,0.18565149903297423
46408,0.17806320190429686
46409,0.17654242515563964
46410,0.2818317413330078
46411,0.2195711463689804
46412,0.2523824870586395
46413,0.19611015319824218
46414,0.26255830824375154
46415,0.233897864818573
46416,0.2012636512517929
46417,0.24954988360404967
46418,0.25350354313850404
46419,0.24662609696388244
46420,0.15330421179533005
46421,0.16261962950229644
46422,0.24400218427181244
46423,0.1789209008216858
46424,0.21865513622760774
46425,0.18455862402915954
46426,0.1549736112356186
46427,0.1538821965456009
46428,0.22794406712055207
46429,0.23508522808551788
46430,0.17657294273376464
46431,0.17193042933940889
46432,0.2996215522289276
46433,0.21441665887832642
46434,0.17625511288642884
46435,0.19420200884342192
46436,0.17780401110649108
46437,0.16921577155590056
46438,0.1990606367588043
46439,0.1389628082513809
46440,0.1850304365158081
46441,0.2583027005195618
46442,0.17675523459911346
46443,0.10592974573373795
46444,0.2003278225660324
46445,0.18533066511154175
46446,0.2188635528087616
46447,0.1632189691066742
46448,0.21302737891674042
46449,0.2576445758342743
46450,0.15329570472240447
46451,0.1977657586336136
46452,0.17075814604759215
46453,0.16790106594562532
46454,0.1919183164834976
46455,0.22495840191841127
46456,0.18507722318172454
46457,0.18331463634967804
46458,0.30267406702041627
46459,0.15378442406654358
46460,0.33051914572715757
46461,0.20556154251098632
46462,0.17676765322685242
46463,0.22044250667095183
46464,0.20268695652484894
46465,0.1666100561618805
46466,0.18435032963752745
46467,0.21690745949745177
46468,0.21604503989219664
46469,0.22300394177436828
46470,0.16144562959671022
46471,0.20065092742443086
46472,0.2327907681465149
46473,0.19288650006055832
46474,0.17581810653209687
46475,0.18545163571834564
46476,0.18036315739154815
46477,0.26262215077877044
46478,0.18243722319602967
46479,0.18275604546070098
46480,0.1966542571783066
46481,0.24643802046775817
46482,0.19770391285419464
46483,0.19239870309829712
46484,0.16107356548309326
46485,0.21259957253932954
46486,0.32026744484901426
46487,0.18768228888511657
46488,0.26921294927597045
46489,0.19091608226299286
46490,0.13835579603910447
46491,0.20171003937721252
46492,0.16898772716522217
46493,0.1702492505311966
46494,0.22878165543079376
46495,0.19380080699920654
46496,0.16849305331707
46497,0.2161307156085968
46498,0.14902344942092896
46499,0.15071687698364258
46500,0.19204940497875214
46501,0.18170032501220704
46502,0.23554157614707946
46503,0.2114777833223343
46504,0.18584024310112
46505,0.19514555633068084
46506,0.21351251304149627
46507,0.16795514822006224
46508,0.1513153463602066
46509,0.23496100902557374
46510,0.17426384389400482
46511,0.20432712137699127
46512,0.18618752360343932
46513,0.20713252425193787
46514,0.20708108246326445
46515,0.23987345695495604
46516,0.2789767742156982
46517,0.1743362456560135
46518,0.18058093190193175
46519,0.2444338858127594
46520,0.17037034928798675
46521,0.16495439410209656
46522,0.16875716149806977
46523,0.17879133820533752
46524,0.24148147106170653
46525,0.18366533517837524
46526,0.21706826388835906
46527,0.17277826964855195
46528,0.16768880188465118
46529,0.18062656223773957
46530,0.16987888813018798
46531,0.3197472929954529
46532,0.18687171638011932
46533,0.25165595710277555
46534,0.18337077498435975
46535,0.1948363870382309
46536,0.17918013632297516
46537,0.16675959825515746
46538,0.17847000658512116
46539,0.19458772540092467
46540,0.20960253477096558
46541,0.18994706869125366
46542,0.17672656178474427
46543,0.3024437427520752
46544,0.2642138719558716
46545,0.26114661395549776
46546,0.17921564877033233
46547,0.2308371365070343
46548,0.1979460597038269
46549,0.2146318733692169
46550,0.16897784769535065
46551,0.1841234713792801
46552,0.22951588928699493
46553,0.19290424585342408
46554,0.15604343712329866
46555,0.19142566323280336
46556,0.16586872041225434
46557,0.2537152051925659
46558,0.17770243287086487
46559,0.14999455511569976
46560,0.3055452942848206
46561,0.2176845043897629
46562,0.1595229208469391
46563,0.14835307896137237
46564,0.21943190097808837
46565,0.21883347630500793
46566,0.21280380189418793
46567,0.3224945664405823
46568,0.22459743320941924
46569,0.19111997485160828
46570,0.2651819705963135
46571,0.21673565208911896
46572,0.17767775058746338
46573,0.18287821114063263
46574,0.216338711977005
46575,0.18724303245544432
46576,0.3095813989639282
46577,0.1476226806640625
46578,0.13531051129102706
46579,0.1953826516866684
46580,0.25230391323566437
46581,0.21738354563713075
46582,0.2606813609600067
46583,0.11869900375604629
46584,0.16398342251777648
46585,0.2793844401836395
46586,0.19214252531528472
46587,0.14579724073410033
46588,0.18940481245517732
46589,0.1996169298887253
46590,0.1817033350467682
46591,0.20836969316005707
46592,0.15851339399814607
46593,0.34516159296035764
46594,0.15504301190376282
46595,0.2555282682180405
46596,0.15060680210590363
46597,0.2596463829278946
46598,0.15652885735034944
46599,0.23046018779277802
46600,0.21967837810516358
46601,0.18883481621742249
46602,0.1492296874523163
46603,0.1831656813621521
46604,0.18662989139556885
46605,0.31553115844726565
46606,0.29603859782218933
46607,0.19026320576667785
46608,0.1889454960823059
46609,0.16889810860157012
46610,0.1808182954788208
46611,0.16764601171016694
46612,0.1776873618364334
46613,0.16810620129108428
46614,0.21290737390518188
46615,0.16745748817920686
46616,0.2478555053472519
46617,0.16844133138656617
46618,0.2891594707965851
46619,0.3112617373466492
46620,0.1890185832977295
46621,0.18413741290569305
46622,0.250055655837059
46623,0.19305015504360198
46624,0.11909185796976089
46625,0.3413058936595917
46626,0.13955117613077164
46627,0.23394789695739746
46628,0.1816382735967636
46629,0.20981639623641968
46630,0.27183088958263396
46631,0.26779432892799376
46632,0.23095897138118743
46633,0.21681868135929108
46634,0.16909236907958985
46635,0.15864126980304719
46636,0.1630145162343979
46637,0.1752701759338379
46638,0.2217755913734436
46639,0.18002632558345794
46640,0.23283116221427919
46641,0.21328798234462737
46642,0.19670435786247253
46643,0.1897353857755661
46644,0.23049503862857817
46645,0.2116384357213974
46646,0.1740579754114151
46647,0.15018125921487807
46648,0.22268624901771544
46649,0.13996439874172212
46650,0.19931282997131347
46651,0.2865910232067108
46652,0.23772264420986175
46653,0.17412180006504058
46654,0.19555442035198212
46655,0.2507850170135498
46656,0.23976949155330657
46657,0.2974641561508179
46658,0.14395138025283813
46659,0.25446579456329343
46660,0.2513851195573807
46661,0.2062785357236862
46662,0.1687716066837311
46663,0.13332994729280473
46664,0.22747536301612853
46665,0.2415822982788086
46666,0.18867409527301787
46667,0.2066033035516739
46668,0.23664157092571259
46669,0.16820689141750336
46670,0.28037420511245725
46671,0.172965869307518
46672,0.23871821761131287
46673,0.2383768826723099
46674,0.19505623281002044
46675,0.21020301282405854
46676,0.196822190284729
46677,0.22424998879432678
46678,0.24610847532749175
46679,0.26302845776081085
46680,0.17660475373268128
46681,0.17452988922595977
46682,0.21296560168266296
46683,0.24965382516384124
46684,0.21190653443336488
46685,0.1819712460041046
46686,0.1242423802614212
46687,0.2672286778688431
46688,0.1606181025505066
46689,0.1685622215270996
46690,0.18145411014556884
46691,0.18236434161663057
46692,0.18343247175216676
46693,0.25992284119129183
46694,0.20430031716823577
46695,0.2220545381307602
46696,0.17624224722385406
46697,0.1971388727426529
46698,0.2112924724817276
46699,0.12769512385129927
46700,0.15788022428750992
46701,0.2728141248226166
46702,0.1515401542186737
46703,0.20531933307647704
46704,0.27955461144447324
46705,0.2262895315885544
46706,0.1911383241415024
46707,0.15565399527549745
46708,0.15657485127449036
46709,0.17045707106590272
46710,0.25318002998828887
46711,0.1853411912918091
46712,0.18320205211639404
46713,0.2058437705039978
46714,0.17205990552902223
46715,0.16261486411094667
46716,0.20487648546695708
46717,0.15620422065258027
46718,0.16734370589256287
46719,0.17860353589057923
46720,0.21658157110214232
46721,0.27174068093299864
46722,0.2616253048181534
46723,0.20964314937591552
46724,0.20600214302539827
46725,0.20574550926685334
46726,0.2271018236875534
46727,0.16177091598510743
46728,0.19126660525798797
46729,0.2421237677335739
46730,0.29510160684585574
46731,0.14038290828466415
46732,0.24415140450000763
46733,0.16405043005943298
46734,0.23666394650936126
46735,0.14888801872730256
46736,0.18616997599601745
46737,0.20830934941768647
46738,0.19521537125110627
46739,0.17191759645938873
46740,0.23544410467147828
46741,0.20412083864212036
46742,0.21521563529968263
46743,0.20300005674362182
46744,0.11454997807741166
46745,0.21510963439941405
46746,0.13210211396217347
46747,0.16800937056541443
46748,0.19262309074401857
46749,0.15049844682216645
46750,0.17430094480514527
46751,0.19138951003551483
46752,0.17566551268100739
46753,0.24756965935230255
46754,0.23068119585514069
46755,0.2709339439868927
46756,0.185613277554512
46757,0.13893623352050782
46758,0.13245853185653686
46759,0.17610931098461152
46760,0.24406099021434785
46761,0.32971582412719724
46762,0.1941172868013382
46763,0.1631326198577881
46764,0.23442068696022034
46765,0.220902618765831
46766,0.30598047375679016
46767,0.23504238128662108
46768,0.22642695605754853
46769,0.2744609177112579
46770,0.18035834431648254
46771,0.24402869939804078
46772,0.22852339446544648
46773,0.21903555393218993
46774,0.2340896487236023
46775,0.22159262001514435
46776,0.15526776015758514
46777,0.16552275121212007
46778,0.17475970983505248
46779,0.25094137489795687
46780,0.16355677247047423
46781,0.19698139131069184
46782,0.1695373088121414
46783,0.2168283075094223
46784,0.19449202418327333
46785,0.2260600209236145
46786,0.22112277150154114
46787,0.18983858823776245
46788,0.23412507474422456
46789,0.19504328370094298
46790,0.20039554834365844
46791,0.2008277326822281
46792,0.2764297604560852
46793,0.22200227677822112
46794,0.19551466703414916
46795,0.14963040947914125
46796,0.20948716700077058
46797,0.16309381425380706
46798,0.13579707443714142
46799,0.17446784377098085
46800,0.21890938878059388
46801,0.1687309980392456
46802,0.16063665151596068
46803,0.17037197351455688
46804,0.19334854185581207
46805,0.19760871231555938
46806,0.24080757200717925
46807,0.18953278064727783
46808,0.1605742543935776
46809,0.24124584794044496
46810,0.22813547551631927
46811,0.20240915715694427
46812,0.18002503216266633
46813,0.2195584088563919
46814,0.18921662867069244
46815,0.20485032200813294
46816,0.24105477035045625
46817,0.1975534200668335
46818,0.17567171156406403
46819,0.14164022505283355
46820,0.20149339139461517
46821,0.2043829619884491
46822,0.20817963182926177
46823,0.2645745098590851
46824,0.1476035475730896
46825,0.2417689472436905
46826,0.2514241009950638
46827,0.19783195853233337
46828,0.22134423851966858
46829,0.2991602122783661
46830,0.2103252351284027
46831,0.3170659184455872
46832,0.29109925627708433
46833,0.15244041681289672
46834,0.1521579623222351
46835,0.20561521053314208
46836,0.20682716369628906
46837,0.16137248873710633
46838,0.20795652866363526
46839,0.1647194057703018
46840,0.19402604401111603
46841,0.18673622310161592
46842,0.20470744371414185
46843,0.3280689001083374
46844,0.15801911056041718
46845,0.1560686856508255
46846,0.18706280291080474
46847,0.1482870638370514
46848,0.13790519088506697
46849,0.13010477125644684
46850,0.24766241610050202
46851,0.14877341091632842
46852,0.2326928198337555
46853,0.2990798532962799
46854,0.2207460194826126
46855,0.1666636973619461
46856,0.15755284428596497
46857,0.1979330986738205
46858,0.16649107038974761
46859,0.27791331708431244
46860,0.2163710981607437
46861,0.19093522429466248
46862,0.2262711703777313
46863,0.18651048243045806
46864,0.2450989603996277
46865,0.27955637872219086
46866,0.1783287137746811
46867,0.12985680550336837
46868,0.26275632381439207
46869,0.13523106575012206
46870,0.2809798389673233
46871,0.20326579809188844
46872,0.2807492733001709
46873,0.30037915110588076
46874,0.16417797803878784
46875,0.2211814343929291
46876,0.1807453602552414
46877,0.20648410618305207
46878,0.19943785667419434
46879,0.21834141314029692
46880,0.21371299624443055
46881,0.2780268877744675
46882,0.27980979084968566
46883,0.29814221858978274
46884,0.25340338349342345
46885,0.19816436469554902
46886,0.238011372089386
46887,0.17601122558116913
46888,0.2006104826927185
46889,0.22381462752819062
46890,0.2623421013355255
46891,0.21116199791431428
46892,0.1496134430170059
46893,0.17134108543395996
46894,0.19918178617954255
46895,0.2172645092010498
46896,0.2061076819896698
46897,0.19704123735427856
46898,0.19449798464775087
46899,0.22316157221794128
46900,0.19206153154373168
46901,0.28808764815330506
46902,0.29669644832611086
46903,0.22669709622859954
46904,0.2485423654317856
46905,0.20822391510009766
46906,0.2343799352645874
46907,0.19973068535327912
46908,0.2523749262094498
46909,0.14964841604232787
46910,0.2341348022222519
46911,0.13249885886907578
46912,0.2251855105161667
46913,0.1628623515367508
46914,0.17747505009174347
46915,0.22501157820224763
46916,0.20985981822013855
46917,0.24435068368911744
46918,0.18241110146045686
46919,0.23132342398166655
46920,0.20932902693748473
46921,0.163930481672287
46922,0.19774690568447112
46923,0.2542295873165131
46924,0.1976866751909256
46925,0.1273940846323967
46926,0.20650354027748108
46927,0.1957109034061432
46928,0.2335143953561783
46929,0.2389739602804184
46930,0.29810328483581544
46931,0.2085888922214508
46932,0.23350354433059692
46933,0.17468505799770356
46934,0.2010786712169647
46935,0.18895361721515655
46936,0.26455515027046206
46937,0.3127570152282715
46938,0.22724990844726561
46939,0.1450875759124756
46940,0.2523368299007416
46941,0.1863700807094574
46942,0.18014520704746245
46943,0.11319753378629685
46944,0.1804967403411865
46945,0.21063341200351715
46946,0.22141630649566652
46947,0.18720663487911224
46948,0.22858164310455323
46949,0.1941183865070343
46950,0.23685399889945985
46951,0.17678520381450652
46952,0.23527374863624573
46953,0.22224025130271913
46954,0.18983639478683473
46955,0.22000759541988374
46956,0.13598503917455673
46957,0.18325687050819398
46958,0.2219786137342453
46959,0.17498501837253572
46960,0.1884054124355316
46961,0.12843364030122756
46962,0.21224116384983063
46963,0.15972330868244172
46964,0.1714368939399719
46965,0.18483116924762727
46966,0.2322596251964569
46967,0.21076958775520324
46968,0.2437057912349701
46969,0.233011656999588
46970,0.16773443818092346
46971,0.18636821806430817
46972,0.24664699733257295
46973,0.18043842017650605
46974,0.16733464896678923
46975,0.29827956557273866
46976,0.2573005646467209
46977,0.2674774885177612
46978,0.1860533058643341
46979,0.23521606028079986
46980,0.29094825983047484
46981,0.19160863161087036
46982,0.23683142364025117
46983,0.22251685559749604
46984,0.29239803552627563
46985,0.23309995830059052
46986,0.19450751841068267
46987,0.3093757271766663
46988,0.12733403593301773
46989,0.2745879769325256
46990,0.2969252228736877
46991,0.2280438482761383
46992,0.20687965750694276
46993,0.22939739227294922
46994,0.19562504589557647
46995,0.23458806574344634
46996,0.3140640497207642
46997,0.21434566080570222
46998,0.15115586370229722
46999,0.18781326413154603
47000,0.24917918741703032
47001,0.18299503326416017
47002,0.21032564342021942
47003,0.2126447081565857
47004,0.2753137558698654
47005,0.18864721655845643
47006,0.2763086766004562
47007,0.19715653955936432
47008,0.18717825710773467
47009,0.24320998787879944
47010,0.2659369707107544
47011,0.15149547159671783
47012,0.2091139703989029
47013,0.212352254986763
47014,0.2875810980796814
47015,0.20293129682540895
47016,0.22322012186050416
47017,0.16048040091991425
47018,0.19056743681430816
47019,0.23107535541057586
47020,0.2923155903816223
47021,0.2018045276403427
47022,0.24767262041568755
47023,0.20761516690254211
47024,0.2564438611268997
47025,0.2220264494419098
47026,0.2395060956478119
47027,0.38014989495277407
47028,0.25712026059627535
47029,0.16853159964084624
47030,0.18379719257354737
47031,0.20385366678237915
47032,0.14371924102306366
47033,0.15343257486820222
47034,0.2857940554618835
47035,0.2037949502468109
47036,0.2872342109680176
47037,0.2191952347755432
47038,0.2033859372138977
47039,0.17710070312023163
47040,0.22319633960723878
47041,0.19836050271987915
47042,0.24408655762672424
47043,0.14675470888614656
47044,0.16773738861083984
47045,0.22017158567905426
47046,0.2610603481531143
47047,0.26964994966983796
47048,0.22700403332710267
47049,0.2052178293466568
47050,0.26099983751773836
47051,0.13454103022813796
47052,0.15370566844940187
47053,0.34309312105178835
47054,0.2518086373806
47055,0.18630673587322236
47056,0.15580524802207946
47057,0.20283577144145964
47058,0.19273834228515624
47059,0.19611938893795014
47060,0.2395327091217041
47061,0.24862021803855897
47062,0.24141995310783387
47063,0.16308889985084535
47064,0.19702073335647582
47065,0.1739499717950821
47066,0.14570310413837434
47067,0.16149370074272157
47068,0.22926416993141174
47069,0.29711450934410094
47070,0.197406804561615
47071,0.2759206801652908
47072,0.16693917214870452
47073,0.15155873000621795
47074,0.30053104758262633
47075,0.2536942571401596
47076,0.18999725580215454
47077,0.27844916880130766
47078,0.20692873895168304
47079,0.2821532666683197
47080,0.2505778193473816
47081,0.1508435755968094
47082,0.20371804535388946
47083,0.2693397492170334
47084,0.23311221599578857
47085,0.1791261166334152
47086,0.1695860058069229
47087,0.19480150043964387
47088,0.15758352279663085
47089,0.21177457869052888
47090,0.21091691255569459
47091,0.1667584866285324
47092,0.1867599219083786
47093,0.18051885962486267
47094,0.1846747875213623
47095,0.22928959429264067
47096,0.18545660972595215
47097,0.17828408777713775
47098,0.18775136768817902
47099,0.1980228453874588
47100,0.19541530609130858
47101,0.11295215785503387
47102,0.1622142493724823
47103,0.24042370915412903
47104,0.19395330548286438
47105,0.19134227335453033
47106,0.21975192427635193
47107,0.23625888228416442
47108,0.19936510026454926
47109,0.22789246141910552
47110,0.22343904078006743
47111,0.25606999099254607
47112,0.24531518816947936
47113,0.16512991786003112
47114,0.1996307849884033
47115,0.22752541899681092
47116,0.17967853248119353
47117,0.20744136571884156
47118,0.16284215152263642
47119,0.28395343124866484
47120,0.18887613117694854
47121,0.15194371342658997
47122,0.18312426805496215
47123,0.22537209689617158
47124,0.16204691529273987
47125,0.2001452624797821
47126,0.1817592829465866
47127,0.20137334764003753
47128,0.18478818833827973
47129,0.23874171674251557
47130,0.27654126286506653
47131,0.19168683290481567
47132,0.17504445016384124
47133,0.22084226906299592
47134,0.1640182763338089
47135,0.2244161456823349
47136,0.2313361406326294
47137,0.14718595445156096
47138,0.21385711133480073
47139,0.20322049260139466
47140,0.23620164692401885
47141,0.24692026078701018
47142,0.1994995266199112
47143,0.2514475882053375
47144,0.21506331264972686
47145,0.2887614846229553
47146,0.26768726408481597
47147,0.20053537487983703
47148,0.29136401414871216
47149,0.18266757428646088
47150,0.2908184230327606
47151,0.23454150557518005
47152,0.18902715146541596
47153,0.22270307540893555
47154,0.2928512990474701
47155,0.17814065217971803
47156,0.18479159772396087
47157,0.16966659128665923
47158,0.24151319563388823
47159,0.16134503185749055
47160,0.1652429759502411
47161,0.16211908161640168
47162,0.15507603585720062
47163,0.23581008315086366
47164,0.3570527136325836
47165,0.1407599225640297
47166,0.146131531894207
47167,0.18545701503753662
47168,0.1455925151705742
47169,0.1768609404563904
47170,0.2209874451160431
47171,0.19310093224048613
47172,0.15407975614070893
47173,0.14744777083396912
47174,0.1814492166042328
47175,0.1731354206800461
47176,0.26214890480041503
47177,0.2438635379076004
47178,0.2072104662656784
47179,0.22867918014526367
47180,0.24753233790397644
47181,0.13412296622991562
47182,0.15775096118450166
47183,0.2404446631669998
47184,0.1650958240032196
47185,0.3259040951728821
47186,0.2397138774394989
47187,0.19622232615947724
47188,0.24716739356517792
47189,0.16689915359020233
47190,0.2280401647090912
47191,0.2865970492362976
47192,0.2334824562072754
47193,0.18282061517238618
47194,0.1774218887090683
47195,0.2095944404602051
47196,0.18199455440044404
47197,0.24393955767154693
47198,0.14626871943473815
47199,0.2641327440738678
47200,0.3079413115978241
47201,0.18914143443107606
47202,0.24101918339729309
47203,0.24303507208824157
47204,0.13424383997917175
47205,0.19966367185115813
47206,0.2219856023788452
47207,0.2017151117324829
47208,0.16435514986515046
47209,0.26616365313529966
47210,0.18678183257579803
47211,0.21648191511631013
47212,0.26229889690876007
47213,0.22798073291778564
47214,0.27303214371204376
47215,0.21792947351932526
47216,0.18679582178592682
47217,0.20405890047550201
47218,0.15842068195343018
47219,0.20756735205650328
47220,0.1526658535003662
47221,0.20365924537181854
47222,0.16822640597820282
47223,0.22955003380775452
47224,0.1504499137401581
47225,0.18043076992034912
47226,0.17421029210090638
47227,0.26264571845531465
47228,0.174894255399704
47229,0.15408844351768494
47230,0.195651113986969
47231,0.19660641252994537
47232,0.2885045051574707
47233,0.2844406276941299
47234,0.21676547527313234
47235,0.20414672195911407
47236,0.16106995940208435
47237,0.30319594740867617
47238,0.25517494082450864
47239,0.16536621749401093
47240,0.28872597217559814
47241,0.19192930459976196
47242,0.21485058665275575
47243,0.23014648854732514
47244,0.16379436552524568
47245,0.19075959622859956
47246,0.26765028238296507
47247,0.20584315955638885
47248,0.22017456889152526
47249,0.20646002292633056
47250,0.18154288232326507
47251,0.27384265661239626
47252,0.18273703157901763
47253,0.24891577064990997
47254,0.24014911949634551
47255,0.18240087032318114
47256,0.1989218235015869
47257,0.2017094761133194
47258,0.18947710692882538
47259,0.26520976424217224
47260,0.2064315527677536
47261,0.28451613783836366
47262,0.26544544398784636
47263,0.15495956540107728
47264,0.24573173224925995
47265,0.2594373166561127
47266,0.22040179669857024
47267,0.2218358427286148
47268,0.2108577162027359
47269,0.26988155841827394
47270,0.15506711304187776
47271,0.16761918365955353
47272,0.13677872717380524
47273,0.3096739172935486
47274,0.20023368597030639
47275,0.16200730800628663
47276,0.27243356704711913
47277,0.20953188240528106
47278,0.22417453229427337
47279,0.22674105167388917
47280,0.18478374183177948
47281,0.16193837225437163
47282,0.20277029275894165
47283,0.19165848791599274
47284,0.20554426312446594
47285,0.20191154181957244
47286,0.1387295216321945
47287,0.17517327070236205
47288,0.2748234778642654
47289,0.18203250765800477
47290,0.18418180644512178
47291,0.1617206871509552
47292,0.2449301540851593
47293,0.2001490205526352
47294,0.20922987759113312
47295,0.23700557947158812
47296,0.2271978735923767
47297,0.3110643208026886
47298,0.20929208695888518
47299,0.16260279417037965
47300,0.14611387848854065
47301,0.19585423171520233
47302,0.18047501444816588
47303,0.1509741723537445
47304,0.16841990053653716
47305,0.16730363965034484
47306,0.19651425778865814
47307,0.15449322164058685
47308,0.26452780067920684
47309,0.23231058418750763
47310,0.23904719054698945
47311,0.23529000580310822
47312,0.14735547751188277
47313,0.1394629254937172
47314,0.17422081232070924
47315,0.2042170524597168
47316,0.26607692837715147
47317,0.20647797882556915
47318,0.22744768261909484
47319,0.25341445207595825
47320,0.22776481211185456
47321,0.2195089042186737
47322,0.23541985154151918
47323,0.20040251910686493
47324,0.18311455547809602
47325,0.196825835108757
47326,0.19240542650222778
47327,0.17424265444278716
47328,0.24997258484363555
47329,0.18041341602802277
47330,0.1635301500558853
47331,0.1611294239759445
47332,0.2724307417869568
47333,0.16465993821620942
47334,0.2236333191394806
47335,0.24255741536617278
47336,0.11174477338790893
47337,0.2945687651634216
47338,0.18015162348747255
47339,0.29539589285850526
47340,0.22190222144126892
47341,0.1408293217420578
47342,0.14700291454792022
47343,0.20943020284175873
47344,0.16114854216575622
